,source,compare,col_iguais,col_diferentes,col_dificuldade,country,total_col
2,USA_CSV0000000000033847__4.csv,USA_CSV0000000000037101__2.csv,12,47,0.7966101694915254,USA,59
5,USA_CSV0000000000034882__26.csv,USA_CSV0000000000034882__23.csv,10,37,0.7872340425531915,USA,47
6,USA_CSV0000000000033847__12.csv,USA_CSV0000000000034882__4.csv,13,48,0.7868852459016393,USA,61
8,USA_CSV0000000000034882__13.csv,USA_CSV0000000000033847__16.csv,12,41,0.7735849056603774,USA,53
9,USA_CSV0000000000034882__13.csv,USA_CSV0000000000034882__3.csv,16,47,0.746031746031746,USA,63
10,USA_CSV0000000000034882__29.csv,USA_CSV0000000000034882__6.csv,9,32,0.7804878048780488,USA,41
12,USA_CSV0000000000034882__29.csv,USA_CSV0000000000033847__20.csv,13,50,0.7936507936507936,USA,63
13,USA_CSV0000000000033847__12.csv,USA_CSV0000000000033847__26.csv,16,41,0.7192982456140351,USA,57
15,USA_CSV0000000000035902__16.csv,USA_CSV0000000000035902__2.csv,15,49,0.765625,USA,64
16,USA_CSV0000000000033847__17.csv,USA_CSV0000000000033847__20.csv,13,51,0.796875,USA,64
19,USA_CSV0000000000033847__17.csv,USA_CSV0000000000034882__0.csv,13,48,0.7868852459016393,USA,61
23,USA_CSV0000000000035902__18.csv,USA_CSV0000000000034192.csv,27,89,0.7672413793103449,USA,116
24,USA_CSV0000000000035902__17.csv,USA_CSV0000000000033133.csv,38,75,0.6637168141592921,USA,113
26,USA_CSV0000000000033847__14.csv,USA_CSV0000000000037101__28.csv,16,43,0.7288135593220338,USA,59
28,USA_CSV0000000000034882__29.csv,USA_CSV0000000000033847__15.csv,10,39,0.7959183673469388,USA,49
29,USA_CSV0000000000034882__26.csv,USA_CSV0000000000033847__12.csv,10,39,0.7959183673469388,USA,49
30,USA_CSV0000000000034882__13.csv,USA_CSV0000000000033847__29.csv,15,48,0.7619047619047619,USA,63
31,USA_CSV0000000000035902__15.csv,USA_CSV0000000000033133.csv,38,75,0.6637168141592921,USA,113
33,USA_CSV0000000000033847__17.csv,USA_CSV0000000000033847__8.csv,13,45,0.7758620689655172,USA,58
34,USA_CSV0000000000034882__29.csv,USA_CSV0000000000034882__4.csv,15,43,0.7413793103448276,USA,58
35,USA_CSV0000000000033847__12.csv,USA_CSV0000000000033847__11.csv,13,45,0.7758620689655172,USA,58
36,USA_CSV0000000000033847__14.csv,USA_CSV0000000000033847__26.csv,16,41,0.7192982456140351,USA,57
39,USA_CSV0000000000034882__13.csv,USA_CSV0000000000033847__8.csv,15,46,0.7540983606557377,USA,61
42,USA_CSV0000000000034882__13.csv,USA_CSV0000000000037101__8.csv,15,42,0.7368421052631579,USA,57
44,USA_CSV0000000000037101__16.csv,USA_CSV0000000000034882__0.csv,14,39,0.7358490566037735,USA,53
47,USA_CSV0000000000033847__3.csv,USA_CSV0000000000033847.csv,26,72,0.7346938775510204,USA,98
48,USA_CSV0000000000034882__12.csv,USA_CSV0000000000033847__10.csv,14,48,0.7741935483870968,USA,62
50,USA_CSV0000000000037101__16.csv,USA_CSV0000000000033847__27.csv,16,34,0.68,USA,50
51,USA_CSV0000000000033847__14.csv,USA_CSV0000000000034882__0.csv,13,48,0.7868852459016393,USA,61
52,USA_CSV0000000000035902__18.csv,USA_CSV0000000000033133.csv,38,75,0.6637168141592921,USA,113
54,USA_CSV0000000000033847__4.csv,USA_CSV0000000000034882__14.csv,12,38,0.76,USA,50
68,USA_CSV0000000000035331__30.csv,USA_CSV0000000000035331__7.csv,22,39,0.639344262295082,USA,61
76,USA_CSV0000000000034882__25.csv,USA_CSV0000000000034882__24.csv,27,4,0.1290322580645161,USA,31
89,USA_CSV0000000000033066.csv,USA_CSV0000000000036885.csv,13,27,0.675,USA,40
94,USA_CSV0000000000035712.csv,USA_CSV0000000000033600.csv,16,17,0.5151515151515151,USA,33
95,USA_CSV0000000000034122.csv,USA_CSV0000000000034107.csv,12,19,0.6129032258064516,USA,31
104,USA_CSV0000000000006400.csv,USA_CSV0000000000014928.csv,63,13,0.1710526315789473,USA,76
105,USA_CSV0000000000037101__16.csv,USA_CSV0000000000033847__9.csv,12,40,0.7692307692307693,USA,52
119,USA_CSV0000000000037101__16.csv,USA_CSV0000000000037101__29.csv,12,44,0.7857142857142857,USA,56
122,USA_CSV0000000000037101__16.csv,USA_CSV0000000000037101__24.csv,12,44,0.7857142857142857,USA,56
129,USA_CSV0000000000037101__16.csv,USA_CSV0000000000033847__24.csv,16,34,0.68,USA,50
130,USA_CSV0000000000037101__16.csv,USA_CSV0000000000034882__4.csv,14,39,0.7358490566037735,USA,53
131,USA_CSV0000000000037101__16.csv,USA_CSV0000000000033847__28.csv,16,34,0.68,USA,50
135,USA_CSV0000000000037101__16.csv,USA_CSV0000000000033847__26.csv,16,34,0.68,USA,50
136,USA_CSV0000000000037101__16.csv,USA_CSV0000000000033847__29.csv,16,34,0.68,USA,50
137,USA_CSV0000000000037101__16.csv,USA_CSV0000000000034882__1.csv,14,39,0.7358490566037735,USA,53
160,USA_CSV0000000000033847__5.csv,USA_CSV0000000000037101__3.csv,12,47,0.7966101694915254,USA,59
168,USA_CSV0000000000033847__5.csv,USA_CSV0000000000037101__2.csv,12,47,0.7966101694915254,USA,59
169,USA_CSV0000000000033847__5.csv,USA_CSV0000000000037101__1.csv,12,47,0.7966101694915254,USA,59
170,USA_CSV0000000000033847__5.csv,USA_CSV0000000000037101__0.csv,12,47,0.7966101694915254,USA,59
176,USA_CSV0000000000033847__4.csv,USA_CSV0000000000037101__3.csv,12,47,0.7966101694915254,USA,59
177,USA_CSV0000000000033847__4.csv,USA_CSV0000000000037101__1.csv,12,47,0.7966101694915254,USA,59
181,USA_CSV0000000000033847__4.csv,USA_CSV0000000000037101__0.csv,12,47,0.7966101694915254,USA,59
183,USA_CSV0000000000033847__4.csv,USA_CSV0000000000034882__12.csv,12,38,0.76,USA,50
185,USA_CSV0000000000033847__4.csv,USA_CSV0000000000034882__16.csv,12,38,0.76,USA,50
206,USA_CSV0000000000033847__4.csv,USA_CSV0000000000037101__4.csv,12,47,0.7966101694915254,USA,59
211,USA_CSV0000000000033847__5.csv,USA_CSV0000000000034882__14.csv,12,38,0.76,USA,50
215,USA_CSV0000000000033847__5.csv,USA_CSV0000000000034882__12.csv,12,38,0.76,USA,50
217,USA_CSV0000000000033847__5.csv,USA_CSV0000000000034882__16.csv,12,38,0.76,USA,50
226,USA_CSV0000000000034882__26.csv,USA_CSV0000000000034882__10.csv,9,32,0.7804878048780488,USA,41
227,USA_CSV0000000000034882__26.csv,USA_CSV0000000000033847__24.csv,14,44,0.7586206896551724,USA,58
228,USA_CSV0000000000034882__26.csv,USA_CSV0000000000034882__6.csv,9,32,0.7804878048780488,USA,41
229,USA_CSV0000000000034882__26.csv,USA_CSV0000000000034882__19.csv,10,37,0.7872340425531915,USA,47
231,USA_CSV0000000000034882__26.csv,USA_CSV0000000000033847__28.csv,14,44,0.7586206896551724,USA,58
232,USA_CSV0000000000034882__26.csv,USA_CSV0000000000034882__22.csv,10,37,0.7872340425531915,USA,47
235,USA_CSV0000000000034882__26.csv,USA_CSV0000000000034882__11.csv,9,32,0.7804878048780488,USA,41
236,USA_CSV0000000000034882__26.csv,USA_CSV0000000000034882__9.csv,9,32,0.7804878048780488,USA,41
237,USA_CSV0000000000034882__26.csv,USA_CSV0000000000033847__26.csv,14,44,0.7586206896551724,USA,58
238,USA_CSV0000000000034882__26.csv,USA_CSV0000000000033847__29.csv,14,44,0.7586206896551724,USA,58
239,USA_CSV0000000000034882__26.csv,USA_CSV0000000000034882__21.csv,10,37,0.7872340425531915,USA,47
240,USA_CSV0000000000034882__26.csv,USA_CSV0000000000034882__4.csv,15,43,0.7413793103448276,USA,58
241,USA_CSV0000000000034882__26.csv,USA_CSV0000000000034882__1.csv,15,43,0.7413793103448276,USA,58
242,USA_CSV0000000000034882__26.csv,USA_CSV0000000000034882__5.csv,15,43,0.7413793103448276,USA,58
243,USA_CSV0000000000034882__26.csv,USA_CSV0000000000034882__20.csv,10,37,0.7872340425531915,USA,47
244,USA_CSV0000000000034882__26.csv,USA_CSV0000000000033847__27.csv,14,44,0.7586206896551724,USA,58
245,USA_CSV0000000000034882__26.csv,USA_CSV0000000000034882__2.csv,15,43,0.7413793103448276,USA,58
246,USA_CSV0000000000034882__26.csv,USA_CSV0000000000034882__3.csv,15,43,0.7413793103448276,USA,58
247,USA_CSV0000000000034882__26.csv,USA_CSV0000000000034882__0.csv,15,43,0.7413793103448276,USA,58
250,USA_CSV0000000000034882__26.csv,USA_CSV0000000000033847__19.csv,13,50,0.7936507936507936,USA,63
252,USA_CSV0000000000034882__26.csv,USA_CSV0000000000037101__29.csv,14,46,0.7666666666666667,USA,60
253,USA_CSV0000000000034882__26.csv,USA_CSV0000000000033847__18.csv,13,50,0.7936507936507936,USA,63
254,USA_CSV0000000000034882__26.csv,USA_CSV0000000000033847__20.csv,13,50,0.7936507936507936,USA,63
255,USA_CSV0000000000034882__26.csv,USA_CSV0000000000037101__10.csv,12,42,0.7777777777777778,USA,54
257,USA_CSV0000000000034882__26.csv,USA_CSV0000000000037101__11.csv,12,42,0.7777777777777778,USA,54
261,USA_CSV0000000000034882__26.csv,USA_CSV0000000000033847__21.csv,13,50,0.7936507936507936,USA,63
262,USA_CSV0000000000033847__12.csv,USA_CSV0000000000033847__19.csv,13,51,0.796875,USA,64
263,USA_CSV0000000000033847__12.csv,USA_CSV0000000000037101__29.csv,16,43,0.7288135593220338,USA,59
264,USA_CSV0000000000033847__12.csv,USA_CSV0000000000033847__18.csv,13,51,0.796875,USA,64
265,USA_CSV0000000000033847__12.csv,USA_CSV0000000000033847__20.csv,13,51,0.796875,USA,64
269,USA_CSV0000000000033847__12.csv,USA_CSV0000000000033847__21.csv,13,51,0.796875,USA,64
273,USA_CSV0000000000033847__12.csv,USA_CSV0000000000037101__24.csv,16,43,0.7288135593220338,USA,59
276,USA_CSV0000000000033847__12.csv,USA_CSV0000000000037101__11.csv,14,39,0.7358490566037735,USA,53
277,USA_CSV0000000000033847__12.csv,USA_CSV0000000000037101__10.csv,14,39,0.7358490566037735,USA,53
278,USA_CSV0000000000033847__12.csv,USA_CSV0000000000034882__26.csv,10,39,0.7959183673469388,USA,49
280,USA_CSV0000000000033847__12.csv,USA_CSV0000000000034882__28.csv,10,39,0.7959183673469388,USA,49
282,USA_CSV0000000000033847__12.csv,USA_CSV0000000000037101__8.csv,14,39,0.7358490566037735,USA,53
283,USA_CSV0000000000033847__12.csv,USA_CSV0000000000034882__24.csv,10,39,0.7959183673469388,USA,49
285,USA_CSV0000000000033847__12.csv,USA_CSV0000000000037101__9.csv,14,39,0.7358490566037735,USA,53
286,USA_CSV0000000000033847__12.csv,USA_CSV0000000000034882__1.csv,13,48,0.7868852459016393,USA,61
287,USA_CSV0000000000033847__12.csv,USA_CSV0000000000037101__6.csv,14,39,0.7358490566037735,USA,53
288,USA_CSV0000000000033847__12.csv,USA_CSV0000000000034882__5.csv,13,48,0.7868852459016393,USA,61
290,USA_CSV0000000000033847__12.csv,USA_CSV0000000000033847__24.csv,16,41,0.7192982456140351,USA,57
291,USA_CSV0000000000033847__12.csv,USA_CSV0000000000034882__14.csv,12,41,0.7735849056603774,USA,53
292,USA_CSV0000000000033847__12.csv,USA_CSV0000000000034882__15.csv,12,41,0.7735849056603774,USA,53
294,USA_CSV0000000000033847__12.csv,USA_CSV0000000000033847__28.csv,16,41,0.7192982456140351,USA,57
297,USA_CSV0000000000033847__12.csv,USA_CSV0000000000034882__12.csv,12,41,0.7735849056603774,USA,53
298,USA_CSV0000000000033847__12.csv,USA_CSV0000000000034882__16.csv,12,41,0.7735849056603774,USA,53
299,USA_CSV0000000000033847__12.csv,USA_CSV0000000000033847__29.csv,16,41,0.7192982456140351,USA,57
301,USA_CSV0000000000033847__12.csv,USA_CSV0000000000033847__9.csv,13,45,0.7758620689655172,USA,58
308,USA_CSV0000000000034882__29.csv,USA_CSV0000000000033847__9.csv,16,38,0.7037037037037037,USA,54
309,USA_CSV0000000000034882__29.csv,USA_CSV0000000000033847__19.csv,13,50,0.7936507936507936,USA,63
310,USA_CSV0000000000034882__29.csv,USA_CSV0000000000033847__18.csv,13,50,0.7936507936507936,USA,63
314,USA_CSV0000000000034882__29.csv,USA_CSV0000000000033847__21.csv,13,50,0.7936507936507936,USA,63
320,USA_CSV0000000000034882__29.csv,USA_CSV0000000000033847__24.csv,14,44,0.7586206896551724,USA,58
321,USA_CSV0000000000034882__29.csv,USA_CSV0000000000033847__28.csv,14,44,0.7586206896551724,USA,58
323,USA_CSV0000000000034882__29.csv,USA_CSV0000000000037101__11.csv,12,42,0.7777777777777778,USA,54
324,USA_CSV0000000000034882__29.csv,USA_CSV0000000000037101__29.csv,14,46,0.7666666666666667,USA,60
325,USA_CSV0000000000034882__29.csv,USA_CSV0000000000037101__10.csv,12,42,0.7777777777777778,USA,54
326,USA_CSV0000000000034882__29.csv,USA_CSV0000000000034882__10.csv,9,32,0.7804878048780488,USA,41
331,USA_CSV0000000000034882__29.csv,USA_CSV0000000000037101__8.csv,12,42,0.7777777777777778,USA,54
334,USA_CSV0000000000034882__13.csv,USA_CSV0000000000033847__19.csv,17,48,0.7384615384615385,USA,65
336,USA_CSV0000000000034882__13.csv,USA_CSV0000000000037101__11.csv,15,42,0.7368421052631579,USA,57
337,USA_CSV0000000000034882__13.csv,USA_CSV0000000000037101__29.csv,19,42,0.6885245901639344,USA,61
338,USA_CSV0000000000034882__13.csv,USA_CSV0000000000033847__18.csv,17,48,0.7384615384615385,USA,65
339,USA_CSV0000000000034882__13.csv,USA_CSV0000000000033847__20.csv,17,48,0.7384615384615385,USA,65
340,USA_CSV0000000000034882__13.csv,USA_CSV0000000000037101__10.csv,15,42,0.7368421052631579,USA,57
344,USA_CSV0000000000034882__13.csv,USA_CSV0000000000033847__21.csv,17,48,0.7384615384615385,USA,65
345,USA_CSV0000000000034882__13.csv,USA_CSV0000000000037101__3.csv,18,43,0.7049180327868853,USA,61
346,USA_CSV0000000000034882__13.csv,USA_CSV0000000000037101__2.csv,18,43,0.7049180327868853,USA,61
347,USA_CSV0000000000034882__13.csv,USA_CSV0000000000037101__1.csv,18,43,0.7049180327868853,USA,61
348,USA_CSV0000000000034882__13.csv,USA_CSV0000000000034882__15.csv,33,4,0.1081081081081081,USA,37
349,USA_CSV0000000000034882__13.csv,USA_CSV0000000000037101__0.csv,18,43,0.7049180327868853,USA,61
350,USA_CSV0000000000034882__13.csv,USA_CSV0000000000033847__13.csv,12,41,0.7735849056603774,USA,53
351,USA_CSV0000000000034882__13.csv,USA_CSV0000000000037101__4.csv,18,43,0.7049180327868853,USA,61
352,USA_CSV0000000000034882__13.csv,USA_CSV0000000000033847__17.csv,12,41,0.7735849056603774,USA,53
353,USA_CSV0000000000034882__13.csv,USA_CSV0000000000037101__5.csv,18,43,0.7049180327868853,USA,61
354,USA_CSV0000000000034882__13.csv,USA_CSV0000000000033847__15.csv,12,41,0.7735849056603774,USA,53
355,USA_CSV0000000000034882__13.csv,USA_CSV0000000000033847__14.csv,12,41,0.7735849056603774,USA,53
356,USA_CSV0000000000034882__13.csv,USA_CSV0000000000033847__0.csv,12,38,0.76,USA,50
357,USA_CSV0000000000034882__13.csv,USA_CSV0000000000033847__5.csv,12,38,0.76,USA,50
358,USA_CSV0000000000034882__13.csv,USA_CSV0000000000033847__24.csv,15,48,0.7619047619047619,USA,63
360,USA_CSV0000000000034882__13.csv,USA_CSV0000000000033847__28.csv,15,48,0.7619047619047619,USA,63
361,USA_CSV0000000000034882__13.csv,USA_CSV0000000000033847__9.csv,15,46,0.7540983606557377,USA,61
363,USA_CSV0000000000034882__13.csv,USA_CSV0000000000034882__4.csv,16,47,0.746031746031746,USA,63
371,USA_CSV0000000000034882__13.csv,USA_CSV0000000000037101__9.csv,15,42,0.7368421052631579,USA,57
372,USA_CSV0000000000034882__13.csv,USA_CSV0000000000033847__4.csv,12,38,0.76,USA,50
373,USA_CSV0000000000034882__13.csv,USA_CSV0000000000033847__1.csv,12,38,0.76,USA,50
375,USA_CSV0000000000034882__29.csv,USA_CSV0000000000034882__19.csv,10,37,0.7872340425531915,USA,47
376,USA_CSV0000000000034882__29.csv,USA_CSV0000000000034882__22.csv,10,37,0.7872340425531915,USA,47
385,USA_CSV0000000000034882__29.csv,USA_CSV0000000000037101__24.csv,13,48,0.7868852459016393,USA,61
386,USA_CSV0000000000034882__29.csv,USA_CSV0000000000033847__13.csv,10,39,0.7959183673469388,USA,49
387,USA_CSV0000000000034882__29.csv,USA_CSV0000000000033847__8.csv,16,38,0.7037037037037037,USA,54
388,USA_CSV0000000000034882__29.csv,USA_CSV0000000000033847__7.csv,16,38,0.7037037037037037,USA,54
389,USA_CSV0000000000034882__29.csv,USA_CSV0000000000033847__17.csv,10,39,0.7959183673469388,USA,49
390,USA_CSV0000000000034882__29.csv,USA_CSV0000000000033847__6.csv,16,38,0.7037037037037037,USA,54
391,USA_CSV0000000000034882__29.csv,USA_CSV0000000000037101__27.csv,14,46,0.7666666666666667,USA,60
392,USA_CSV0000000000034882__29.csv,USA_CSV0000000000034882__25.csv,27,4,0.1290322580645161,USA,31
393,USA_CSV0000000000034882__29.csv,USA_CSV0000000000033847__11.csv,16,38,0.7037037037037037,USA,54
394,USA_CSV0000000000034882__29.csv,USA_CSV0000000000037101__28.csv,14,46,0.7666666666666667,USA,60
395,USA_CSV0000000000033847__12.csv,USA_CSV0000000000033847__8.csv,13,45,0.7758620689655172,USA,58
396,USA_CSV0000000000033847__12.csv,USA_CSV0000000000033847__7.csv,13,45,0.7758620689655172,USA,58
397,USA_CSV0000000000033847__12.csv,USA_CSV0000000000033847__6.csv,13,45,0.7758620689655172,USA,58
398,USA_CSV0000000000033847__12.csv,USA_CSV0000000000033847__27.csv,16,41,0.7192982456140351,USA,57
401,USA_CSV0000000000033847__14.csv,USA_CSV0000000000033847__19.csv,13,51,0.796875,USA,64
402,USA_CSV0000000000033847__14.csv,USA_CSV0000000000037101__29.csv,16,43,0.7288135593220338,USA,59
403,USA_CSV0000000000033847__14.csv,USA_CSV0000000000033847__18.csv,13,51,0.796875,USA,64
404,USA_CSV0000000000033847__14.csv,USA_CSV0000000000033847__20.csv,13,51,0.796875,USA,64
408,USA_CSV0000000000033847__14.csv,USA_CSV0000000000033847__21.csv,13,51,0.796875,USA,64
410,USA_CSV0000000000033847__14.csv,USA_CSV0000000000034882__4.csv,13,48,0.7868852459016393,USA,61
413,USA_CSV0000000000033847__14.csv,USA_CSV0000000000037101__24.csv,16,43,0.7288135593220338,USA,59
414,USA_CSV0000000000033847__14.csv,USA_CSV0000000000034882__14.csv,12,41,0.7735849056603774,USA,53
415,USA_CSV0000000000033847__14.csv,USA_CSV0000000000034882__15.csv,12,41,0.7735849056603774,USA,53
416,USA_CSV0000000000033847__14.csv,USA_CSV0000000000034882__12.csv,12,41,0.7735849056603774,USA,53
417,USA_CSV0000000000033847__14.csv,USA_CSV0000000000034882__16.csv,12,41,0.7735849056603774,USA,53
421,USA_CSV0000000000033847__14.csv,USA_CSV0000000000037101__11.csv,14,39,0.7358490566037735,USA,53
422,USA_CSV0000000000033847__14.csv,USA_CSV0000000000037101__10.csv,14,39,0.7358490566037735,USA,53
423,USA_CSV0000000000033847__14.csv,USA_CSV0000000000033847__24.csv,16,41,0.7192982456140351,USA,57
424,USA_CSV0000000000033847__14.csv,USA_CSV0000000000033847__9.csv,13,45,0.7758620689655172,USA,58
425,USA_CSV0000000000033847__14.csv,USA_CSV0000000000033847__28.csv,16,41,0.7192982456140351,USA,57
426,USA_CSV0000000000033847__14.csv,USA_CSV0000000000033847__8.csv,13,45,0.7758620689655172,USA,58
427,USA_CSV0000000000033847__14.csv,USA_CSV0000000000033847__7.csv,13,45,0.7758620689655172,USA,58
433,USA_CSV0000000000033847__14.csv,USA_CSV0000000000037101__8.csv,14,39,0.7358490566037735,USA,53
434,USA_CSV0000000000033847__14.csv,USA_CSV0000000000037101__9.csv,14,39,0.7358490566037735,USA,53
436,USA_CSV0000000000035902__16.csv,USA_CSV0000000000035902__8.csv,10,39,0.7959183673469388,USA,49
438,USA_CSV0000000000035902__16.csv,USA_CSV0000000000035902__7.csv,10,39,0.7959183673469388,USA,49
439,USA_CSV0000000000035902__16.csv,USA_CSV0000000000035902__1.csv,16,47,0.746031746031746,USA,63
442,USA_CSV0000000000035902__16.csv,USA_CSV0000000000035902__0.csv,16,47,0.746031746031746,USA,63
443,USA_CSV0000000000035902__16.csv,USA_CSV0000000000033133.csv,38,75,0.6637168141592921,USA,113
444,USA_CSV0000000000035902__16.csv,USA_CSV0000000000035902__9.csv,10,39,0.7959183673469388,USA,49
446,USA_CSV0000000000035902__16.csv,USA_CSV0000000000035902__3.csv,16,47,0.746031746031746,USA,63
447,USA_CSV0000000000035902__16.csv,USA_CSV0000000000035902__11.csv,10,39,0.7959183673469388,USA,49
448,USA_CSV0000000000035902__16.csv,USA_CSV0000000000035902__5.csv,16,47,0.746031746031746,USA,63
450,USA_CSV0000000000035902__16.csv,USA_CSV0000000000034192.csv,27,89,0.7672413793103449,USA,116
451,USA_CSV0000000000035902__16.csv,USA_CSV0000000000035902__6.csv,16,47,0.746031746031746,USA,63
452,USA_CSV0000000000035902__16.csv,USA_CSV0000000000034607.csv,29,85,0.7456140350877193,USA,114
453,USA_CSV0000000000035902__16.csv,USA_CSV0000000000035902__4.csv,16,47,0.746031746031746,USA,63
459,USA_CSV0000000000035902__20.csv,USA_CSV0000000000035902__8.csv,10,39,0.7959183673469388,USA,49
461,USA_CSV0000000000035902__20.csv,USA_CSV0000000000035902__7.csv,10,39,0.7959183673469388,USA,49
462,USA_CSV0000000000035902__20.csv,USA_CSV0000000000035902__1.csv,16,47,0.746031746031746,USA,63
465,USA_CSV0000000000035902__20.csv,USA_CSV0000000000035902__0.csv,16,47,0.746031746031746,USA,63
466,USA_CSV0000000000035902__20.csv,USA_CSV0000000000033133.csv,38,75,0.6637168141592921,USA,113
467,USA_CSV0000000000035902__20.csv,USA_CSV0000000000035902__9.csv,10,39,0.7959183673469388,USA,49
469,USA_CSV0000000000035902__20.csv,USA_CSV0000000000034192.csv,27,89,0.7672413793103449,USA,116
470,USA_CSV0000000000035902__20.csv,USA_CSV0000000000034607.csv,29,85,0.7456140350877193,USA,114
472,USA_CSV0000000000035902__20.csv,USA_CSV0000000000035902__3.csv,16,47,0.746031746031746,USA,63
473,USA_CSV0000000000035902__20.csv,USA_CSV0000000000035902__2.csv,15,49,0.765625,USA,64
474,USA_CSV0000000000035902__20.csv,USA_CSV0000000000035902__5.csv,16,47,0.746031746031746,USA,63
476,USA_CSV0000000000035902__20.csv,USA_CSV0000000000035902__6.csv,16,47,0.746031746031746,USA,63
483,USA_CSV0000000000033847__17.csv,USA_CSV0000000000033847__19.csv,13,51,0.796875,USA,64
484,USA_CSV0000000000033847__17.csv,USA_CSV0000000000037101__29.csv,16,43,0.7288135593220338,USA,59
485,USA_CSV0000000000033847__17.csv,USA_CSV0000000000033847__18.csv,13,51,0.796875,USA,64
488,USA_CSV0000000000033847__17.csv,USA_CSV0000000000033847__21.csv,13,51,0.796875,USA,64
490,USA_CSV0000000000033847__17.csv,USA_CSV0000000000034882__4.csv,13,48,0.7868852459016393,USA,61
493,USA_CSV0000000000033847__17.csv,USA_CSV0000000000037101__24.csv,16,43,0.7288135593220338,USA,59
495,USA_CSV0000000000033847__17.csv,USA_CSV0000000000034882__1.csv,13,48,0.7868852459016393,USA,61
497,USA_CSV0000000000033847__17.csv,USA_CSV0000000000034882__5.csv,13,48,0.7868852459016393,USA,61
500,USA_CSV0000000000033847__17.csv,USA_CSV0000000000037101__11.csv,14,39,0.7358490566037735,USA,53
501,USA_CSV0000000000033847__17.csv,USA_CSV0000000000037101__10.csv,14,39,0.7358490566037735,USA,53
502,USA_CSV0000000000033847__17.csv,USA_CSV0000000000034882__26.csv,10,39,0.7959183673469388,USA,49
504,USA_CSV0000000000033847__17.csv,USA_CSV0000000000034882__28.csv,10,39,0.7959183673469388,USA,49
506,USA_CSV0000000000033847__17.csv,USA_CSV0000000000037101__8.csv,14,39,0.7358490566037735,USA,53
507,USA_CSV0000000000033847__17.csv,USA_CSV0000000000034882__24.csv,10,39,0.7959183673469388,USA,49
508,USA_CSV0000000000033847__17.csv,USA_CSV0000000000033847__9.csv,13,45,0.7758620689655172,USA,58
511,USA_CSV0000000000033847__17.csv,USA_CSV0000000000034882__14.csv,12,41,0.7735849056603774,USA,53
512,USA_CSV0000000000033847__17.csv,USA_CSV0000000000034882__15.csv,12,41,0.7735849056603774,USA,53
514,USA_CSV0000000000033847__17.csv,USA_CSV0000000000037101__9.csv,14,39,0.7358490566037735,USA,53
515,USA_CSV0000000000033847__17.csv,USA_CSV0000000000033847__24.csv,16,41,0.7192982456140351,USA,57
517,USA_CSV0000000000033847__17.csv,USA_CSV0000000000033847__28.csv,16,41,0.7192982456140351,USA,57
520,USA_CSV0000000000033847__17.csv,USA_CSV0000000000034882__12.csv,12,41,0.7735849056603774,USA,53
521,USA_CSV0000000000033847__17.csv,USA_CSV0000000000034882__16.csv,12,41,0.7735849056603774,USA,53
522,USA_CSV0000000000033847__17.csv,USA_CSV0000000000033847__26.csv,16,41,0.7192982456140351,USA,57
523,USA_CSV0000000000033847__17.csv,USA_CSV0000000000033847__29.csv,16,41,0.7192982456140351,USA,57
527,USA_CSV0000000000033847__5.csv,USA_CSV0000000000037101__4.csv,12,47,0.7966101694915254,USA,59
537,USA_CSV0000000000033847__3.csv,USA_CSV0000000000034882__14.csv,11,40,0.7843137254901961,USA,51
538,USA_CSV0000000000033847__3.csv,USA_CSV0000000000037101.csv,26,72,0.7346938775510204,USA,98
560,USA_CSV0000000000033847__3.csv,USA_CSV0000000000034882__12.csv,11,40,0.7843137254901961,USA,51
561,USA_CSV0000000000033847__3.csv,USA_CSV0000000000034882__16.csv,11,40,0.7843137254901961,USA,51
567,USA_CSV0000000000033847__17.csv,USA_CSV0000000000037101__6.csv,14,39,0.7358490566037735,USA,53
583,USA_CSV0000000000033847__3.csv,USA_CSV0000000000034882.csv,26,72,0.7346938775510204,USA,98
592,USA_CSV0000000000035902__18.csv,USA_CSV0000000000034607.csv,29,85,0.7456140350877193,USA,114
596,USA_CSV0000000000035902__18.csv,USA_CSV0000000000035902__5.csv,16,47,0.746031746031746,USA,63
597,USA_CSV0000000000035902__18.csv,USA_CSV0000000000035902__6.csv,16,47,0.746031746031746,USA,63
598,USA_CSV0000000000035902__18.csv,USA_CSV0000000000035902__0.csv,16,47,0.746031746031746,USA,63
599,USA_CSV0000000000035902__18.csv,USA_CSV0000000000035902__1.csv,16,47,0.746031746031746,USA,63
600,USA_CSV0000000000035902__18.csv,USA_CSV0000000000035902__3.csv,16,47,0.746031746031746,USA,63
601,USA_CSV0000000000035902__17.csv,USA_CSV0000000000035902__8.csv,10,39,0.7959183673469388,USA,49
603,USA_CSV0000000000035902__17.csv,USA_CSV0000000000035902__7.csv,10,39,0.7959183673469388,USA,49
604,USA_CSV0000000000035902__17.csv,USA_CSV0000000000035902__1.csv,16,47,0.746031746031746,USA,63
607,USA_CSV0000000000035902__17.csv,USA_CSV0000000000035902__0.csv,16,47,0.746031746031746,USA,63
608,USA_CSV0000000000035902__17.csv,USA_CSV0000000000035902__9.csv,10,39,0.7959183673469388,USA,49
610,USA_CSV0000000000035902__17.csv,USA_CSV0000000000035902__3.csv,16,47,0.746031746031746,USA,63
611,USA_CSV0000000000035902__17.csv,USA_CSV0000000000034192.csv,27,89,0.7672413793103449,USA,116
612,USA_CSV0000000000035902__17.csv,USA_CSV0000000000034607.csv,29,85,0.7456140350877193,USA,114
616,USA_CSV0000000000035902__17.csv,USA_CSV0000000000035902__11.csv,10,39,0.7959183673469388,USA,49
619,USA_CSV0000000000035902__17.csv,USA_CSV0000000000035902__13.csv,10,39,0.7959183673469388,USA,49
621,USA_CSV0000000000035902__17.csv,USA_CSV0000000000035902__10.csv,10,39,0.7959183673469388,USA,49
623,USA_CSV0000000000035902__17.csv,USA_CSV0000000000035902__5.csv,16,47,0.746031746031746,USA,63
624,USA_CSV0000000000035902__17.csv,USA_CSV0000000000035902__6.csv,16,47,0.746031746031746,USA,63
625,USA_CSV0000000000035902__17.csv,USA_CSV0000000000035902__2.csv,15,49,0.765625,USA,64
626,USA_CSV0000000000035902__17.csv,USA_CSV0000000000035902__4.csv,16,47,0.746031746031746,USA,63
628,USA_CSV0000000000033847__12.csv,USA_CSV0000000000034882__13.csv,12,41,0.7735849056603774,USA,53
629,USA_CSV0000000000033847__12.csv,USA_CSV0000000000034882__17.csv,12,41,0.7735849056603774,USA,53
630,USA_CSV0000000000033847__14.csv,USA_CSV0000000000034882__26.csv,10,39,0.7959183673469388,USA,49
631,USA_CSV0000000000033847__14.csv,USA_CSV0000000000034882__28.csv,10,39,0.7959183673469388,USA,49
633,USA_CSV0000000000033847__14.csv,USA_CSV0000000000034882__24.csv,10,39,0.7959183673469388,USA,49
635,USA_CSV0000000000033847__14.csv,USA_CSV0000000000034882__1.csv,13,48,0.7868852459016393,USA,61
641,USA_CSV0000000000034882__22.csv,USA_CSV0000000000037101__29.csv,13,47,0.7833333333333333,USA,60
644,USA_CSV0000000000034882__22.csv,USA_CSV0000000000033847__24.csv,14,43,0.7543859649122807,USA,57
650,USA_CSV0000000000034882__22.csv,USA_CSV0000000000033847__28.csv,14,43,0.7543859649122807,USA,57
652,USA_CSV0000000000034882__22.csv,USA_CSV0000000000034882__10.csv,11,27,0.7105263157894737,USA,38
658,USA_CSV0000000000034882__22.csv,USA_CSV0000000000034882__26.csv,10,37,0.7872340425531915,USA,47
667,USA_CSV0000000000034882__22.csv,USA_CSV0000000000037101__27.csv,13,47,0.7833333333333333,USA,60
669,USA_CSV0000000000034882__22.csv,USA_CSV0000000000034882__6.csv,11,27,0.7105263157894737,USA,38
670,USA_CSV0000000000034882__22.csv,USA_CSV0000000000034882__28.csv,10,37,0.7872340425531915,USA,47
671,USA_CSV0000000000034882__22.csv,USA_CSV0000000000034882__24.csv,10,37,0.7872340425531915,USA,47
672,USA_CSV0000000000034882__22.csv,USA_CSV0000000000034882__11.csv,11,27,0.7105263157894737,USA,38
676,USA_CSV0000000000034882__26.csv,USA_CSV0000000000037101__8.csv,12,42,0.7777777777777778,USA,54
678,USA_CSV0000000000034882__26.csv,USA_CSV0000000000033847__9.csv,16,38,0.7037037037037037,USA,54
679,USA_CSV0000000000034882__26.csv,USA_CSV0000000000037101__24.csv,13,48,0.7868852459016393,USA,61
680,USA_CSV0000000000034882__26.csv,USA_CSV0000000000033847__13.csv,10,39,0.7959183673469388,USA,49
681,USA_CSV0000000000034882__26.csv,USA_CSV0000000000033847__8.csv,16,38,0.7037037037037037,USA,54
682,USA_CSV0000000000034882__26.csv,USA_CSV0000000000033847__7.csv,16,38,0.7037037037037037,USA,54
683,USA_CSV0000000000034882__26.csv,USA_CSV0000000000033847__17.csv,10,39,0.7959183673469388,USA,49
684,USA_CSV0000000000034882__26.csv,USA_CSV0000000000033847__6.csv,16,38,0.7037037037037037,USA,54
686,USA_CSV0000000000034882__26.csv,USA_CSV0000000000037101__9.csv,12,42,0.7777777777777778,USA,54
687,USA_CSV0000000000034882__26.csv,USA_CSV0000000000037101__6.csv,12,42,0.7777777777777778,USA,54
690,USA_CSV0000000000034882__13.csv,USA_CSV0000000000037101__24.csv,18,44,0.7096774193548387,USA,62
691,USA_CSV0000000000034882__13.csv,USA_CSV0000000000033847__26.csv,15,48,0.7619047619047619,USA,63
692,USA_CSV0000000000034882__13.csv,USA_CSV0000000000037101__27.csv,19,42,0.6885245901639344,USA,61
693,USA_CSV0000000000034882__13.csv,USA_CSV0000000000033847__27.csv,15,48,0.7619047619047619,USA,63
694,USA_CSV0000000000034882__13.csv,USA_CSV0000000000037101__28.csv,19,42,0.6885245901639344,USA,61
695,USA_CSV0000000000034882__13.csv,USA_CSV0000000000033847__25.csv,15,48,0.7619047619047619,USA,63
696,USA_CSV0000000000034882__13.csv,USA_CSV0000000000037101__26.csv,19,42,0.6885245901639344,USA,61
697,USA_CSV0000000000034882__13.csv,USA_CSV0000000000037101__25.csv,19,42,0.6885245901639344,USA,61
698,USA_CSV0000000000035902__15.csv,USA_CSV0000000000035902__8.csv,10,39,0.7959183673469388,USA,49
700,USA_CSV0000000000035902__15.csv,USA_CSV0000000000035902__7.csv,10,39,0.7959183673469388,USA,49
701,USA_CSV0000000000035902__15.csv,USA_CSV0000000000035902__1.csv,16,47,0.746031746031746,USA,63
704,USA_CSV0000000000035902__15.csv,USA_CSV0000000000035902__0.csv,16,47,0.746031746031746,USA,63
705,USA_CSV0000000000035902__15.csv,USA_CSV0000000000035902__9.csv,10,39,0.7959183673469388,USA,49
707,USA_CSV0000000000035902__15.csv,USA_CSV0000000000034192.csv,27,89,0.7672413793103449,USA,116
708,USA_CSV0000000000035902__15.csv,USA_CSV0000000000034607.csv,29,85,0.7456140350877193,USA,114
712,USA_CSV0000000000035902__15.csv,USA_CSV0000000000035902__11.csv,10,39,0.7959183673469388,USA,49
714,USA_CSV0000000000035902__15.csv,USA_CSV0000000000035902__3.csv,16,47,0.746031746031746,USA,63
715,USA_CSV0000000000035902__15.csv,USA_CSV0000000000035902__2.csv,15,49,0.765625,USA,64
716,USA_CSV0000000000035902__15.csv,USA_CSV0000000000035902__5.csv,16,47,0.746031746031746,USA,63
718,USA_CSV0000000000035902__15.csv,USA_CSV0000000000035902__6.csv,16,47,0.746031746031746,USA,63
724,USA_CSV0000000000033847__17.csv,USA_CSV0000000000033847__7.csv,13,45,0.7758620689655172,USA,58
725,USA_CSV0000000000033847__17.csv,USA_CSV0000000000033847__6.csv,13,45,0.7758620689655172,USA,58
726,USA_CSV0000000000034882__29.csv,USA_CSV0000000000033847__26.csv,14,44,0.7586206896551724,USA,58
727,USA_CSV0000000000034882__29.csv,USA_CSV0000000000033847__29.csv,14,44,0.7586206896551724,USA,58
728,USA_CSV0000000000034882__29.csv,USA_CSV0000000000034882__1.csv,15,43,0.7413793103448276,USA,58
729,USA_CSV0000000000034882__29.csv,USA_CSV0000000000034882__21.csv,10,37,0.7872340425531915,USA,47
730,USA_CSV0000000000034882__29.csv,USA_CSV0000000000034882__5.csv,15,43,0.7413793103448276,USA,58
731,USA_CSV0000000000034882__29.csv,USA_CSV0000000000034882__20.csv,10,37,0.7872340425531915,USA,47
732,USA_CSV0000000000034882__29.csv,USA_CSV0000000000033847__27.csv,14,44,0.7586206896551724,USA,58
733,USA_CSV0000000000034882__29.csv,USA_CSV0000000000034882__2.csv,15,43,0.7413793103448276,USA,58
734,USA_CSV0000000000034882__29.csv,USA_CSV0000000000034882__3.csv,15,43,0.7413793103448276,USA,58
735,USA_CSV0000000000034882__29.csv,USA_CSV0000000000034882__0.csv,15,43,0.7413793103448276,USA,58
738,USA_CSV0000000000033847__14.csv,USA_CSV0000000000033847__29.csv,16,41,0.7192982456140351,USA,57
739,USA_CSV0000000000033847__14.csv,USA_CSV0000000000033847__6.csv,13,45,0.7758620689655172,USA,58
740,USA_CSV0000000000033847__14.csv,USA_CSV0000000000033847__27.csv,16,41,0.7192982456140351,USA,57
742,USA_CSV0000000000033847__14.csv,USA_CSV0000000000034882__25.csv,10,39,0.7959183673469388,USA,49
746,USA_CSV0000000000034882__13.csv,USA_CSV0000000000033847__7.csv,15,46,0.7540983606557377,USA,61
754,USA_CSV0000000000035902__16.csv,USA_CSV0000000000035902__13.csv,10,39,0.7959183673469388,USA,49
756,USA_CSV0000000000035902__16.csv,USA_CSV0000000000035902__10.csv,10,39,0.7959183673469388,USA,49
757,USA_CSV0000000000037101__17.csv,USA_CSV0000000000033847__9.csv,12,40,0.7692307692307693,USA,52
770,USA_CSV0000000000037101__17.csv,USA_CSV0000000000033847__24.csv,16,34,0.68,USA,50
773,USA_CSV0000000000037101__17.csv,USA_CSV0000000000033847__28.csv,16,34,0.68,USA,50
777,USA_CSV0000000000037101__17.csv,USA_CSV0000000000033847__26.csv,16,34,0.68,USA,50
778,USA_CSV0000000000037101__17.csv,USA_CSV0000000000033847__29.csv,16,34,0.68,USA,50
781,USA_CSV0000000000037101__17.csv,USA_CSV0000000000033847__27.csv,16,34,0.68,USA,50
783,USA_CSV0000000000037101__17.csv,USA_CSV0000000000033847__8.csv,12,40,0.7692307692307693,USA,52
784,USA_CSV0000000000037101__17.csv,USA_CSV0000000000033847__7.csv,12,40,0.7692307692307693,USA,52
785,USA_CSV0000000000034882__13.csv,USA_CSV0000000000033847__2.csv,12,38,0.76,USA,50
796,USA_CSV0000000000037101__17.csv,USA_CSV0000000000034882__4.csv,14,39,0.7358490566037735,USA,53
801,USA_CSV0000000000037101__17.csv,USA_CSV0000000000037101__29.csv,12,44,0.7857142857142857,USA,56
802,USA_CSV0000000000037101__17.csv,USA_CSV0000000000037101__24.csv,12,44,0.7857142857142857,USA,56
818,USA_CSV0000000000034882__12.csv,USA_CSV0000000000033847__9.csv,15,46,0.7540983606557377,USA,61
819,USA_CSV0000000000034882__12.csv,USA_CSV0000000000033847__19.csv,17,48,0.7384615384615385,USA,65
821,USA_CSV0000000000034882__12.csv,USA_CSV0000000000033847__18.csv,17,48,0.7384615384615385,USA,65
822,USA_CSV0000000000034882__12.csv,USA_CSV0000000000033847__20.csv,17,48,0.7384615384615385,USA,65
823,USA_CSV0000000000034882__12.csv,USA_CSV0000000000037101__3.csv,18,43,0.7049180327868853,USA,61
824,USA_CSV0000000000034882__12.csv,USA_CSV0000000000037101__2.csv,18,43,0.7049180327868853,USA,61
825,USA_CSV0000000000034882__12.csv,USA_CSV0000000000037101__1.csv,18,43,0.7049180327868853,USA,61
827,USA_CSV0000000000034882__12.csv,USA_CSV0000000000033847__21.csv,17,48,0.7384615384615385,USA,65
828,USA_CSV0000000000034882__12.csv,USA_CSV0000000000034882__15.csv,33,4,0.1081081081081081,USA,37
831,USA_CSV0000000000034882__12.csv,USA_CSV0000000000034882__4.csv,16,47,0.746031746031746,USA,63
833,USA_CSV0000000000034882__12.csv,USA_CSV0000000000033847__0.csv,12,38,0.76,USA,50
834,USA_CSV0000000000034882__12.csv,USA_CSV0000000000033847__5.csv,12,38,0.76,USA,50
835,USA_CSV0000000000034882__12.csv,USA_CSV0000000000037101__29.csv,19,42,0.6885245901639344,USA,61
836,USA_CSV0000000000034882__12.csv,USA_CSV0000000000037101__24.csv,18,44,0.7096774193548387,USA,62
837,USA_CSV0000000000034882__12.csv,USA_CSV0000000000033847__4.csv,12,38,0.76,USA,50
838,USA_CSV0000000000034882__12.csv,USA_CSV0000000000033847__1.csv,12,38,0.76,USA,50
839,USA_CSV0000000000034882__12.csv,USA_CSV0000000000033847__8.csv,15,46,0.7540983606557377,USA,61
840,USA_CSV0000000000034882__12.csv,USA_CSV0000000000033847__7.csv,15,46,0.7540983606557377,USA,61
841,USA_CSV0000000000034882__12.csv,USA_CSV0000000000033847__2.csv,12,38,0.76,USA,50
842,USA_CSV0000000000034882__12.csv,USA_CSV0000000000033847__6.csv,15,46,0.7540983606557377,USA,61
843,USA_CSV0000000000034882__12.csv,USA_CSV0000000000037101__11.csv,15,42,0.7368421052631579,USA,57
844,USA_CSV0000000000034882__12.csv,USA_CSV0000000000037101__10.csv,15,42,0.7368421052631579,USA,57
847,USA_CSV0000000000034882__12.csv,USA_CSV0000000000033847__24.csv,15,48,0.7619047619047619,USA,63
848,USA_CSV0000000000034882__12.csv,USA_CSV0000000000033847__28.csv,15,48,0.7619047619047619,USA,63
849,USA_CSV0000000000034882__12.csv,USA_CSV0000000000037101__0.csv,18,43,0.7049180327868853,USA,61
855,USA_CSV0000000000034882__12.csv,USA_CSV0000000000037101__4.csv,18,43,0.7049180327868853,USA,61
868,USA_CSV0000000000037101__16.csv,USA_CSV0000000000033847__8.csv,12,40,0.7692307692307693,USA,52
869,USA_CSV0000000000037101__16.csv,USA_CSV0000000000033847__7.csv,12,40,0.7692307692307693,USA,52
870,USA_CSV0000000000037101__16.csv,USA_CSV0000000000033847__6.csv,12,40,0.7692307692307693,USA,52
871,USA_CSV0000000000033847__14.csv,USA_CSV0000000000037101__6.csv,14,39,0.7358490566037735,USA,53
872,USA_CSV0000000000033847__14.csv,USA_CSV0000000000034882__5.csv,13,48,0.7868852459016393,USA,61
874,USA_CSV0000000000033847__14.csv,USA_CSV0000000000034882__2.csv,13,48,0.7868852459016393,USA,61
875,USA_CSV0000000000035902__18.csv,USA_CSV0000000000035902__8.csv,10,39,0.7959183673469388,USA,49
877,USA_CSV0000000000035902__18.csv,USA_CSV0000000000035902__7.csv,10,39,0.7959183673469388,USA,49
879,USA_CSV0000000000035902__18.csv,USA_CSV0000000000035902__9.csv,10,39,0.7959183673469388,USA,49
881,USA_CSV0000000000035902__18.csv,USA_CSV0000000000035902__11.csv,10,39,0.7959183673469388,USA,49
882,USA_CSV0000000000035902__18.csv,USA_CSV0000000000035902__2.csv,15,49,0.765625,USA,64
883,USA_CSV0000000000035902__18.csv,USA_CSV0000000000035902__13.csv,10,39,0.7959183673469388,USA,49
890,USA_CSV0000000000035902__18.csv,USA_CSV0000000000035902__10.csv,10,39,0.7959183673469388,USA,49
891,USA_CSV0000000000035902__18.csv,USA_CSV0000000000035902__4.csv,16,47,0.746031746031746,USA,63
901,USA_CSV0000000000034882__9.csv,USA_CSV0000000000034882__26.csv,9,32,0.7804878048780488,USA,41
903,USA_CSV0000000000034882__9.csv,USA_CSV0000000000034882__28.csv,9,32,0.7804878048780488,USA,41
904,USA_CSV0000000000034882__9.csv,USA_CSV0000000000034882__19.csv,11,27,0.7105263157894737,USA,38
906,USA_CSV0000000000034882__9.csv,USA_CSV0000000000034882__22.csv,11,27,0.7105263157894737,USA,38
907,USA_CSV0000000000034882__9.csv,USA_CSV0000000000034882__24.csv,9,32,0.7804878048780488,USA,41
910,USA_CSV0000000000034882__9.csv,USA_CSV0000000000034882__21.csv,11,27,0.7105263157894737,USA,38
1037,USA_CSV0000000000035897__25.csv,USA_CSV0000000000035897__40.csv,23,90,0.7964601769911505,USA,113
1038,USA_CSV0000000000035897__25.csv,USA_CSV0000000000035897__35.csv,23,90,0.7964601769911505,USA,113
1041,USA_CSV0000000000035897__25.csv,USA_CSV0000000000035897__41.csv,23,90,0.7964601769911505,USA,113
1044,USA_CSV0000000000035897__25.csv,USA_CSV0000000000035897__37.csv,23,90,0.7964601769911505,USA,113
1045,USA_CSV0000000000035897__25.csv,USA_CSV0000000000035897__39.csv,23,90,0.7964601769911505,USA,113
1049,USA_CSV0000000000035897__25.csv,USA_CSV0000000000035897__8.csv,30,87,0.7435897435897436,USA,117
1050,USA_CSV0000000000035897__25.csv,USA_CSV0000000000035897__2.csv,19,75,0.7978723404255319,USA,94
1051,USA_CSV0000000000035897__25.csv,USA_CSV0000000000035897__0.csv,19,75,0.7978723404255319,USA,94
1052,USA_CSV0000000000035897__25.csv,USA_CSV0000000000035897__4.csv,19,75,0.7978723404255319,USA,94
1053,USA_CSV0000000000035897__25.csv,USA_CSV0000000000035897__9.csv,30,87,0.7435897435897436,USA,117
1054,USA_CSV0000000000035897__25.csv,USA_CSV0000000000035897__6.csv,19,75,0.7978723404255319,USA,94
1058,USA_CSV0000000000035897__25.csv,USA_CSV0000000000035897__11.csv,30,87,0.7435897435897436,USA,117
1060,USA_CSV0000000000035897__25.csv,USA_CSV0000000000035897__5.csv,19,75,0.7978723404255319,USA,94
1061,USA_CSV0000000000035897__25.csv,USA_CSV0000000000035897__1.csv,19,75,0.7978723404255319,USA,94
1062,USA_CSV0000000000035897__25.csv,USA_CSV0000000000035897__12.csv,30,87,0.7435897435897436,USA,117
1063,USA_CSV0000000000035897__25.csv,USA_CSV0000000000035897__7.csv,30,87,0.7435897435897436,USA,117
1064,USA_CSV0000000000035897__25.csv,USA_CSV0000000000035897__10.csv,30,87,0.7435897435897436,USA,117
1065,USA_CSV0000000000035897__25.csv,USA_CSV0000000000035897__43.csv,24,91,0.7913043478260869,USA,115
1066,USA_CSV0000000000035897__25.csv,USA_CSV0000000000035897__47.csv,24,91,0.7913043478260869,USA,115
1067,USA_CSV0000000000035897__25.csv,USA_CSV0000000000035897__42.csv,24,91,0.7913043478260869,USA,115
1068,USA_CSV0000000000035897__25.csv,USA_CSV0000000000035897__48.csv,24,91,0.7913043478260869,USA,115
1069,USA_CSV0000000000035897__25.csv,USA_CSV0000000000035897__46.csv,24,91,0.7913043478260869,USA,115
1070,USA_CSV0000000000035897__25.csv,USA_CSV0000000000035897__44.csv,24,91,0.7913043478260869,USA,115
1071,USA_CSV0000000000035897__25.csv,USA_CSV0000000000035897__45.csv,24,91,0.7913043478260869,USA,115
1072,USA_CSV0000000000035897__25.csv,USA_CSV0000000000035897__36.csv,23,90,0.7964601769911505,USA,113
1073,USA_CSV0000000000035897__25.csv,USA_CSV0000000000035897__38.csv,23,90,0.7964601769911505,USA,113
1074,USA_CSV0000000000035897__25.csv,USA_CSV0000000000035897__3.csv,19,75,0.7978723404255319,USA,94
1075,USA_CSV0000000000035897__25.csv,USA_CSV0000000000035897__13.csv,30,87,0.7435897435897436,USA,117
1168,USA_CSV0000000000037101__3.csv,USA_CSV0000000000033847__9.csv,19,47,0.7121212121212122,USA,66
1169,USA_CSV0000000000037101__3.csv,USA_CSV0000000000033847__19.csv,21,49,0.7,USA,70
1171,USA_CSV0000000000037101__3.csv,USA_CSV0000000000033847__18.csv,21,49,0.7,USA,70
1172,USA_CSV0000000000037101__3.csv,USA_CSV0000000000033847__20.csv,21,49,0.7,USA,70
1174,USA_CSV0000000000037101__3.csv,USA_CSV0000000000033847__21.csv,21,49,0.7,USA,70
1175,USA_CSV0000000000037101__3.csv,USA_CSV0000000000034882__14.csv,18,43,0.7049180327868853,USA,61
1176,USA_CSV0000000000037101__3.csv,USA_CSV0000000000034882__15.csv,17,45,0.7258064516129032,USA,62
1179,USA_CSV0000000000037101__3.csv,USA_CSV0000000000034882__4.csv,21,46,0.6865671641791045,USA,67
1184,USA_CSV0000000000037101__3.csv,USA_CSV0000000000037101__11.csv,15,51,0.7727272727272727,USA,66
1185,USA_CSV0000000000037101__3.csv,USA_CSV0000000000037101__10.csv,15,51,0.7727272727272727,USA,66
1186,USA_CSV0000000000037101__3.csv,USA_CSV0000000000033847__24.csv,15,57,0.7916666666666666,USA,72
1188,USA_CSV0000000000037101__3.csv,USA_CSV0000000000037101__8.csv,15,51,0.7727272727272727,USA,66
1189,USA_CSV0000000000037101__3.csv,USA_CSV0000000000033847__28.csv,15,57,0.7916666666666666,USA,72
1191,USA_CSV0000000000037101__3.csv,USA_CSV0000000000037101__9.csv,15,51,0.7727272727272727,USA,66
1192,USA_CSV0000000000037101__3.csv,USA_CSV0000000000033847__26.csv,15,57,0.7916666666666666,USA,72
1194,USA_CSV0000000000037101__3.csv,USA_CSV0000000000033847__0.csv,12,47,0.7966101694915254,USA,59
1196,USA_CSV0000000000037101__3.csv,USA_CSV0000000000033847__5.csv,12,47,0.7966101694915254,USA,59
1198,USA_CSV0000000000037101__3.csv,USA_CSV0000000000037101__29.csv,19,51,0.7285714285714285,USA,70
1200,USA_CSV0000000000037101__3.csv,USA_CSV0000000000034882__12.csv,18,43,0.7049180327868853,USA,61
1201,USA_CSV0000000000037101__3.csv,USA_CSV0000000000034882__16.csv,18,43,0.7049180327868853,USA,61
1202,USA_CSV0000000000037101__3.csv,USA_CSV0000000000034882__1.csv,21,46,0.6865671641791045,USA,67
1203,USA_CSV0000000000037101__3.csv,USA_CSV0000000000037101__24.csv,18,53,0.7464788732394366,USA,71
1205,USA_CSV0000000000037101__3.csv,USA_CSV0000000000033847__8.csv,19,47,0.7121212121212122,USA,66
1206,USA_CSV0000000000037101__3.csv,USA_CSV0000000000033847__7.csv,19,47,0.7121212121212122,USA,66
1207,USA_CSV0000000000037101__3.csv,USA_CSV0000000000037101__20.csv,12,35,0.7446808510638298,USA,47
1210,USA_CSV0000000000037101__3.csv,USA_CSV0000000000034882__5.csv,21,46,0.6865671641791045,USA,67
1214,USA_CSV0000000000037101__3.csv,USA_CSV0000000000033847__4.csv,12,47,0.7966101694915254,USA,59
1215,USA_CSV0000000000037101__3.csv,USA_CSV0000000000033847__1.csv,12,47,0.7966101694915254,USA,59
1218,USA_CSV0000000000037101__3.csv,USA_CSV0000000000037101__21.csv,13,33,0.717391304347826,USA,46
1219,USA_CSV0000000000037101__3.csv,USA_CSV0000000000037101__19.csv,13,33,0.717391304347826,USA,46
1220,USA_CSV0000000000037101__3.csv,USA_CSV0000000000033847__2.csv,12,47,0.7966101694915254,USA,59
1221,USA_CSV0000000000037101__3.csv,USA_CSV0000000000034882__2.csv,21,46,0.6865671641791045,USA,67
1222,USA_CSV0000000000037101__3.csv,USA_CSV0000000000034882__3.csv,21,46,0.6865671641791045,USA,67
1246,USA_CSV0000000000035902__34.csv,USA_CSV0000000000033133.csv,24,88,0.7857142857142857,USA,112
1261,USA_CSV0000000000034882__25.csv,USA_CSV0000000000033847__9.csv,15,40,0.7272727272727273,USA,55
1266,USA_CSV0000000000034882__25.csv,USA_CSV0000000000037101__11.csv,12,42,0.7777777777777778,USA,54
1267,USA_CSV0000000000034882__25.csv,USA_CSV0000000000037101__10.csv,12,42,0.7777777777777778,USA,54
1268,USA_CSV0000000000034882__25.csv,USA_CSV0000000000034882__26.csv,27,4,0.1290322580645161,USA,31
1269,USA_CSV0000000000034882__25.csv,USA_CSV0000000000033847__24.csv,13,46,0.7796610169491526,USA,59
1271,USA_CSV0000000000034882__25.csv,USA_CSV0000000000034882__28.csv,27,4,0.1290322580645161,USA,31
1272,USA_CSV0000000000034882__25.csv,USA_CSV0000000000037101.csv,27,72,0.7272727272727273,USA,99
1273,USA_CSV0000000000034882__25.csv,USA_CSV0000000000037101__8.csv,12,42,0.7777777777777778,USA,54
1274,USA_CSV0000000000034882__25.csv,USA_CSV0000000000033847__28.csv,13,46,0.7796610169491526,USA,59
1275,USA_CSV0000000000034882__25.csv,USA_CSV0000000000037101__9.csv,12,42,0.7777777777777778,USA,54
1277,USA_CSV0000000000034882__25.csv,USA_CSV0000000000033847__8.csv,15,40,0.7272727272727273,USA,55
1278,USA_CSV0000000000034882__25.csv,USA_CSV0000000000033847__7.csv,15,40,0.7272727272727273,USA,55
1279,USA_CSV0000000000034882__25.csv,USA_CSV0000000000033847__26.csv,13,46,0.7796610169491526,USA,59
1280,USA_CSV0000000000034882__25.csv,USA_CSV0000000000033847__29.csv,13,46,0.7796610169491526,USA,59
1283,USA_CSV0000000000034882__25.csv,USA_CSV0000000000037101__29.csv,14,46,0.7666666666666667,USA,60
1301,USA_CSV0000000000034882__25.csv,USA_CSV0000000000034882__4.csv,14,45,0.7627118644067796,USA,59
1303,USA_CSV0000000000034882__25.csv,USA_CSV0000000000033847__13.csv,10,39,0.7959183673469388,USA,49
1337,USA_CSV0000000000033169__3.csv,USA_CSV0000000000034070__1.csv,9,32,0.7804878048780488,USA,41
1338,USA_CSV0000000000033169__3.csv,USA_CSV0000000000034070__3.csv,9,32,0.7804878048780488,USA,41
1340,USA_CSV0000000000033169__3.csv,USA_CSV0000000000034070__2.csv,9,32,0.7804878048780488,USA,41
1344,USA_CSV0000000000033169__3.csv,USA_CSV0000000000034070__4.csv,9,32,0.7804878048780488,USA,41
1346,USA_CSV0000000000033169__3.csv,USA_CSV0000000000034070__0.csv,9,32,0.7804878048780488,USA,41
1373,USA_CSV0000000000033169__2.csv,USA_CSV0000000000034070__3.csv,9,32,0.7804878048780488,USA,41
1375,USA_CSV0000000000033169__2.csv,USA_CSV0000000000034070__0.csv,9,32,0.7804878048780488,USA,41
1379,USA_CSV0000000000033169__2.csv,USA_CSV0000000000034070__1.csv,9,32,0.7804878048780488,USA,41
1380,USA_CSV0000000000033169__2.csv,USA_CSV0000000000034070__2.csv,9,32,0.7804878048780488,USA,41
1388,USA_CSV0000000000033169__2.csv,USA_CSV0000000000034070__4.csv,9,32,0.7804878048780488,USA,41
1434,USA_CSV0000000000035331__30.csv,USA_CSV0000000000035331__10.csv,21,41,0.6612903225806451,USA,62
1435,USA_CSV0000000000035331__30.csv,USA_CSV0000000000035331__6.csv,22,39,0.639344262295082,USA,61
1436,USA_CSV0000000000035331__30.csv,USA_CSV0000000000035331__9.csv,22,39,0.639344262295082,USA,61
1437,USA_CSV0000000000035331__30.csv,USA_CSV0000000000035331__8.csv,22,39,0.639344262295082,USA,61
1438,USA_CSV0000000000035331__30.csv,USA_CSV0000000000035331__11.csv,22,39,0.639344262295082,USA,61
1439,USA_CSV0000000000035331__30.csv,USA_CSV0000000000035331__4.csv,13,43,0.7678571428571429,USA,56
1440,USA_CSV0000000000035331__30.csv,USA_CSV0000000000035331__2.csv,13,43,0.7678571428571429,USA,56
1441,USA_CSV0000000000035331__30.csv,USA_CSV0000000000035331__5.csv,13,43,0.7678571428571429,USA,56
1442,USA_CSV0000000000035331__30.csv,USA_CSV0000000000035331__3.csv,13,43,0.7678571428571429,USA,56
1443,USA_CSV0000000000035331__30.csv,USA_CSV0000000000035331__0.csv,13,43,0.7678571428571429,USA,56
1444,USA_CSV0000000000035331__30.csv,USA_CSV0000000000035331__1.csv,13,43,0.7678571428571429,USA,56
1449,USA_CSV0000000000035331__30.csv,USA_CSV0000000000035331__17.csv,18,41,0.6949152542372882,USA,59
1450,USA_CSV0000000000035331__30.csv,USA_CSV0000000000035331__12.csv,18,41,0.6949152542372882,USA,59
1451,USA_CSV0000000000035331__30.csv,USA_CSV0000000000035331__13.csv,18,41,0.6949152542372882,USA,59
1458,USA_CSV0000000000035331__30.csv,USA_CSV0000000000035331__15.csv,18,41,0.6949152542372882,USA,59
1459,USA_CSV0000000000035331__30.csv,USA_CSV0000000000035331__16.csv,18,41,0.6949152542372882,USA,59
1460,USA_CSV0000000000035331__30.csv,USA_CSV0000000000035331__14.csv,18,41,0.6949152542372882,USA,59
1473,USA_CSV0000000000033169__10.csv,USA_CSV0000000000033169__8.csv,10,30,0.75,USA,40
1475,USA_CSV0000000000033169__10.csv,USA_CSV0000000000034070__1.csv,12,30,0.7142857142857143,USA,42
1476,USA_CSV0000000000033169__10.csv,USA_CSV0000000000034070__3.csv,12,30,0.7142857142857143,USA,42
1478,USA_CSV0000000000033169__10.csv,USA_CSV0000000000034070__2.csv,12,30,0.7142857142857143,USA,42
1479,USA_CSV0000000000033169__10.csv,USA_CSV0000000000033169__5.csv,10,30,0.75,USA,40
1480,USA_CSV0000000000033169__10.csv,USA_CSV0000000000034070__4.csv,12,30,0.7142857142857143,USA,42
1482,USA_CSV0000000000033169__10.csv,USA_CSV0000000000033169__22.csv,7,27,0.7941176470588235,USA,34
1483,USA_CSV0000000000033169__10.csv,USA_CSV0000000000033169__24.csv,7,27,0.7941176470588235,USA,34
1484,USA_CSV0000000000033169__10.csv,USA_CSV0000000000033169__23.csv,7,27,0.7941176470588235,USA,34
1487,USA_CSV0000000000033169__10.csv,USA_CSV0000000000033169__20.csv,7,27,0.7941176470588235,USA,34
1491,USA_CSV0000000000035897__4.csv,USA_CSV0000000000035897__8.csv,24,84,0.7777777777777778,USA,108
1492,USA_CSV0000000000035897__4.csv,USA_CSV0000000000035897__40.csv,22,77,0.7777777777777778,USA,99
1493,USA_CSV0000000000035897__4.csv,USA_CSV0000000000035897__14.csv,19,61,0.7625,USA,80
1494,USA_CSV0000000000035897__4.csv,USA_CSV0000000000035897__35.csv,22,77,0.7777777777777778,USA,99
1495,USA_CSV0000000000035897__4.csv,USA_CSV0000000000035897__16.csv,19,61,0.7625,USA,80
1496,USA_CSV0000000000035897__4.csv,USA_CSV0000000000035897__9.csv,24,84,0.7777777777777778,USA,108
1497,USA_CSV0000000000035897__4.csv,USA_CSV0000000000035897__41.csv,22,77,0.7777777777777778,USA,99
1498,USA_CSV0000000000035897__4.csv,USA_CSV0000000000035897__20.csv,19,61,0.7625,USA,80
1499,USA_CSV0000000000035897__4.csv,USA_CSV0000000000035897__11.csv,24,84,0.7777777777777778,USA,108
1500,USA_CSV0000000000035897__4.csv,USA_CSV0000000000035897__31.csv,21,63,0.75,USA,84
1501,USA_CSV0000000000035897__4.csv,USA_CSV0000000000035897__28.csv,21,63,0.75,USA,84
1502,USA_CSV0000000000035897__4.csv,USA_CSV0000000000035897__33.csv,21,63,0.75,USA,84
1503,USA_CSV0000000000035897__4.csv,USA_CSV0000000000035897__32.csv,21,63,0.75,USA,84
1504,USA_CSV0000000000035897__4.csv,USA_CSV0000000000035897__26.csv,19,75,0.7978723404255319,USA,94
1505,USA_CSV0000000000035897__4.csv,USA_CSV0000000000035897__24.csv,19,75,0.7978723404255319,USA,94
1506,USA_CSV0000000000035897__4.csv,USA_CSV0000000000035897__25.csv,19,75,0.7978723404255319,USA,94
1507,USA_CSV0000000000035897__4.csv,USA_CSV0000000000035897__43.csv,24,76,0.76,USA,100
1508,USA_CSV0000000000035897__4.csv,USA_CSV0000000000035897__47.csv,24,76,0.76,USA,100
1509,USA_CSV0000000000035897__4.csv,USA_CSV0000000000035897__21.csv,19,75,0.7978723404255319,USA,94
1510,USA_CSV0000000000035897__4.csv,USA_CSV0000000000035897__23.csv,19,75,0.7978723404255319,USA,94
1511,USA_CSV0000000000035897__4.csv,USA_CSV0000000000035897__12.csv,24,84,0.7777777777777778,USA,108
1512,USA_CSV0000000000035897__4.csv,USA_CSV0000000000035897__27.csv,19,75,0.7978723404255319,USA,94
1513,USA_CSV0000000000035897__4.csv,USA_CSV0000000000035897__22.csv,19,75,0.7978723404255319,USA,94
1514,USA_CSV0000000000035897__4.csv,USA_CSV0000000000035897__7.csv,24,84,0.7777777777777778,USA,108
1515,USA_CSV0000000000035897__4.csv,USA_CSV0000000000035897__48.csv,24,76,0.76,USA,100
1516,USA_CSV0000000000035897__4.csv,USA_CSV0000000000035897__42.csv,24,76,0.76,USA,100
1517,USA_CSV0000000000035897__4.csv,USA_CSV0000000000035897__36.csv,22,77,0.7777777777777778,USA,99
1518,USA_CSV0000000000035897__4.csv,USA_CSV0000000000035897__38.csv,22,77,0.7777777777777778,USA,99
1519,USA_CSV0000000000035897__4.csv,USA_CSV0000000000035897__39.csv,22,77,0.7777777777777778,USA,99
1520,USA_CSV0000000000035897__4.csv,USA_CSV0000000000035897__37.csv,22,77,0.7777777777777778,USA,99
1521,USA_CSV0000000000035897__4.csv,USA_CSV0000000000035897__45.csv,24,76,0.76,USA,100
1522,USA_CSV0000000000035897__4.csv,USA_CSV0000000000035897__44.csv,24,76,0.76,USA,100
1523,USA_CSV0000000000035897__4.csv,USA_CSV0000000000035897__46.csv,24,76,0.76,USA,100
1524,USA_CSV0000000000035897__4.csv,USA_CSV0000000000035897__17.csv,19,61,0.7625,USA,80
1525,USA_CSV0000000000035897__4.csv,USA_CSV0000000000035897__18.csv,19,61,0.7625,USA,80
1526,USA_CSV0000000000035897__4.csv,USA_CSV0000000000035897__10.csv,24,84,0.7777777777777778,USA,108
1527,USA_CSV0000000000035897__4.csv,USA_CSV0000000000035897__30.csv,21,63,0.75,USA,84
1528,USA_CSV0000000000035897__4.csv,USA_CSV0000000000035897__29.csv,21,63,0.75,USA,84
1529,USA_CSV0000000000037129__8.csv,USA_CSV0000000000037129__12.csv,11,28,0.717948717948718,USA,39
1530,USA_CSV0000000000037129__8.csv,USA_CSV0000000000037129__10.csv,11,28,0.717948717948718,USA,39
1531,USA_CSV0000000000037129__8.csv,USA_CSV0000000000037129__13.csv,11,28,0.717948717948718,USA,39
1532,USA_CSV0000000000037129__8.csv,USA_CSV0000000000037129__14.csv,11,28,0.717948717948718,USA,39
1533,USA_CSV0000000000037129__8.csv,USA_CSV0000000000037129__11.csv,11,28,0.717948717948718,USA,39
1538,USA_CSV0000000000037129__8.csv,USA_CSV0000000000037129__4.csv,11,42,0.7924528301886793,USA,53
1540,USA_CSV0000000000037129__8.csv,USA_CSV0000000000037129__1.csv,11,42,0.7924528301886793,USA,53
1541,USA_CSV0000000000037129__8.csv,USA_CSV0000000000037129__2.csv,11,42,0.7924528301886793,USA,53
1542,USA_CSV0000000000037129__8.csv,USA_CSV0000000000037129__0.csv,11,42,0.7924528301886793,USA,53
1543,USA_CSV0000000000037129__8.csv,USA_CSV0000000000037129__3.csv,11,42,0.7924528301886793,USA,53
1547,USA_CSV0000000000035331__11.csv,USA_CSV0000000000035331__34.csv,22,39,0.639344262295082,USA,61
1548,USA_CSV0000000000035331__11.csv,USA_CSV0000000000035331__35.csv,22,39,0.639344262295082,USA,61
1549,USA_CSV0000000000035331__11.csv,USA_CSV0000000000035331__31.csv,22,39,0.639344262295082,USA,61
1550,USA_CSV0000000000035331__11.csv,USA_CSV0000000000035331__32.csv,22,39,0.639344262295082,USA,61
1551,USA_CSV0000000000035331__11.csv,USA_CSV0000000000035331__30.csv,22,39,0.639344262295082,USA,61
1552,USA_CSV0000000000035331__11.csv,USA_CSV0000000000035331__33.csv,22,39,0.639344262295082,USA,61
1553,USA_CSV0000000000035331__11.csv,USA_CSV0000000000035331__17.csv,16,46,0.7419354838709677,USA,62
1554,USA_CSV0000000000035331__11.csv,USA_CSV0000000000035331__12.csv,16,46,0.7419354838709677,USA,62
1555,USA_CSV0000000000035331__11.csv,USA_CSV0000000000035331__13.csv,16,46,0.7419354838709677,USA,62
1556,USA_CSV0000000000035331__11.csv,USA_CSV0000000000035331__15.csv,16,46,0.7419354838709677,USA,62
1557,USA_CSV0000000000035331__11.csv,USA_CSV0000000000035331__16.csv,16,46,0.7419354838709677,USA,62
1558,USA_CSV0000000000035331__11.csv,USA_CSV0000000000035331__14.csv,16,46,0.7419354838709677,USA,62
1559,USA_CSV0000000000035331__11.csv,USA_CSV0000000000035331__4.csv,14,42,0.75,USA,56
1560,USA_CSV0000000000035331__11.csv,USA_CSV0000000000035331__2.csv,14,42,0.75,USA,56
1561,USA_CSV0000000000035331__11.csv,USA_CSV0000000000035331__5.csv,14,42,0.75,USA,56
1562,USA_CSV0000000000035331__11.csv,USA_CSV0000000000035331__3.csv,14,42,0.75,USA,56
1563,USA_CSV0000000000035331__11.csv,USA_CSV0000000000035331__0.csv,14,42,0.75,USA,56
1575,USA_CSV0000000000035331__11.csv,USA_CSV0000000000035331__1.csv,14,42,0.75,USA,56
1579,USA_CSV0000000000033847__10.csv,USA_CSV0000000000033847__19.csv,18,52,0.7428571428571429,USA,70
1580,USA_CSV0000000000033847__10.csv,USA_CSV0000000000033847__18.csv,18,52,0.7428571428571429,USA,70
1581,USA_CSV0000000000033847__10.csv,USA_CSV0000000000033847__20.csv,18,52,0.7428571428571429,USA,70
1582,USA_CSV0000000000033847__10.csv,USA_CSV0000000000033847__24.csv,18,48,0.7272727272727273,USA,66
1583,USA_CSV0000000000033847__10.csv,USA_CSV0000000000033847__21.csv,18,52,0.7428571428571429,USA,70
1584,USA_CSV0000000000033847__10.csv,USA_CSV0000000000037101.csv,40,58,0.5918367346938775,USA,98
1585,USA_CSV0000000000033847__10.csv,USA_CSV0000000000034882__4.csv,17,51,0.75,USA,68
1586,USA_CSV0000000000033847__10.csv,USA_CSV0000000000033847__28.csv,18,48,0.7272727272727273,USA,66
1588,USA_CSV0000000000033847__10.csv,USA_CSV0000000000033847__26.csv,18,48,0.7272727272727273,USA,66
1589,USA_CSV0000000000033847__10.csv,USA_CSV0000000000033847__29.csv,18,48,0.7272727272727273,USA,66
1590,USA_CSV0000000000033847__10.csv,USA_CSV0000000000034882__1.csv,17,51,0.75,USA,68
1592,USA_CSV0000000000033847__10.csv,USA_CSV0000000000034882__5.csv,17,51,0.75,USA,68
1593,USA_CSV0000000000033847__10.csv,USA_CSV0000000000034882.csv,40,58,0.5918367346938775,USA,98
1594,USA_CSV0000000000033847__10.csv,USA_CSV0000000000033847__27.csv,18,48,0.7272727272727273,USA,66
1595,USA_CSV0000000000033847__10.csv,USA_CSV0000000000034882__2.csv,17,51,0.75,USA,68
1596,USA_CSV0000000000033847__10.csv,USA_CSV0000000000034882__3.csv,17,51,0.75,USA,68
1597,USA_CSV0000000000033847__10.csv,USA_CSV0000000000034882__0.csv,17,51,0.75,USA,68
1598,USA_CSV0000000000033847__10.csv,USA_CSV0000000000033847.csv,40,58,0.5918367346938775,USA,98
1599,USA_CSV0000000000033847__10.csv,USA_CSV0000000000034882__26.csv,15,40,0.7272727272727273,USA,55
1600,USA_CSV0000000000033847__10.csv,USA_CSV0000000000037101__3.csv,18,49,0.7313432835820896,USA,67
1601,USA_CSV0000000000033847__10.csv,USA_CSV0000000000037101__2.csv,18,49,0.7313432835820896,USA,67
1602,USA_CSV0000000000033847__10.csv,USA_CSV0000000000037101__1.csv,18,49,0.7313432835820896,USA,67
1603,USA_CSV0000000000033847__10.csv,USA_CSV0000000000034882__28.csv,15,40,0.7272727272727273,USA,55
1604,USA_CSV0000000000033847__10.csv,USA_CSV0000000000034882__14.csv,14,48,0.7741935483870968,USA,62
1606,USA_CSV0000000000033847__10.csv,USA_CSV0000000000037101__16.csv,11,42,0.7924528301886793,USA,53
1607,USA_CSV0000000000033847__10.csv,USA_CSV0000000000037101__15.csv,11,42,0.7924528301886793,USA,53
1608,USA_CSV0000000000033847__10.csv,USA_CSV0000000000034882__24.csv,15,40,0.7272727272727273,USA,55
1609,USA_CSV0000000000033847__10.csv,USA_CSV0000000000037101__14.csv,11,42,0.7924528301886793,USA,53
1610,USA_CSV0000000000033847__10.csv,USA_CSV0000000000033847__13.csv,13,45,0.7758620689655172,USA,58
1611,USA_CSV0000000000033847__10.csv,USA_CSV0000000000033847__17.csv,13,45,0.7758620689655172,USA,58
1612,USA_CSV0000000000033847__10.csv,USA_CSV0000000000037101__12.csv,11,42,0.7924528301886793,USA,53
1613,USA_CSV0000000000033847__10.csv,USA_CSV0000000000037101__29.csv,19,48,0.7164179104477612,USA,67
1614,USA_CSV0000000000033847__10.csv,USA_CSV0000000000037101__0.csv,18,49,0.7313432835820896,USA,67
1615,USA_CSV0000000000033847__10.csv,USA_CSV0000000000037101__24.csv,19,48,0.7164179104477612,USA,67
1616,USA_CSV0000000000033847__10.csv,USA_CSV0000000000034882__12.csv,14,48,0.7741935483870968,USA,62
1617,USA_CSV0000000000033847__10.csv,USA_CSV0000000000034882__16.csv,14,48,0.7741935483870968,USA,62
1628,USA_CSV0000000000033847__10.csv,USA_CSV0000000000037101__11.csv,16,46,0.7419354838709677,USA,62
1629,USA_CSV0000000000033847__10.csv,USA_CSV0000000000037101__10.csv,16,46,0.7419354838709677,USA,62
1633,USA_CSV0000000000033847__10.csv,USA_CSV0000000000037101__8.csv,16,46,0.7419354838709677,USA,62
1634,USA_CSV0000000000033847__10.csv,USA_CSV0000000000037101__9.csv,16,46,0.7419354838709677,USA,62
1635,USA_CSV0000000000033847__10.csv,USA_CSV0000000000037101__6.csv,16,46,0.7419354838709677,USA,62
1636,USA_CSV0000000000033847__10.csv,USA_CSV0000000000037101__27.csv,19,48,0.7164179104477612,USA,67
1637,USA_CSV0000000000033847__10.csv,USA_CSV0000000000037101__7.csv,16,46,0.7419354838709677,USA,62
1640,USA_CSV0000000000033847__10.csv,USA_CSV0000000000034882__25.csv,15,40,0.7272727272727273,USA,55
1641,USA_CSV0000000000033847__10.csv,USA_CSV0000000000034882__29.csv,15,40,0.7272727272727273,USA,55
1646,USA_CSV0000000000033847__10.csv,USA_CSV0000000000037101__4.csv,18,49,0.7313432835820896,USA,67
1652,USA_CSV0000000000035897__44.csv,USA_CSV0000000000035897__38.csv,30,87,0.7435897435897436,USA,117
1653,USA_CSV0000000000035897__44.csv,USA_CSV0000000000035897__40.csv,30,87,0.7435897435897436,USA,117
1654,USA_CSV0000000000035897__44.csv,USA_CSV0000000000035897__41.csv,30,87,0.7435897435897436,USA,117
1655,USA_CSV0000000000035897__44.csv,USA_CSV0000000000035897__8.csv,36,86,0.7049180327868853,USA,122
1656,USA_CSV0000000000035897__44.csv,USA_CSV0000000000035897__14.csv,25,75,0.75,USA,100
1657,USA_CSV0000000000035897__44.csv,USA_CSV0000000000035897__2.csv,24,76,0.76,USA,100
1658,USA_CSV0000000000035897__44.csv,USA_CSV0000000000035897__0.csv,24,76,0.76,USA,100
1659,USA_CSV0000000000035897__44.csv,USA_CSV0000000000035897__4.csv,24,76,0.76,USA,100
1660,USA_CSV0000000000035897__44.csv,USA_CSV0000000000035897__16.csv,25,75,0.75,USA,100
1661,USA_CSV0000000000035897__44.csv,USA_CSV0000000000035897__31.csv,26,79,0.7523809523809524,USA,105
1662,USA_CSV0000000000035897__44.csv,USA_CSV0000000000035897__9.csv,36,86,0.7049180327868853,USA,122
1663,USA_CSV0000000000035897__44.csv,USA_CSV0000000000035897__26.csv,24,91,0.7913043478260869,USA,115
1664,USA_CSV0000000000035897__44.csv,USA_CSV0000000000035897__24.csv,24,91,0.7913043478260869,USA,115
1665,USA_CSV0000000000035897__44.csv,USA_CSV0000000000035897__25.csv,24,91,0.7913043478260869,USA,115
1666,USA_CSV0000000000035897__44.csv,USA_CSV0000000000035897__11.csv,36,86,0.7049180327868853,USA,122
1667,USA_CSV0000000000035897__44.csv,USA_CSV0000000000035897__21.csv,24,91,0.7913043478260869,USA,115
1668,USA_CSV0000000000035897__44.csv,USA_CSV0000000000035897__23.csv,24,91,0.7913043478260869,USA,115
1669,USA_CSV0000000000035897__44.csv,USA_CSV0000000000035897__12.csv,36,86,0.7049180327868853,USA,122
1670,USA_CSV0000000000035897__44.csv,USA_CSV0000000000035897__27.csv,24,91,0.7913043478260869,USA,115
1671,USA_CSV0000000000035897__44.csv,USA_CSV0000000000035897__22.csv,24,91,0.7913043478260869,USA,115
1672,USA_CSV0000000000035897__44.csv,USA_CSV0000000000035897__36.csv,30,87,0.7435897435897436,USA,117
1673,USA_CSV0000000000035897__44.csv,USA_CSV0000000000035897__35.csv,30,87,0.7435897435897436,USA,117
1674,USA_CSV0000000000035897__44.csv,USA_CSV0000000000035897__39.csv,30,87,0.7435897435897436,USA,117
1675,USA_CSV0000000000035897__44.csv,USA_CSV0000000000035897__6.csv,24,76,0.76,USA,100
1676,USA_CSV0000000000035897__44.csv,USA_CSV0000000000035897__20.csv,25,75,0.75,USA,100
1677,USA_CSV0000000000035897__44.csv,USA_CSV0000000000035897__5.csv,24,76,0.76,USA,100
1678,USA_CSV0000000000035897__44.csv,USA_CSV0000000000035897__37.csv,30,87,0.7435897435897436,USA,117
1679,USA_CSV0000000000035897__44.csv,USA_CSV0000000000035897__7.csv,36,86,0.7049180327868853,USA,122
1680,USA_CSV0000000000035897__44.csv,USA_CSV0000000000035897__28.csv,26,79,0.7523809523809524,USA,105
1681,USA_CSV0000000000035897__44.csv,USA_CSV0000000000035897__33.csv,26,79,0.7523809523809524,USA,105
1682,USA_CSV0000000000035897__44.csv,USA_CSV0000000000035897__32.csv,26,79,0.7523809523809524,USA,105
1683,USA_CSV0000000000035897__44.csv,USA_CSV0000000000035897__17.csv,25,75,0.75,USA,100
1684,USA_CSV0000000000035897__44.csv,USA_CSV0000000000035897__18.csv,25,75,0.75,USA,100
1685,USA_CSV0000000000035897__44.csv,USA_CSV0000000000035897__30.csv,26,79,0.7523809523809524,USA,105
1686,USA_CSV0000000000035897__44.csv,USA_CSV0000000000035897__29.csv,26,79,0.7523809523809524,USA,105
1687,USA_CSV0000000000035897__44.csv,USA_CSV0000000000035897__15.csv,25,75,0.75,USA,100
1688,USA_CSV0000000000035897__44.csv,USA_CSV0000000000035897__34.csv,26,79,0.7523809523809524,USA,105
1689,USA_CSV0000000000035897__44.csv,USA_CSV0000000000035897__19.csv,25,75,0.75,USA,100
1690,USA_CSV0000000000035897__44.csv,USA_CSV0000000000035897__1.csv,24,76,0.76,USA,100
1691,USA_CSV0000000000035897__44.csv,USA_CSV0000000000035897__3.csv,24,76,0.76,USA,100
1692,USA_CSV0000000000035897__44.csv,USA_CSV0000000000035897__10.csv,36,86,0.7049180327868853,USA,122
1693,USA_CSV0000000000035897__44.csv,USA_CSV0000000000035897__13.csv,36,86,0.7049180327868853,USA,122
1694,USA_CSV0000000000035331__9.csv,USA_CSV0000000000035331__34.csv,22,39,0.639344262295082,USA,61
1695,USA_CSV0000000000035331__9.csv,USA_CSV0000000000035331__35.csv,22,39,0.639344262295082,USA,61
1696,USA_CSV0000000000035331__9.csv,USA_CSV0000000000035331__31.csv,22,39,0.639344262295082,USA,61
1698,USA_CSV0000000000035331__9.csv,USA_CSV0000000000035331__32.csv,22,39,0.639344262295082,USA,61
1699,USA_CSV0000000000035331__9.csv,USA_CSV0000000000035331__30.csv,22,39,0.639344262295082,USA,61
1700,USA_CSV0000000000035331__9.csv,USA_CSV0000000000035331__33.csv,22,39,0.639344262295082,USA,61
1702,USA_CSV0000000000035331__9.csv,USA_CSV0000000000035331__17.csv,16,46,0.7419354838709677,USA,62
1703,USA_CSV0000000000035331__9.csv,USA_CSV0000000000035331__12.csv,16,46,0.7419354838709677,USA,62
1704,USA_CSV0000000000035331__9.csv,USA_CSV0000000000035331__13.csv,16,46,0.7419354838709677,USA,62
1705,USA_CSV0000000000035331__9.csv,USA_CSV0000000000035331__15.csv,16,46,0.7419354838709677,USA,62
1706,USA_CSV0000000000035331__9.csv,USA_CSV0000000000035331__16.csv,16,46,0.7419354838709677,USA,62
1707,USA_CSV0000000000035331__9.csv,USA_CSV0000000000035331__14.csv,16,46,0.7419354838709677,USA,62
1718,USA_CSV0000000000035331__9.csv,USA_CSV0000000000035331__1.csv,14,42,0.75,USA,56
1720,USA_CSV0000000000035331__9.csv,USA_CSV0000000000035331__5.csv,14,42,0.75,USA,56
1721,USA_CSV0000000000035331__9.csv,USA_CSV0000000000035331__3.csv,14,42,0.75,USA,56
1722,USA_CSV0000000000035331__9.csv,USA_CSV0000000000035331__4.csv,14,42,0.75,USA,56
1723,USA_CSV0000000000035331__9.csv,USA_CSV0000000000035331__2.csv,14,42,0.75,USA,56
1724,USA_CSV0000000000035331__9.csv,USA_CSV0000000000035331__0.csv,14,42,0.75,USA,56
1769,USA_CSV0000000000036154__21.csv,USA_CSV0000000000037169__13.csv,8,27,0.7714285714285715,USA,35
1770,USA_CSV0000000000036154__21.csv,USA_CSV0000000000037169__14.csv,8,27,0.7714285714285715,USA,35
1779,USA_CSV0000000000036154__21.csv,USA_CSV0000000000037169__12.csv,8,27,0.7714285714285715,USA,35
1781,USA_CSV0000000000036154__21.csv,USA_CSV0000000000037169__11.csv,8,27,0.7714285714285715,USA,35
1783,USA_CSV0000000000036154__21.csv,USA_CSV0000000000037169__10.csv,8,27,0.7714285714285715,USA,35
1784,USA_CSV0000000000036154__21.csv,USA_CSV0000000000036154__9.csv,8,27,0.7714285714285715,USA,35
1785,USA_CSV0000000000036154__21.csv,USA_CSV0000000000036154__5.csv,8,27,0.7714285714285715,USA,35
1786,USA_CSV0000000000036154__21.csv,USA_CSV0000000000036154__6.csv,8,27,0.7714285714285715,USA,35
1787,USA_CSV0000000000036154__21.csv,USA_CSV0000000000036154__8.csv,8,27,0.7714285714285715,USA,35
1788,USA_CSV0000000000036154__21.csv,USA_CSV0000000000036154__7.csv,8,27,0.7714285714285715,USA,35
1794,USA_CSV0000000000034882__14.csv,USA_CSV0000000000033847__9.csv,15,46,0.7540983606557377,USA,61
1795,USA_CSV0000000000034882__14.csv,USA_CSV0000000000033847__19.csv,17,48,0.7384615384615385,USA,65
1798,USA_CSV0000000000034882__14.csv,USA_CSV0000000000033847__0.csv,12,38,0.76,USA,50
1800,USA_CSV0000000000034882__14.csv,USA_CSV0000000000033847__5.csv,12,38,0.76,USA,50
1802,USA_CSV0000000000034882__14.csv,USA_CSV0000000000037101__29.csv,19,42,0.6885245901639344,USA,61
1803,USA_CSV0000000000034882__14.csv,USA_CSV0000000000033847__18.csv,17,48,0.7384615384615385,USA,65
1804,USA_CSV0000000000034882__14.csv,USA_CSV0000000000033847__20.csv,17,48,0.7384615384615385,USA,65
1805,USA_CSV0000000000034882__14.csv,USA_CSV0000000000037101__10.csv,15,42,0.7368421052631579,USA,57
1806,USA_CSV0000000000034882__14.csv,USA_CSV0000000000037101__3.csv,18,43,0.7049180327868853,USA,61
1807,USA_CSV0000000000034882__14.csv,USA_CSV0000000000033847__24.csv,15,48,0.7619047619047619,USA,63
1808,USA_CSV0000000000034882__14.csv,USA_CSV0000000000037101__11.csv,15,42,0.7368421052631579,USA,57
1809,USA_CSV0000000000034882__14.csv,USA_CSV0000000000037101__2.csv,18,43,0.7049180327868853,USA,61
1810,USA_CSV0000000000034882__14.csv,USA_CSV0000000000037101__1.csv,18,43,0.7049180327868853,USA,61
1811,USA_CSV0000000000034882__14.csv,USA_CSV0000000000033847__21.csv,17,48,0.7384615384615385,USA,65
1812,USA_CSV0000000000034882__14.csv,USA_CSV0000000000034882__15.csv,33,4,0.1081081081081081,USA,37
1813,USA_CSV0000000000034882__14.csv,USA_CSV0000000000034882__4.csv,16,47,0.746031746031746,USA,63
1814,USA_CSV0000000000034882__14.csv,USA_CSV0000000000037101__8.csv,15,42,0.7368421052631579,USA,57
1815,USA_CSV0000000000034882__14.csv,USA_CSV0000000000037101__0.csv,18,43,0.7049180327868853,USA,61
1816,USA_CSV0000000000034882__14.csv,USA_CSV0000000000037101__9.csv,15,42,0.7368421052631579,USA,57
1817,USA_CSV0000000000034882__14.csv,USA_CSV0000000000034882__1.csv,16,47,0.746031746031746,USA,63
1818,USA_CSV0000000000034882__14.csv,USA_CSV0000000000033847__28.csv,15,48,0.7619047619047619,USA,63
1819,USA_CSV0000000000034882__14.csv,USA_CSV0000000000037101__24.csv,18,44,0.7096774193548387,USA,62
1820,USA_CSV0000000000034882__14.csv,USA_CSV0000000000033847__13.csv,12,41,0.7735849056603774,USA,53
1821,USA_CSV0000000000034882__14.csv,USA_CSV0000000000033847__8.csv,15,46,0.7540983606557377,USA,61
1822,USA_CSV0000000000034882__14.csv,USA_CSV0000000000033847__4.csv,12,38,0.76,USA,50
1823,USA_CSV0000000000034882__14.csv,USA_CSV0000000000033847__1.csv,12,38,0.76,USA,50
1824,USA_CSV0000000000034882__14.csv,USA_CSV0000000000033847__2.csv,12,38,0.76,USA,50
1828,USA_CSV0000000000034882__14.csv,USA_CSV0000000000033847__26.csv,15,48,0.7619047619047619,USA,63
1829,USA_CSV0000000000034882__14.csv,USA_CSV0000000000033847__29.csv,15,48,0.7619047619047619,USA,63
1830,USA_CSV0000000000034882__14.csv,USA_CSV0000000000037101__27.csv,19,42,0.6885245901639344,USA,61
1831,USA_CSV0000000000034882__14.csv,USA_CSV0000000000033847__27.csv,15,48,0.7619047619047619,USA,63
1832,USA_CSV0000000000034882__14.csv,USA_CSV0000000000037101__4.csv,18,43,0.7049180327868853,USA,61
1833,USA_CSV0000000000034882__14.csv,USA_CSV0000000000033847__17.csv,12,41,0.7735849056603774,USA,53
1842,USA_CSV0000000000034882__14.csv,USA_CSV0000000000033847__7.csv,15,46,0.7540983606557377,USA,61
1850,USA_CSV0000000000034070__20.csv,USA_CSV0000000000033169__22.csv,8,25,0.7575757575757576,USA,33
1851,USA_CSV0000000000034070__20.csv,USA_CSV0000000000033169__24.csv,8,25,0.7575757575757576,USA,33
1852,USA_CSV0000000000034070__20.csv,USA_CSV0000000000033169__23.csv,8,25,0.7575757575757576,USA,33
1855,USA_CSV0000000000034070__20.csv,USA_CSV0000000000033169__20.csv,8,25,0.7575757575757576,USA,33
1892,USA_CSV0000000000035897__8.csv,USA_CSV0000000000035897__14.csv,23,87,0.7909090909090909,USA,110
1893,USA_CSV0000000000035897__8.csv,USA_CSV0000000000035897__2.csv,24,84,0.7777777777777778,USA,108
1894,USA_CSV0000000000035897__8.csv,USA_CSV0000000000035897__0.csv,24,84,0.7777777777777778,USA,108
1895,USA_CSV0000000000035897__8.csv,USA_CSV0000000000035897__43.csv,36,86,0.7049180327868853,USA,122
1896,USA_CSV0000000000035897__8.csv,USA_CSV0000000000035897__4.csv,24,84,0.7777777777777778,USA,108
1897,USA_CSV0000000000035897__8.csv,USA_CSV0000000000035897__47.csv,36,86,0.7049180327868853,USA,122
1898,USA_CSV0000000000035897__8.csv,USA_CSV0000000000035897__16.csv,23,87,0.7909090909090909,USA,110
1899,USA_CSV0000000000035897__8.csv,USA_CSV0000000000035897__31.csv,26,87,0.7699115044247787,USA,113
1900,USA_CSV0000000000035897__8.csv,USA_CSV0000000000035897__28.csv,26,87,0.7699115044247787,USA,113
1901,USA_CSV0000000000035897__8.csv,USA_CSV0000000000035897__33.csv,26,87,0.7699115044247787,USA,113
1902,USA_CSV0000000000035897__8.csv,USA_CSV0000000000035897__6.csv,24,84,0.7777777777777778,USA,108
1903,USA_CSV0000000000035897__8.csv,USA_CSV0000000000035897__48.csv,36,86,0.7049180327868853,USA,122
1904,USA_CSV0000000000035897__8.csv,USA_CSV0000000000035897__32.csv,26,87,0.7699115044247787,USA,113
1905,USA_CSV0000000000035897__8.csv,USA_CSV0000000000035897__42.csv,36,86,0.7049180327868853,USA,122
1906,USA_CSV0000000000035897__8.csv,USA_CSV0000000000035897__20.csv,23,87,0.7909090909090909,USA,110
1907,USA_CSV0000000000035897__8.csv,USA_CSV0000000000035897__5.csv,24,84,0.7777777777777778,USA,108
1908,USA_CSV0000000000035897__8.csv,USA_CSV0000000000035897__46.csv,36,86,0.7049180327868853,USA,122
1909,USA_CSV0000000000035897__8.csv,USA_CSV0000000000035897__1.csv,24,84,0.7777777777777778,USA,108
1910,USA_CSV0000000000035897__8.csv,USA_CSV0000000000035897__17.csv,23,87,0.7909090909090909,USA,110
1911,USA_CSV0000000000035897__8.csv,USA_CSV0000000000035897__40.csv,34,87,0.71900826446281,USA,121
1912,USA_CSV0000000000035897__8.csv,USA_CSV0000000000035897__35.csv,34,87,0.71900826446281,USA,121
1913,USA_CSV0000000000035897__8.csv,USA_CSV0000000000035897__41.csv,34,87,0.71900826446281,USA,121
1914,USA_CSV0000000000035897__8.csv,USA_CSV0000000000035897__26.csv,30,87,0.7435897435897436,USA,117
1915,USA_CSV0000000000035897__8.csv,USA_CSV0000000000035897__24.csv,30,87,0.7435897435897436,USA,117
1916,USA_CSV0000000000035897__8.csv,USA_CSV0000000000035897__38.csv,34,87,0.71900826446281,USA,121
1917,USA_CSV0000000000035897__8.csv,USA_CSV0000000000035897__36.csv,34,87,0.71900826446281,USA,121
1918,USA_CSV0000000000035897__8.csv,USA_CSV0000000000035897__39.csv,34,87,0.71900826446281,USA,121
1919,USA_CSV0000000000035897__8.csv,USA_CSV0000000000035897__37.csv,34,87,0.71900826446281,USA,121
1920,USA_CSV0000000000035897__8.csv,USA_CSV0000000000035897__44.csv,36,86,0.7049180327868853,USA,122
1921,USA_CSV0000000000035897__8.csv,USA_CSV0000000000035897__45.csv,36,86,0.7049180327868853,USA,122
1922,USA_CSV0000000000035897__8.csv,USA_CSV0000000000035897__30.csv,26,87,0.7699115044247787,USA,113
1923,USA_CSV0000000000035897__8.csv,USA_CSV0000000000035897__29.csv,26,87,0.7699115044247787,USA,113
1924,USA_CSV0000000000035897__8.csv,USA_CSV0000000000035897__25.csv,30,87,0.7435897435897436,USA,117
1925,USA_CSV0000000000035897__8.csv,USA_CSV0000000000035897__21.csv,30,87,0.7435897435897436,USA,117
1926,USA_CSV0000000000035897__8.csv,USA_CSV0000000000035897__3.csv,24,84,0.7777777777777778,USA,108
1927,USA_CSV0000000000035897__8.csv,USA_CSV0000000000035897__34.csv,26,87,0.7699115044247787,USA,113
1928,USA_CSV0000000000035897__8.csv,USA_CSV0000000000035897__27.csv,30,87,0.7435897435897436,USA,117
1929,USA_CSV0000000000035897__8.csv,USA_CSV0000000000035897__22.csv,30,87,0.7435897435897436,USA,117
1930,USA_CSV0000000000035897__8.csv,USA_CSV0000000000035897__23.csv,30,87,0.7435897435897436,USA,117
1931,USA_CSV0000000000035897__8.csv,USA_CSV0000000000035897__18.csv,23,87,0.7909090909090909,USA,110
1932,USA_CSV0000000000035897__8.csv,USA_CSV0000000000035897__15.csv,23,87,0.7909090909090909,USA,110
1933,USA_CSV0000000000035897__8.csv,USA_CSV0000000000035897__19.csv,23,87,0.7909090909090909,USA,110
1947,USA_CSV0000000000037101__35.csv,USA_CSV0000000000034882__4.csv,11,41,0.7884615384615384,USA,52
1952,USA_CSV0000000000037101__35.csv,USA_CSV0000000000037101__11.csv,11,34,0.7555555555555555,USA,45
1954,USA_CSV0000000000037101__35.csv,USA_CSV0000000000037101__10.csv,11,34,0.7555555555555555,USA,45
1955,USA_CSV0000000000037101__35.csv,USA_CSV0000000000037101__8.csv,11,34,0.7555555555555555,USA,45
1961,USA_CSV0000000000037101__35.csv,USA_CSV0000000000034882__1.csv,11,41,0.7884615384615384,USA,52
1963,USA_CSV0000000000037101__35.csv,USA_CSV0000000000034882__5.csv,11,41,0.7884615384615384,USA,52
1975,USA_CSV0000000000037101__35.csv,USA_CSV0000000000037101__9.csv,11,34,0.7555555555555555,USA,45
1986,USA_CSV0000000000034882__25.csv,USA_CSV0000000000037101__24.csv,13,48,0.7868852459016393,USA,61
1987,USA_CSV0000000000034882__25.csv,USA_CSV0000000000034882__1.csv,14,45,0.7627118644067796,USA,59
1988,USA_CSV0000000000034882__25.csv,USA_CSV0000000000033847__17.csv,10,39,0.7959183673469388,USA,49
1993,USA_CSV0000000000034882__25.csv,USA_CSV0000000000034882__5.csv,14,45,0.7627118644067796,USA,59
1994,USA_CSV0000000000034882__25.csv,USA_CSV0000000000034882.csv,27,72,0.7272727272727273,USA,99
1996,USA_CSV0000000000034882__25.csv,USA_CSV0000000000033847__6.csv,15,40,0.7272727272727273,USA,55
1997,USA_CSV0000000000034882__25.csv,USA_CSV0000000000037101__27.csv,14,46,0.7666666666666667,USA,60
1998,USA_CSV0000000000034882__25.csv,USA_CSV0000000000034882__29.csv,27,4,0.1290322580645161,USA,31
1999,USA_CSV0000000000034882__25.csv,USA_CSV0000000000033847.csv,27,72,0.7272727272727273,USA,99
2039,USA_CSV0000000000037101__18.csv,USA_CSV0000000000033847__19.csv,11,40,0.7843137254901961,USA,51
2041,USA_CSV0000000000037101__18.csv,USA_CSV0000000000033847__18.csv,11,40,0.7843137254901961,USA,51
2042,USA_CSV0000000000037101__18.csv,USA_CSV0000000000033847__20.csv,11,40,0.7843137254901961,USA,51
2043,USA_CSV0000000000037101__18.csv,USA_CSV0000000000037101__3.csv,13,33,0.717391304347826,USA,46
2045,USA_CSV0000000000037101__18.csv,USA_CSV0000000000037101__2.csv,13,33,0.717391304347826,USA,46
2048,USA_CSV0000000000037101__18.csv,USA_CSV0000000000037101__1.csv,13,33,0.717391304347826,USA,46
2049,USA_CSV0000000000037101__18.csv,USA_CSV0000000000033847__21.csv,11,40,0.7843137254901961,USA,51
2050,USA_CSV0000000000037101__18.csv,USA_CSV0000000000037101__0.csv,13,33,0.717391304347826,USA,46
2097,USA_CSV0000000000037101__25.csv,USA_CSV0000000000033847__19.csv,24,44,0.6470588235294118,USA,68
2099,USA_CSV0000000000037101__25.csv,USA_CSV0000000000037101__11.csv,22,38,0.6333333333333333,USA,60
2100,USA_CSV0000000000037101__25.csv,USA_CSV0000000000033847__18.csv,24,44,0.6470588235294118,USA,68
2101,USA_CSV0000000000037101__25.csv,USA_CSV0000000000033847__20.csv,24,44,0.6470588235294118,USA,68
2102,USA_CSV0000000000037101__25.csv,USA_CSV0000000000037101__10.csv,22,38,0.6333333333333333,USA,60
2103,USA_CSV0000000000037101__25.csv,USA_CSV0000000000034882__26.csv,14,46,0.7666666666666667,USA,60
2104,USA_CSV0000000000037101__25.csv,USA_CSV0000000000034882__28.csv,14,46,0.7666666666666667,USA,60
2105,USA_CSV0000000000037101__25.csv,USA_CSV0000000000033847__21.csv,24,44,0.6470588235294118,USA,68
2107,USA_CSV0000000000037101__25.csv,USA_CSV0000000000034882__4.csv,25,39,0.609375,USA,64
2108,USA_CSV0000000000037101__25.csv,USA_CSV0000000000037101__8.csv,22,38,0.6333333333333333,USA,60
2109,USA_CSV0000000000037101__25.csv,USA_CSV0000000000033847__9.csv,19,48,0.7164179104477612,USA,67
2110,USA_CSV0000000000037101__25.csv,USA_CSV0000000000037101__3.csv,19,51,0.7285714285714285,USA,70
2111,USA_CSV0000000000037101__25.csv,USA_CSV0000000000033847__24.csv,17,54,0.7605633802816901,USA,71
2112,USA_CSV0000000000037101__25.csv,USA_CSV0000000000037101__2.csv,19,51,0.7285714285714285,USA,70
2113,USA_CSV0000000000037101__25.csv,USA_CSV0000000000037101__1.csv,19,51,0.7285714285714285,USA,70
2114,USA_CSV0000000000037101__25.csv,USA_CSV0000000000034882__14.csv,19,42,0.6885245901639344,USA,61
2115,USA_CSV0000000000037101__25.csv,USA_CSV0000000000034882__15.csv,18,44,0.7096774193548387,USA,62
2116,USA_CSV0000000000037101__25.csv,USA_CSV0000000000033847__28.csv,17,54,0.7605633802816901,USA,71
2117,USA_CSV0000000000037101__25.csv,USA_CSV0000000000037101__0.csv,19,51,0.7285714285714285,USA,70
2119,USA_CSV0000000000037101__25.csv,USA_CSV0000000000034882__22.csv,13,47,0.7833333333333333,USA,60
2120,USA_CSV0000000000037101__25.csv,USA_CSV0000000000034882__20.csv,13,47,0.7833333333333333,USA,60
2121,USA_CSV0000000000037101__25.csv,USA_CSV0000000000034882__18.csv,13,47,0.7833333333333333,USA,60
2122,USA_CSV0000000000037101__25.csv,USA_CSV0000000000034882__21.csv,13,47,0.7833333333333333,USA,60
2123,USA_CSV0000000000037101__25.csv,USA_CSV0000000000034882__23.csv,13,47,0.7833333333333333,USA,60
2124,USA_CSV0000000000037101__25.csv,USA_CSV0000000000034882__19.csv,13,47,0.7833333333333333,USA,60
2127,USA_CSV0000000000037101__25.csv,USA_CSV0000000000034882__12.csv,19,42,0.6885245901639344,USA,61
2128,USA_CSV0000000000037101__25.csv,USA_CSV0000000000034882__16.csv,19,42,0.6885245901639344,USA,61
2129,USA_CSV0000000000037101__25.csv,USA_CSV0000000000033847__26.csv,17,54,0.7605633802816901,USA,71
2130,USA_CSV0000000000037101__25.csv,USA_CSV0000000000033847__29.csv,17,54,0.7605633802816901,USA,71
2131,USA_CSV0000000000037101__25.csv,USA_CSV0000000000033847__27.csv,17,54,0.7605633802816901,USA,71
2132,USA_CSV0000000000037101__25.csv,USA_CSV0000000000034882__13.csv,19,42,0.6885245901639344,USA,61
2133,USA_CSV0000000000037101__25.csv,USA_CSV0000000000034882__17.csv,19,42,0.6885245901639344,USA,61
2134,USA_CSV0000000000037101__25.csv,USA_CSV0000000000033847__25.csv,17,54,0.7605633802816901,USA,71
2137,USA_CSV0000000000037101__25.csv,USA_CSV0000000000034882__24.csv,14,46,0.7666666666666667,USA,60
2138,USA_CSV0000000000037101__25.csv,USA_CSV0000000000037101__9.csv,22,38,0.6333333333333333,USA,60
2140,USA_CSV0000000000037101__25.csv,USA_CSV0000000000037101__16.csv,12,44,0.7857142857142857,USA,56
2141,USA_CSV0000000000037101__25.csv,USA_CSV0000000000037101__15.csv,12,44,0.7857142857142857,USA,56
2142,USA_CSV0000000000037101__25.csv,USA_CSV0000000000037101__14.csv,12,44,0.7857142857142857,USA,56
2146,USA_CSV0000000000035897__26.csv,USA_CSV0000000000035897__40.csv,23,90,0.7964601769911505,USA,113
2147,USA_CSV0000000000035897__26.csv,USA_CSV0000000000035897__35.csv,23,90,0.7964601769911505,USA,113
2150,USA_CSV0000000000035897__26.csv,USA_CSV0000000000035897__41.csv,23,90,0.7964601769911505,USA,113
2153,USA_CSV0000000000035897__26.csv,USA_CSV0000000000035897__37.csv,23,90,0.7964601769911505,USA,113
2157,USA_CSV0000000000035897__26.csv,USA_CSV0000000000035897__8.csv,30,87,0.7435897435897436,USA,117
2158,USA_CSV0000000000035897__26.csv,USA_CSV0000000000035897__2.csv,19,75,0.7978723404255319,USA,94
2159,USA_CSV0000000000035897__26.csv,USA_CSV0000000000035897__0.csv,19,75,0.7978723404255319,USA,94
2160,USA_CSV0000000000035897__26.csv,USA_CSV0000000000035897__4.csv,19,75,0.7978723404255319,USA,94
2161,USA_CSV0000000000035897__26.csv,USA_CSV0000000000035897__9.csv,30,87,0.7435897435897436,USA,117
2162,USA_CSV0000000000035897__26.csv,USA_CSV0000000000035897__6.csv,19,75,0.7978723404255319,USA,94
2163,USA_CSV0000000000035897__26.csv,USA_CSV0000000000035897__5.csv,19,75,0.7978723404255319,USA,94
2167,USA_CSV0000000000035897__26.csv,USA_CSV0000000000035897__11.csv,30,87,0.7435897435897436,USA,117
2169,USA_CSV0000000000035897__26.csv,USA_CSV0000000000035897__39.csv,23,90,0.7964601769911505,USA,113
2170,USA_CSV0000000000035897__26.csv,USA_CSV0000000000035897__1.csv,19,75,0.7978723404255319,USA,94
2171,USA_CSV0000000000035897__26.csv,USA_CSV0000000000035897__12.csv,30,87,0.7435897435897436,USA,117
2172,USA_CSV0000000000035897__26.csv,USA_CSV0000000000035897__7.csv,30,87,0.7435897435897436,USA,117
2173,USA_CSV0000000000035897__26.csv,USA_CSV0000000000035897__10.csv,30,87,0.7435897435897436,USA,117
2174,USA_CSV0000000000035897__26.csv,USA_CSV0000000000035897__43.csv,24,91,0.7913043478260869,USA,115
2175,USA_CSV0000000000035897__26.csv,USA_CSV0000000000035897__47.csv,24,91,0.7913043478260869,USA,115
2176,USA_CSV0000000000035897__26.csv,USA_CSV0000000000035897__42.csv,24,91,0.7913043478260869,USA,115
2177,USA_CSV0000000000035897__26.csv,USA_CSV0000000000035897__48.csv,24,91,0.7913043478260869,USA,115
2178,USA_CSV0000000000035897__26.csv,USA_CSV0000000000035897__46.csv,24,91,0.7913043478260869,USA,115
2179,USA_CSV0000000000035897__26.csv,USA_CSV0000000000035897__44.csv,24,91,0.7913043478260869,USA,115
2180,USA_CSV0000000000035897__26.csv,USA_CSV0000000000035897__45.csv,24,91,0.7913043478260869,USA,115
2182,USA_CSV0000000000035897__26.csv,USA_CSV0000000000035897__13.csv,30,87,0.7435897435897436,USA,117
2184,USA_CSV0000000000035897__26.csv,USA_CSV0000000000035897__36.csv,23,90,0.7964601769911505,USA,113
2185,USA_CSV0000000000035897__26.csv,USA_CSV0000000000035897__38.csv,23,90,0.7964601769911505,USA,113
2186,USA_CSV0000000000035897__26.csv,USA_CSV0000000000035897__3.csv,19,75,0.7978723404255319,USA,94
2203,USA_CSV0000000000037101__27.csv,USA_CSV0000000000033847__19.csv,24,44,0.6470588235294118,USA,68
2205,USA_CSV0000000000037101__27.csv,USA_CSV0000000000037101__11.csv,22,38,0.6333333333333333,USA,60
2206,USA_CSV0000000000037101__27.csv,USA_CSV0000000000033847__18.csv,24,44,0.6470588235294118,USA,68
2207,USA_CSV0000000000037101__27.csv,USA_CSV0000000000033847__20.csv,24,44,0.6470588235294118,USA,68
2208,USA_CSV0000000000037101__27.csv,USA_CSV0000000000037101__10.csv,22,38,0.6333333333333333,USA,60
2209,USA_CSV0000000000037101__27.csv,USA_CSV0000000000034882__26.csv,14,46,0.7666666666666667,USA,60
2210,USA_CSV0000000000037101__27.csv,USA_CSV0000000000034882__28.csv,14,46,0.7666666666666667,USA,60
2211,USA_CSV0000000000037101__27.csv,USA_CSV0000000000033847__21.csv,24,44,0.6470588235294118,USA,68
2213,USA_CSV0000000000037101__27.csv,USA_CSV0000000000034882__4.csv,25,39,0.609375,USA,64
2214,USA_CSV0000000000037101__27.csv,USA_CSV0000000000037101__8.csv,22,38,0.6333333333333333,USA,60
2215,USA_CSV0000000000037101__27.csv,USA_CSV0000000000034882__24.csv,14,46,0.7666666666666667,USA,60
2217,USA_CSV0000000000037101__27.csv,USA_CSV0000000000037101__9.csv,22,38,0.6333333333333333,USA,60
2218,USA_CSV0000000000037101__27.csv,USA_CSV0000000000033847__13.csv,16,43,0.7288135593220338,USA,59
2219,USA_CSV0000000000037101__27.csv,USA_CSV0000000000034882__1.csv,25,39,0.609375,USA,64
2220,USA_CSV0000000000037101__27.csv,USA_CSV0000000000033847__17.csv,16,43,0.7288135593220338,USA,59
2221,USA_CSV0000000000037101__27.csv,USA_CSV0000000000037101__6.csv,22,38,0.6333333333333333,USA,60
2222,USA_CSV0000000000037101__27.csv,USA_CSV0000000000033847__9.csv,19,48,0.7164179104477612,USA,67
2223,USA_CSV0000000000037101__27.csv,USA_CSV0000000000037101__3.csv,19,51,0.7285714285714285,USA,70
2224,USA_CSV0000000000037101__27.csv,USA_CSV0000000000033847__24.csv,17,54,0.7605633802816901,USA,71
2225,USA_CSV0000000000037101__27.csv,USA_CSV0000000000037101__2.csv,19,51,0.7285714285714285,USA,70
2226,USA_CSV0000000000037101__27.csv,USA_CSV0000000000037101__1.csv,19,51,0.7285714285714285,USA,70
2227,USA_CSV0000000000037101__27.csv,USA_CSV0000000000034882__14.csv,19,42,0.6885245901639344,USA,61
2228,USA_CSV0000000000037101__27.csv,USA_CSV0000000000034882__15.csv,18,44,0.7096774193548387,USA,62
2229,USA_CSV0000000000037101__27.csv,USA_CSV0000000000033847__28.csv,17,54,0.7605633802816901,USA,71
2230,USA_CSV0000000000037101__27.csv,USA_CSV0000000000037101__0.csv,19,51,0.7285714285714285,USA,70
2231,USA_CSV0000000000037101__27.csv,USA_CSV0000000000034882__12.csv,19,42,0.6885245901639344,USA,61
2232,USA_CSV0000000000037101__27.csv,USA_CSV0000000000033847__8.csv,19,48,0.7164179104477612,USA,67
2233,USA_CSV0000000000037101__27.csv,USA_CSV0000000000034882__16.csv,19,42,0.6885245901639344,USA,61
2234,USA_CSV0000000000037101__27.csv,USA_CSV0000000000033847__7.csv,19,48,0.7164179104477612,USA,67
2235,USA_CSV0000000000037101__27.csv,USA_CSV0000000000033847__26.csv,17,54,0.7605633802816901,USA,71
2236,USA_CSV0000000000037101__27.csv,USA_CSV0000000000033847__29.csv,17,54,0.7605633802816901,USA,71
2237,USA_CSV0000000000037101__27.csv,USA_CSV0000000000037101__4.csv,19,51,0.7285714285714285,USA,70
2238,USA_CSV0000000000037101__27.csv,USA_CSV0000000000034882__22.csv,13,47,0.7833333333333333,USA,60
2239,USA_CSV0000000000037101__27.csv,USA_CSV0000000000034882__20.csv,13,47,0.7833333333333333,USA,60
2240,USA_CSV0000000000037101__27.csv,USA_CSV0000000000034882__18.csv,13,47,0.7833333333333333,USA,60
2241,USA_CSV0000000000037101__27.csv,USA_CSV0000000000034882__21.csv,13,47,0.7833333333333333,USA,60
2242,USA_CSV0000000000037101__27.csv,USA_CSV0000000000034882__23.csv,13,47,0.7833333333333333,USA,60
2243,USA_CSV0000000000037101__27.csv,USA_CSV0000000000034882__19.csv,13,47,0.7833333333333333,USA,60
2244,USA_CSV0000000000037101__27.csv,USA_CSV0000000000034882__5.csv,25,39,0.609375,USA,64
2246,USA_CSV0000000000037101__27.csv,USA_CSV0000000000033847__27.csv,17,54,0.7605633802816901,USA,71
2247,USA_CSV0000000000037101__27.csv,USA_CSV0000000000034882__13.csv,19,42,0.6885245901639344,USA,61
2248,USA_CSV0000000000037101__27.csv,USA_CSV0000000000034882__17.csv,19,42,0.6885245901639344,USA,61
2249,USA_CSV0000000000037101__27.csv,USA_CSV0000000000033847__25.csv,17,54,0.7605633802816901,USA,71
2254,USA_CSV0000000000037101__27.csv,USA_CSV0000000000037101__5.csv,19,51,0.7285714285714285,USA,70
2255,USA_CSV0000000000037101__27.csv,USA_CSV0000000000034882__25.csv,14,46,0.7666666666666667,USA,60
2256,USA_CSV0000000000037101__27.csv,USA_CSV0000000000034882__29.csv,14,46,0.7666666666666667,USA,60
2257,USA_CSV0000000000037101__27.csv,USA_CSV0000000000033847__6.csv,19,48,0.7164179104477612,USA,67
2258,USA_CSV0000000000037101__27.csv,USA_CSV0000000000037101__16.csv,12,44,0.7857142857142857,USA,56
2259,USA_CSV0000000000037101__27.csv,USA_CSV0000000000037101__15.csv,12,44,0.7857142857142857,USA,56
2260,USA_CSV0000000000037101__27.csv,USA_CSV0000000000037101__14.csv,12,44,0.7857142857142857,USA,56
2276,USA_CSV0000000000037101__20.csv,USA_CSV0000000000037101__3.csv,12,35,0.7446808510638298,USA,47
2278,USA_CSV0000000000037101__20.csv,USA_CSV0000000000037101__2.csv,12,35,0.7446808510638298,USA,47
2281,USA_CSV0000000000037101__20.csv,USA_CSV0000000000037101__1.csv,12,35,0.7446808510638298,USA,47
2284,USA_CSV0000000000037101__20.csv,USA_CSV0000000000037101__0.csv,12,35,0.7446808510638298,USA,47
2357,USA_CSV0000000000035271.csv,USA_CSV0000000000035353.csv,16,17,0.5151515151515151,USA,33
2359,USA_CSV0000000000035271.csv,USA_CSV0000000000035712.csv,16,17,0.5151515151515151,USA,33
2367,USA_CSV0000000000018004.csv,USA_CSV0000000000035839.csv,9,28,0.7567567567567568,USA,37
2377,USA_CSV0000000000018004.csv,USA_CSV0000000000035934.csv,10,27,0.7297297297297297,USA,37
2380,USA_CSV0000000000018004.csv,USA_CSV0000000000036479.csv,8,23,0.7419354838709677,USA,31
2388,USA_CSV0000000000018004.csv,USA_CSV0000000000000960.csv,9,33,0.7857142857142857,USA,42
2390,USA_CSV0000000000018004.csv,USA_CSV0000000000034754.csv,7,26,0.7878787878787878,USA,33
2392,USA_CSV0000000000035934.csv,USA_CSV0000000000035839.csv,10,35,0.7777777777777778,USA,45
2395,USA_CSV0000000000035934.csv,USA_CSV0000000000027843.csv,9,30,0.7692307692307693,USA,39
2396,USA_CSV0000000000035934.csv,USA_CSV0000000000018004.csv,10,27,0.7297297297297297,USA,37
2397,USA_CSV0000000000035934.csv,USA_CSV0000000000026909.csv,8,28,0.7777777777777778,USA,36
2400,USA_CSV0000000000035934.csv,USA_CSV0000000000011253.csv,9,29,0.7631578947368421,USA,38
2403,USA_CSV0000000000035934.csv,USA_CSV0000000000014813.csv,9,26,0.7428571428571429,USA,35
2404,USA_CSV0000000000035934.csv,USA_CSV0000000000005707.csv,11,26,0.7027027027027027,USA,37
2405,USA_CSV0000000000035934.csv,USA_CSV0000000000022198.csv,8,26,0.7647058823529411,USA,34
2408,USA_CSV0000000000035934.csv,USA_CSV0000000000018681.csv,9,29,0.7631578947368421,USA,38
2452,USA_CSV0000000000036104.csv,USA_CSV0000000000036885.csv,13,27,0.675,USA,40
2453,USA_CSV0000000000036104.csv,USA_CSV0000000000034028.csv,13,27,0.675,USA,40
2454,USA_CSV0000000000036104.csv,USA_CSV0000000000034371.csv,13,27,0.675,USA,40
2492,USA_CSV0000000000034497.csv,USA_CSV0000000000033413.csv,9,34,0.7906976744186046,USA,43
2497,USA_CSV0000000000034497.csv,USA_CSV0000000000032588.csv,9,34,0.7906976744186046,USA,43
2498,USA_CSV0000000000034497.csv,USA_CSV0000000000035042.csv,9,34,0.7906976744186046,USA,43
2504,USA_CSV0000000000036961.csv,USA_CSV0000000000035353.csv,16,17,0.5151515151515151,USA,33
2506,USA_CSV0000000000036961.csv,USA_CSV0000000000035712.csv,16,17,0.5151515151515151,USA,33
2531,USA_CSV0000000000033413.csv,USA_CSV0000000000035908.csv,9,34,0.7906976744186046,USA,43
2533,USA_CSV0000000000033413.csv,USA_CSV0000000000035203.csv,9,32,0.7804878048780488,USA,41
2536,USA_CSV0000000000033413.csv,USA_CSV0000000000034497.csv,9,34,0.7906976744186046,USA,43
2538,USA_CSV0000000000033413.csv,USA_CSV0000000000036256.csv,15,16,0.5161290322580645,USA,31
2581,USA_CSV0000000000033066.csv,USA_CSV0000000000034028.csv,13,27,0.675,USA,40
2582,USA_CSV0000000000033066.csv,USA_CSV0000000000034371.csv,13,27,0.675,USA,40
2644,USA_CSV0000000000036479.csv,USA_CSV0000000000035839.csv,10,27,0.7297297297297297,USA,37
2645,USA_CSV0000000000036479.csv,USA_CSV0000000000037025.csv,13,31,0.7045454545454546,USA,44
2647,USA_CSV0000000000036479.csv,USA_CSV0000000000027843.csv,9,22,0.7096774193548387,USA,31
2648,USA_CSV0000000000036479.csv,USA_CSV0000000000018004.csv,8,23,0.7419354838709677,USA,31
2649,USA_CSV0000000000036479.csv,USA_CSV0000000000000960.csv,10,32,0.7619047619047619,USA,42
2652,USA_CSV0000000000036479.csv,USA_CSV0000000000034754.csv,9,23,0.71875,USA,32
2668,USA_CSV0000000000035712.csv,USA_CSV0000000000034366.csv,16,17,0.5151515151515151,USA,33
2669,USA_CSV0000000000035712.csv,USA_CSV0000000000034454.csv,16,17,0.5151515151515151,USA,33
2670,USA_CSV0000000000035712.csv,USA_CSV0000000000033432.csv,16,17,0.5151515151515151,USA,33
2671,USA_CSV0000000000035712.csv,USA_CSV0000000000000564.csv,16,17,0.5151515151515151,USA,33
2672,USA_CSV0000000000035712.csv,USA_CSV0000000000032324.csv,16,17,0.5151515151515151,USA,33
2673,USA_CSV0000000000035712.csv,USA_CSV0000000000031864.csv,16,17,0.5151515151515151,USA,33
2674,USA_CSV0000000000035712.csv,USA_CSV0000000000034815.csv,16,17,0.5151515151515151,USA,33
2675,USA_CSV0000000000035712.csv,USA_CSV0000000000036536.csv,16,17,0.5151515151515151,USA,33
2676,USA_CSV0000000000035712.csv,USA_CSV0000000000032812.csv,16,17,0.5151515151515151,USA,33
2677,USA_CSV0000000000035712.csv,USA_CSV0000000000033015.csv,16,17,0.5151515151515151,USA,33
2678,USA_CSV0000000000035712.csv,USA_CSV0000000000036349.csv,16,17,0.5151515151515151,USA,33
2679,USA_CSV0000000000035712.csv,USA_CSV0000000000000610.csv,16,17,0.5151515151515151,USA,33
2680,USA_CSV0000000000035712.csv,USA_CSV0000000000035269.csv,16,17,0.5151515151515151,USA,33
2681,USA_CSV0000000000035712.csv,USA_CSV0000000000036961.csv,16,17,0.5151515151515151,USA,33
2682,USA_CSV0000000000035712.csv,USA_CSV0000000000035888.csv,16,17,0.5151515151515151,USA,33
2683,USA_CSV0000000000035712.csv,USA_CSV0000000000033288.csv,16,17,0.5151515151515151,USA,33
2686,USA_CSV0000000000033288.csv,USA_CSV0000000000035353.csv,16,17,0.5151515151515151,USA,33
2688,USA_CSV0000000000033288.csv,USA_CSV0000000000035712.csv,16,17,0.5151515151515151,USA,33
2698,USA_CSV0000000000033288.csv,USA_CSV0000000000037163.csv,16,17,0.5151515151515151,USA,33
2701,USA_CSV0000000000035888.csv,USA_CSV0000000000035353.csv,16,17,0.5151515151515151,USA,33
2703,USA_CSV0000000000035888.csv,USA_CSV0000000000035712.csv,16,17,0.5151515151515151,USA,33
2708,USA_CSV0000000000035888.csv,USA_CSV0000000000037163.csv,16,17,0.5151515151515151,USA,33
2715,USA_CSV0000000000032324.csv,USA_CSV0000000000035353.csv,16,17,0.5151515151515151,USA,33
2717,USA_CSV0000000000032324.csv,USA_CSV0000000000035712.csv,16,17,0.5151515151515151,USA,33
2725,USA_CSV0000000000032324.csv,USA_CSV0000000000037163.csv,16,17,0.5151515151515151,USA,33
2733,USA_CSV0000000000034122.csv,USA_CSV0000000000036187.csv,12,19,0.6129032258064516,USA,31
2741,USA_CSV0000000000034122.csv,USA_CSV0000000000036256.csv,12,20,0.625,USA,32
2759,USA_CSV0000000000036844.csv,USA_CSV0000000000035353.csv,16,17,0.5151515151515151,USA,33
2761,USA_CSV0000000000036844.csv,USA_CSV0000000000035712.csv,16,17,0.5151515151515151,USA,33
2769,USA_CSV0000000000032785.csv,USA_CSV0000000000010317.csv,25,15,0.375,USA,40
2770,USA_CSV0000000000032785.csv,USA_CSV0000000000035769.csv,27,15,0.3571428571428571,USA,42
2773,USA_CSV0000000000032785.csv,USA_CSV0000000000036210.csv,25,15,0.375,USA,40
2774,USA_CSV0000000000032785.csv,USA_CSV0000000000020133.csv,25,15,0.375,USA,40
2775,USA_CSV0000000000032785.csv,USA_CSV0000000000026175.csv,25,15,0.375,USA,40
2777,USA_CSV0000000000032785.csv,USA_CSV0000000000035799.csv,25,15,0.375,USA,40
2778,USA_CSV0000000000011855.csv,USA_CSV0000000000034954.csv,18,17,0.4857142857142857,USA,35
2779,USA_CSV0000000000011855.csv,USA_CSV0000000000001635.csv,18,17,0.4857142857142857,USA,35
2780,USA_CSV0000000000011855.csv,USA_CSV0000000000032100.csv,18,17,0.4857142857142857,USA,35
2781,USA_CSV0000000000011855.csv,USA_CSV0000000000002260.csv,18,17,0.4857142857142857,USA,35
2782,USA_CSV0000000000011855.csv,USA_CSV0000000000036023.csv,18,17,0.4857142857142857,USA,35
2783,USA_CSV0000000000011855.csv,USA_CSV0000000000036615.csv,18,17,0.4857142857142857,USA,35
2784,USA_CSV0000000000011855.csv,USA_CSV0000000000008320.csv,17,16,0.4848484848484848,USA,33
2785,USA_CSV0000000000011855.csv,USA_CSV0000000000024015.csv,17,16,0.4848484848484848,USA,33
2786,USA_CSV0000000000011855.csv,USA_CSV0000000000035683.csv,18,17,0.4857142857142857,USA,35
2787,USA_CSV0000000000011855.csv,USA_CSV0000000000035547.csv,18,17,0.4857142857142857,USA,35
2801,USA_CSV0000000000020493.csv,USA_CSV0000000000035769.csv,25,6,0.1935483870967742,USA,31
2802,USA_CSV0000000000020493.csv,USA_CSV0000000000035075.csv,25,15,0.375,USA,40
2803,USA_CSV0000000000020493.csv,USA_CSV0000000000032785.csv,25,15,0.375,USA,40
2807,USA_CSV0000000000020493.csv,USA_CSV0000000000033957.csv,25,15,0.375,USA,40
2808,USA_CSV0000000000020493.csv,USA_CSV0000000000032540.csv,25,15,0.375,USA,40
2809,USA_CSV0000000000020493.csv,USA_CSV0000000000034128.csv,25,15,0.375,USA,40
2815,USA_CSV0000000000033534.csv,USA_CSV0000000000035353.csv,16,17,0.5151515151515151,USA,33
2817,USA_CSV0000000000033534.csv,USA_CSV0000000000035712.csv,16,17,0.5151515151515151,USA,33
2834,USA_CSV0000000000031647.csv,USA_CSV0000000000035839.csv,11,25,0.6944444444444444,USA,36
2845,USA_CSV0000000000031647.csv,USA_CSV0000000000035934.csv,10,28,0.7368421052631579,USA,38
2862,USA_CSV0000000000031647.csv,USA_CSV0000000000000960.csv,12,28,0.7,USA,40
2864,USA_CSV0000000000031647.csv,USA_CSV0000000000034754.csv,7,27,0.7941176470588235,USA,34
2878,USA_CSV0000000000033774.csv,USA_CSV0000000000035353.csv,16,17,0.5151515151515151,USA,33
2880,USA_CSV0000000000033774.csv,USA_CSV0000000000035712.csv,16,17,0.5151515151515151,USA,33
2913,USA_CSV0000000000035269.csv,USA_CSV0000000000035353.csv,16,17,0.5151515151515151,USA,33
2915,USA_CSV0000000000035269.csv,USA_CSV0000000000035712.csv,16,17,0.5151515151515151,USA,33
2923,USA_CSV0000000000035269.csv,USA_CSV0000000000037163.csv,16,17,0.5151515151515151,USA,33
2924,USA_CSV0000000000037302.csv,USA_CSV0000000000036885.csv,13,27,0.675,USA,40
2925,USA_CSV0000000000037302.csv,USA_CSV0000000000034028.csv,13,27,0.675,USA,40
2926,USA_CSV0000000000037302.csv,USA_CSV0000000000034371.csv,13,27,0.675,USA,40
2982,USA_CSV0000000000036823.csv,USA_CSV0000000000035866.csv,9,26,0.7428571428571429,USA,35
2983,USA_CSV0000000000036823.csv,USA_CSV0000000000034107.csv,9,28,0.7567567567567568,USA,37
2986,USA_CSV0000000000036823.csv,USA_CSV0000000000031899.csv,9,26,0.7428571428571429,USA,35
2988,USA_CSV0000000000036823.csv,USA_CSV0000000000036187.csv,9,28,0.7567567567567568,USA,37
2989,USA_CSV0000000000036823.csv,USA_CSV0000000000034936.csv,9,25,0.7352941176470589,USA,34
2991,USA_CSV0000000000036823.csv,USA_CSV0000000000032754.csv,9,26,0.7428571428571429,USA,35
2994,USA_CSV0000000000036823.csv,USA_CSV0000000000034355.csv,9,24,0.7272727272727273,USA,33
3003,USA_CSV0000000000036823.csv,USA_CSV0000000000036256.csv,9,29,0.7631578947368421,USA,38
3004,USA_CSV0000000000036823.csv,USA_CSV0000000000036235.csv,9,25,0.7352941176470589,USA,34
3005,USA_CSV0000000000036823.csv,USA_CSV0000000000034251.csv,9,25,0.7352941176470589,USA,34
3007,USA_CSV0000000000036823.csv,USA_CSV0000000000032579.csv,9,26,0.7428571428571429,USA,35
3009,USA_CSV0000000000033432.csv,USA_CSV0000000000035353.csv,16,17,0.5151515151515151,USA,33
3011,USA_CSV0000000000033432.csv,USA_CSV0000000000035712.csv,16,17,0.5151515151515151,USA,33
3019,USA_CSV0000000000033432.csv,USA_CSV0000000000037163.csv,16,17,0.5151515151515151,USA,33
3113,USA_CSV0000000000033600.csv,USA_CSV0000000000035353.csv,16,17,0.5151515151515151,USA,33
3115,USA_CSV0000000000033600.csv,USA_CSV0000000000035712.csv,16,17,0.5151515151515151,USA,33
3120,USA_CSV0000000000033600.csv,USA_CSV0000000000037163.csv,16,17,0.5151515151515151,USA,33
3146,USA_CSV0000000000006400.csv,USA_CSV0000000000016782.csv,61,15,0.1973684210526315,USA,76
3147,USA_CSV0000000000006400.csv,USA_CSV0000000000004482.csv,32,54,0.627906976744186,USA,86
3148,USA_CSV0000000000006400.csv,USA_CSV0000000000019400.csv,65,12,0.1558441558441558,USA,77
3149,USA_CSV0000000000006400.csv,USA_CSV0000000000024540.csv,32,54,0.627906976744186,USA,86
3170,USA_CSV0000000000036536.csv,USA_CSV0000000000035353.csv,16,17,0.5151515151515151,USA,33
3172,USA_CSV0000000000036536.csv,USA_CSV0000000000035712.csv,16,17,0.5151515151515151,USA,33
3180,USA_CSV0000000000037099.csv,USA_CSV0000000000036885.csv,13,27,0.675,USA,40
3181,USA_CSV0000000000037099.csv,USA_CSV0000000000034028.csv,13,27,0.675,USA,40
3182,USA_CSV0000000000037099.csv,USA_CSV0000000000034371.csv,13,27,0.675,USA,40
3300,USA_CSV0000000000005707.csv,USA_CSV0000000000034787.csv,10,21,0.6774193548387096,USA,31
3301,USA_CSV0000000000005707.csv,USA_CSV0000000000033874.csv,10,25,0.7142857142857143,USA,35
3303,USA_CSV0000000000005707.csv,USA_CSV0000000000034361.csv,9,27,0.75,USA,36
3308,USA_CSV0000000000005853.csv,USA_CSV0000000000034605.csv,33,7,0.175,USA,40
3321,USA_CSV0000000000007166.csv,USA_CSV0000000000012506.csv,26,7,0.2121212121212121,USA,33
3330,USA_CSV0000000000007742.csv,USA_CSV0000000000035769.csv,25,6,0.1935483870967742,USA,31
3334,USA_CSV0000000000007742.csv,USA_CSV0000000000036673.csv,24,8,0.25,USA,32
3354,USA_CSV0000000000010317.csv,USA_CSV0000000000036673.csv,24,8,0.25,USA,32
3360,USA_CSV0000000000010317.csv,USA_CSV0000000000035769.csv,25,6,0.1935483870967742,USA,31
3404,USA_CSV0000000000012506.csv,USA_CSV0000000000007166.csv,26,7,0.2121212121212121,USA,33
3440,USA_CSV0000000000014301.csv,USA_CSV0000000000000960.csv,10,29,0.7435897435897436,USA,39
3455,USA_CSV0000000000014301.csv,USA_CSV0000000000035934.csv,9,27,0.75,USA,36
3500,USA_CSV0000000000014813.csv,USA_CSV0000000000034361.csv,7,27,0.7941176470588235,USA,34
3549,USA_CSV0000000000015129.csv,USA_CSV0000000000036582.csv,8,25,0.7575757575757576,USA,33
3550,USA_CSV0000000000015129.csv,USA_CSV0000000000029730.csv,7,26,0.7878787878787878,USA,33
3619,USA_CSV0000000000016409.csv,USA_CSV0000000000036673.csv,24,8,0.25,USA,32
3626,USA_CSV0000000000016409.csv,USA_CSV0000000000035769.csv,25,6,0.1935483870967742,USA,31
3680,USA_CSV0000000000018004.csv,USA_CSV0000000000036582.csv,7,27,0.7941176470588235,USA,34
3684,USA_CSV0000000000018004.csv,USA_CSV0000000000016853.csv,7,25,0.78125,USA,32
3707,USA_CSV0000000000020133.csv,USA_CSV0000000000036673.csv,24,8,0.25,USA,32
3715,USA_CSV0000000000020133.csv,USA_CSV0000000000035769.csv,25,6,0.1935483870967742,USA,31
3721,USA_CSV0000000000020206.csv,USA_CSV0000000000020627.csv,25,7,0.21875,USA,32
3722,USA_CSV0000000000020206.csv,USA_CSV0000000000005749.csv,25,7,0.21875,USA,32
3724,USA_CSV0000000000020206.csv,USA_CSV0000000000016979.csv,25,7,0.21875,USA,32
3732,USA_CSV0000000000020493.csv,USA_CSV0000000000036673.csv,24,8,0.25,USA,32
3753,USA_CSV0000000000020627.csv,USA_CSV0000000000020206.csv,25,7,0.21875,USA,32
3754,USA_CSV0000000000020627.csv,USA_CSV0000000000013185.csv,26,5,0.1612903225806451,USA,31
3791,USA_CSV0000000000023414.csv,USA_CSV0000000000035932.csv,8,25,0.7575757575757576,USA,33
3793,USA_CSV0000000000023414.csv,USA_CSV0000000000033874.csv,9,25,0.7352941176470589,USA,34
3795,USA_CSV0000000000023414.csv,USA_CSV0000000000034754.csv,8,23,0.7419354838709677,USA,31
3810,USA_CSV0000000000024259.csv,USA_CSV0000000000036673.csv,24,8,0.25,USA,32
3812,USA_CSV0000000000024259.csv,USA_CSV0000000000035769.csv,23,10,0.303030303030303,USA,33
3853,USA_CSV0000000000025463.csv,USA_CSV0000000000035934.csv,9,29,0.7631578947368421,USA,38
3854,USA_CSV0000000000025463.csv,USA_CSV0000000000033874.csv,11,22,0.6666666666666666,USA,33
3855,USA_CSV0000000000025463.csv,USA_CSV0000000000033252.csv,12,19,0.6129032258064516,USA,31
3856,USA_CSV0000000000025463.csv,USA_CSV0000000000029730.csv,9,22,0.7096774193548387,USA,31
3870,USA_CSV0000000000025644.csv,USA_CSV0000000000005710.csv,7,24,0.7741935483870968,USA,31
3893,USA_CSV0000000000026175.csv,USA_CSV0000000000035769.csv,25,6,0.1935483870967742,USA,31
3902,USA_CSV0000000000026175.csv,USA_CSV0000000000036673.csv,24,8,0.25,USA,32
3916,USA_CSV0000000000026909.csv,USA_CSV0000000000033874.csv,10,21,0.6774193548387096,USA,31
3950,USA_CSV0000000000027843.csv,USA_CSV0000000000016853.csv,9,22,0.7096774193548387,USA,31
3952,USA_CSV0000000000027843.csv,USA_CSV0000000000036479.csv,9,22,0.7096774193548387,USA,31
3954,USA_CSV0000000000027843.csv,USA_CSV0000000000034787.csv,9,23,0.71875,USA,32
3976,USA_CSV0000000000029730.csv,USA_CSV0000000000036582.csv,9,25,0.7352941176470589,USA,34
3978,USA_CSV0000000000029730.csv,USA_CSV0000000000011253.csv,7,26,0.7878787878787878,USA,33
3979,USA_CSV0000000000029730.csv,USA_CSV0000000000018681.csv,7,26,0.7878787878787878,USA,33
3981,USA_CSV0000000000029730.csv,USA_CSV0000000000015129.csv,7,26,0.7878787878787878,USA,33
3982,USA_CSV0000000000029730.csv,USA_CSV0000000000025463.csv,9,22,0.7096774193548387,USA,31
3984,USA_CSV0000000000029730.csv,USA_CSV0000000000033252.csv,8,29,0.7837837837837838,USA,37
4024,USA_CSV0000000000031647.csv,USA_CSV0000000000016853.csv,8,24,0.75,USA,32
4025,USA_CSV0000000000031647.csv,USA_CSV0000000000035932.csv,8,27,0.7714285714285715,USA,35
4027,USA_CSV0000000000031647.csv,USA_CSV0000000000033874.csv,9,27,0.75,USA,36
4028,USA_CSV0000000000031647.csv,USA_CSV0000000000036479.csv,9,22,0.7096774193548387,USA,31
4031,USA_CSV0000000000031647.csv,USA_CSV0000000000034787.csv,8,25,0.7575757575757576,USA,33
4046,USA_CSV0000000000031786.csv,USA_CSV0000000000033872.csv,34,4,0.1052631578947368,USA,38
4054,USA_CSV0000000000031864.csv,USA_CSV0000000000037163.csv,16,17,0.5151515151515151,USA,33
4055,USA_CSV0000000000031864.csv,USA_CSV0000000000035353.csv,16,17,0.5151515151515151,USA,33
4056,USA_CSV0000000000031864.csv,USA_CSV0000000000035712.csv,16,17,0.5151515151515151,USA,33
4136,USA_CSV0000000000032812.csv,USA_CSV0000000000035712.csv,16,17,0.5151515151515151,USA,33
4137,USA_CSV0000000000032812.csv,USA_CSV0000000000037163.csv,16,17,0.5151515151515151,USA,33
4139,USA_CSV0000000000033015.csv,USA_CSV0000000000035353.csv,16,17,0.5151515151515151,USA,33
4140,USA_CSV0000000000033015.csv,USA_CSV0000000000035712.csv,16,17,0.5151515151515151,USA,33
4170,USA_CSV0000000000033133.csv,USA_CSV0000000000035902__3.csv,38,74,0.6607142857142857,USA,112
4171,USA_CSV0000000000033133.csv,USA_CSV0000000000035902__1.csv,38,74,0.6607142857142857,USA,112
4172,USA_CSV0000000000033133.csv,USA_CSV0000000000035902__6.csv,38,74,0.6607142857142857,USA,112
4173,USA_CSV0000000000033133.csv,USA_CSV0000000000035902__5.csv,38,74,0.6607142857142857,USA,112
4174,USA_CSV0000000000033133.csv,USA_CSV0000000000035902__4.csv,38,74,0.6607142857142857,USA,112
4176,USA_CSV0000000000033133.csv,USA_CSV0000000000035902__0.csv,38,74,0.6607142857142857,USA,112
4177,USA_CSV0000000000033133.csv,USA_CSV0000000000035902__2.csv,38,74,0.6607142857142857,USA,112
4245,USA_CSV0000000000033169__10.csv,USA_CSV0000000000033169__21.csv,7,27,0.7941176470588235,USA,34
4251,USA_CSV0000000000033169__11.csv,USA_CSV0000000000033169__22.csv,7,27,0.7941176470588235,USA,34
4253,USA_CSV0000000000033169__11.csv,USA_CSV0000000000033169__24.csv,7,27,0.7941176470588235,USA,34
4254,USA_CSV0000000000033169__11.csv,USA_CSV0000000000033169__23.csv,7,27,0.7941176470588235,USA,34
4255,USA_CSV0000000000033169__11.csv,USA_CSV0000000000033169__21.csv,7,27,0.7941176470588235,USA,34
4256,USA_CSV0000000000033169__11.csv,USA_CSV0000000000033169__20.csv,7,27,0.7941176470588235,USA,34
4259,USA_CSV0000000000033169__12.csv,USA_CSV0000000000033169__20.csv,7,27,0.7941176470588235,USA,34
4261,USA_CSV0000000000033169__12.csv,USA_CSV0000000000033169__23.csv,7,27,0.7941176470588235,USA,34
4264,USA_CSV0000000000033169__12.csv,USA_CSV0000000000033169__22.csv,7,27,0.7941176470588235,USA,34
4265,USA_CSV0000000000033169__13.csv,USA_CSV0000000000033169__21.csv,7,27,0.7941176470588235,USA,34
4270,USA_CSV0000000000033169__13.csv,USA_CSV0000000000033169__20.csv,7,27,0.7941176470588235,USA,34
4271,USA_CSV0000000000033169__13.csv,USA_CSV0000000000033169__24.csv,7,27,0.7941176470588235,USA,34
4272,USA_CSV0000000000033169__13.csv,USA_CSV0000000000033169__23.csv,7,27,0.7941176470588235,USA,34
4273,USA_CSV0000000000033169__13.csv,USA_CSV0000000000033169__22.csv,7,27,0.7941176470588235,USA,34
4281,USA_CSV0000000000033169__14.csv,USA_CSV0000000000033169__23.csv,7,27,0.7941176470588235,USA,34
4282,USA_CSV0000000000033169__14.csv,USA_CSV0000000000033169__21.csv,7,27,0.7941176470588235,USA,34
4283,USA_CSV0000000000033169__14.csv,USA_CSV0000000000033169__22.csv,7,27,0.7941176470588235,USA,34
4284,USA_CSV0000000000033169__14.csv,USA_CSV0000000000033169__24.csv,7,27,0.7941176470588235,USA,34
4344,USA_CSV0000000000033169__20.csv,USA_CSV0000000000034070__21.csv,8,25,0.7575757575757576,USA,33
4345,USA_CSV0000000000033169__20.csv,USA_CSV0000000000034070__22.csv,8,25,0.7575757575757576,USA,33
4346,USA_CSV0000000000033169__20.csv,USA_CSV0000000000034070.csv,19,58,0.7532467532467533,USA,77
4347,USA_CSV0000000000033169__20.csv,USA_CSV0000000000034070__23.csv,8,25,0.7575757575757576,USA,33
4348,USA_CSV0000000000033169__20.csv,USA_CSV0000000000034070__20.csv,8,25,0.7575757575757576,USA,33
4349,USA_CSV0000000000033169__20.csv,USA_CSV0000000000034070__24.csv,8,25,0.7575757575757576,USA,33
4352,USA_CSV0000000000033169__20.csv,USA_CSV0000000000033169__11.csv,7,27,0.7941176470588235,USA,34
4353,USA_CSV0000000000033169__20.csv,USA_CSV0000000000033169__14.csv,7,27,0.7941176470588235,USA,34
4355,USA_CSV0000000000033169__20.csv,USA_CSV0000000000033169__13.csv,7,27,0.7941176470588235,USA,34
4359,USA_CSV0000000000033169__21.csv,USA_CSV0000000000034070__21.csv,8,25,0.7575757575757576,USA,33
4360,USA_CSV0000000000033169__21.csv,USA_CSV0000000000034070__22.csv,8,25,0.7575757575757576,USA,33
4361,USA_CSV0000000000033169__21.csv,USA_CSV0000000000034070.csv,19,58,0.7532467532467533,USA,77
4362,USA_CSV0000000000033169__21.csv,USA_CSV0000000000034070__23.csv,8,25,0.7575757575757576,USA,33
4363,USA_CSV0000000000033169__21.csv,USA_CSV0000000000034070__20.csv,8,25,0.7575757575757576,USA,33
4364,USA_CSV0000000000033169__21.csv,USA_CSV0000000000034070__24.csv,8,25,0.7575757575757576,USA,33
4366,USA_CSV0000000000033169__21.csv,USA_CSV0000000000033169__10.csv,7,27,0.7941176470588235,USA,34
4370,USA_CSV0000000000033169__21.csv,USA_CSV0000000000033169__12.csv,7,27,0.7941176470588235,USA,34
4371,USA_CSV0000000000033169__21.csv,USA_CSV0000000000033169__13.csv,7,27,0.7941176470588235,USA,34
4373,USA_CSV0000000000033169__21.csv,USA_CSV0000000000033169__11.csv,7,27,0.7941176470588235,USA,34
4376,USA_CSV0000000000033169__22.csv,USA_CSV0000000000034070__21.csv,8,25,0.7575757575757576,USA,33
4377,USA_CSV0000000000033169__22.csv,USA_CSV0000000000034070__22.csv,8,25,0.7575757575757576,USA,33
4378,USA_CSV0000000000033169__22.csv,USA_CSV0000000000034070.csv,19,58,0.7532467532467533,USA,77
4379,USA_CSV0000000000033169__22.csv,USA_CSV0000000000034070__23.csv,8,25,0.7575757575757576,USA,33
4380,USA_CSV0000000000033169__22.csv,USA_CSV0000000000034070__20.csv,8,25,0.7575757575757576,USA,33
4381,USA_CSV0000000000033169__22.csv,USA_CSV0000000000034070__24.csv,8,25,0.7575757575757576,USA,33
4382,USA_CSV0000000000033169__22.csv,USA_CSV0000000000033169__12.csv,7,27,0.7941176470588235,USA,34
4386,USA_CSV0000000000033169__22.csv,USA_CSV0000000000033169__11.csv,7,27,0.7941176470588235,USA,34
4387,USA_CSV0000000000033169__22.csv,USA_CSV0000000000033169__10.csv,7,27,0.7941176470588235,USA,34
4393,USA_CSV0000000000033169__23.csv,USA_CSV0000000000034070__21.csv,8,25,0.7575757575757576,USA,33
4394,USA_CSV0000000000033169__23.csv,USA_CSV0000000000034070__22.csv,8,25,0.7575757575757576,USA,33
4395,USA_CSV0000000000033169__23.csv,USA_CSV0000000000034070.csv,19,58,0.7532467532467533,USA,77
4396,USA_CSV0000000000033169__23.csv,USA_CSV0000000000034070__23.csv,8,25,0.7575757575757576,USA,33
4397,USA_CSV0000000000033169__23.csv,USA_CSV0000000000034070__20.csv,8,25,0.7575757575757576,USA,33
4398,USA_CSV0000000000033169__23.csv,USA_CSV0000000000034070__24.csv,8,25,0.7575757575757576,USA,33
4401,USA_CSV0000000000033169__23.csv,USA_CSV0000000000033169__11.csv,7,27,0.7941176470588235,USA,34
4402,USA_CSV0000000000033169__23.csv,USA_CSV0000000000033169__14.csv,7,27,0.7941176470588235,USA,34
4405,USA_CSV0000000000033169__23.csv,USA_CSV0000000000033169__10.csv,7,27,0.7941176470588235,USA,34
4407,USA_CSV0000000000033169__24.csv,USA_CSV0000000000034070__21.csv,8,25,0.7575757575757576,USA,33
4408,USA_CSV0000000000033169__24.csv,USA_CSV0000000000034070__22.csv,8,25,0.7575757575757576,USA,33
4409,USA_CSV0000000000033169__24.csv,USA_CSV0000000000034070.csv,19,58,0.7532467532467533,USA,77
4410,USA_CSV0000000000033169__24.csv,USA_CSV0000000000034070__23.csv,8,25,0.7575757575757576,USA,33
4411,USA_CSV0000000000033169__24.csv,USA_CSV0000000000034070__20.csv,8,25,0.7575757575757576,USA,33
4412,USA_CSV0000000000033169__24.csv,USA_CSV0000000000034070__24.csv,8,25,0.7575757575757576,USA,33
4415,USA_CSV0000000000033169__24.csv,USA_CSV0000000000033169__13.csv,7,27,0.7941176470588235,USA,34
4417,USA_CSV0000000000033169__24.csv,USA_CSV0000000000033169__11.csv,7,27,0.7941176470588235,USA,34
4418,USA_CSV0000000000033169__24.csv,USA_CSV0000000000033169__14.csv,7,27,0.7941176470588235,USA,34
4420,USA_CSV0000000000033169__24.csv,USA_CSV0000000000033169__10.csv,7,27,0.7941176470588235,USA,34
4431,USA_CSV0000000000033169__4.csv,USA_CSV0000000000033169.csv,16,52,0.7647058823529411,USA,68
4433,USA_CSV0000000000033169__4.csv,USA_CSV0000000000034070.csv,16,61,0.7922077922077922,USA,77
4454,USA_CSV0000000000033169__5.csv,USA_CSV0000000000034070__2.csv,11,40,0.7843137254901961,USA,51
4455,USA_CSV0000000000033169__5.csv,USA_CSV0000000000033169__14.csv,10,30,0.75,USA,40
4457,USA_CSV0000000000033169__6.csv,USA_CSV0000000000034070__3.csv,11,40,0.7843137254901961,USA,51
4458,USA_CSV0000000000033169__6.csv,USA_CSV0000000000034070__0.csv,11,40,0.7843137254901961,USA,51
4463,USA_CSV0000000000033169__7.csv,USA_CSV0000000000034070__4.csv,11,40,0.7843137254901961,USA,51
4464,USA_CSV0000000000033169__7.csv,USA_CSV0000000000034070__0.csv,11,40,0.7843137254901961,USA,51
4466,USA_CSV0000000000033169__7.csv,USA_CSV0000000000033169__12.csv,10,30,0.75,USA,40
4467,USA_CSV0000000000033169__7.csv,USA_CSV0000000000033169__11.csv,10,30,0.75,USA,40
4469,USA_CSV0000000000033169__8.csv,USA_CSV0000000000034070__1.csv,11,40,0.7843137254901961,USA,51
4472,USA_CSV0000000000033169__9.csv,USA_CSV0000000000034070__0.csv,11,40,0.7843137254901961,USA,51
4474,USA_CSV0000000000033169__9.csv,USA_CSV0000000000033169__12.csv,10,30,0.75,USA,40
4476,USA_CSV0000000000033169__9.csv,USA_CSV0000000000033169__10.csv,10,30,0.75,USA,40
4494,USA_CSV0000000000033252.csv,USA_CSV0000000000011253.csv,11,21,0.65625,USA,32
4495,USA_CSV0000000000033252.csv,USA_CSV0000000000018681.csv,11,21,0.65625,USA,32
4496,USA_CSV0000000000033252.csv,USA_CSV0000000000035934.csv,10,32,0.7619047619047619,USA,42
4497,USA_CSV0000000000033252.csv,USA_CSV0000000000033874.csv,11,27,0.7105263157894737,USA,38
4498,USA_CSV0000000000033252.csv,USA_CSV0000000000015129.csv,11,21,0.65625,USA,32
4499,USA_CSV0000000000033252.csv,USA_CSV0000000000025463.csv,12,19,0.6129032258064516,USA,31
4502,USA_CSV0000000000033252.csv,USA_CSV0000000000035839.csv,12,27,0.6923076923076923,USA,39
4503,USA_CSV0000000000033252.csv,USA_CSV0000000000014301.csv,10,21,0.6774193548387096,USA,31
4504,USA_CSV0000000000033252.csv,USA_CSV0000000000029730.csv,8,29,0.7837837837837838,USA,37
4505,USA_CSV0000000000033252.csv,USA_CSV0000000000016853.csv,9,26,0.7428571428571429,USA,35
4508,USA_CSV0000000000033252.csv,USA_CSV0000000000034361.csv,9,31,0.775,USA,40
4509,USA_CSV0000000000033252.csv,USA_CSV0000000000035932.csv,9,29,0.7631578947368421,USA,38
4516,USA_CSV0000000000033339__14.csv,USA_CSV0000000000033339__4.csv,43,118,0.7329192546583851,USA,161
4517,USA_CSV0000000000033339__14.csv,USA_CSV0000000000033339__6.csv,43,118,0.7329192546583851,USA,161
4518,USA_CSV0000000000033339__14.csv,USA_CSV0000000000033339__0.csv,43,118,0.7329192546583851,USA,161
4519,USA_CSV0000000000033339__14.csv,USA_CSV0000000000033339__3.csv,43,118,0.7329192546583851,USA,161
4520,USA_CSV0000000000033339__14.csv,USA_CSV0000000000033339__1.csv,43,118,0.7329192546583851,USA,161
4521,USA_CSV0000000000033339__14.csv,USA_CSV0000000000033339__5.csv,43,118,0.7329192546583851,USA,161
4522,USA_CSV0000000000033339__15.csv,USA_CSV0000000000033339__4.csv,43,118,0.7329192546583851,USA,161
4523,USA_CSV0000000000033339__15.csv,USA_CSV0000000000033339__0.csv,43,118,0.7329192546583851,USA,161
4524,USA_CSV0000000000033339__15.csv,USA_CSV0000000000033339__3.csv,43,118,0.7329192546583851,USA,161
4525,USA_CSV0000000000033339__15.csv,USA_CSV0000000000033339__2.csv,43,118,0.7329192546583851,USA,161
4526,USA_CSV0000000000033339__16.csv,USA_CSV0000000000033339__4.csv,43,118,0.7329192546583851,USA,161
4527,USA_CSV0000000000033339__16.csv,USA_CSV0000000000033339__0.csv,43,118,0.7329192546583851,USA,161
4528,USA_CSV0000000000033339__16.csv,USA_CSV0000000000033339__5.csv,43,118,0.7329192546583851,USA,161
4529,USA_CSV0000000000033339__16.csv,USA_CSV0000000000033339__2.csv,43,118,0.7329192546583851,USA,161
4530,USA_CSV0000000000033339__17.csv,USA_CSV0000000000033339__4.csv,43,118,0.7329192546583851,USA,161
4531,USA_CSV0000000000033339__17.csv,USA_CSV0000000000033339__6.csv,43,118,0.7329192546583851,USA,161
4532,USA_CSV0000000000033339__17.csv,USA_CSV0000000000033339__0.csv,43,118,0.7329192546583851,USA,161
4533,USA_CSV0000000000033339__17.csv,USA_CSV0000000000033339__2.csv,43,118,0.7329192546583851,USA,161
4534,USA_CSV0000000000033339__18.csv,USA_CSV0000000000033339__6.csv,43,118,0.7329192546583851,USA,161
4535,USA_CSV0000000000033339__18.csv,USA_CSV0000000000033339__1.csv,43,118,0.7329192546583851,USA,161
4536,USA_CSV0000000000033339__18.csv,USA_CSV0000000000033339__5.csv,43,118,0.7329192546583851,USA,161
4537,USA_CSV0000000000033339__18.csv,USA_CSV0000000000033339__2.csv,43,118,0.7329192546583851,USA,161
4538,USA_CSV0000000000033339__19.csv,USA_CSV0000000000033339__6.csv,43,118,0.7329192546583851,USA,161
4539,USA_CSV0000000000033339__19.csv,USA_CSV0000000000033339__1.csv,43,118,0.7329192546583851,USA,161
4540,USA_CSV0000000000033339__19.csv,USA_CSV0000000000033339__5.csv,43,118,0.7329192546583851,USA,161
4542,USA_CSV0000000000033339__20.csv,USA_CSV0000000000033339__4.csv,43,118,0.7329192546583851,USA,161
4543,USA_CSV0000000000033339__20.csv,USA_CSV0000000000033339__6.csv,43,118,0.7329192546583851,USA,161
4544,USA_CSV0000000000033339__20.csv,USA_CSV0000000000033339__0.csv,43,118,0.7329192546583851,USA,161
4545,USA_CSV0000000000033339__20.csv,USA_CSV0000000000033339__1.csv,43,118,0.7329192546583851,USA,161
4546,USA_CSV0000000000033339__20.csv,USA_CSV0000000000033339__5.csv,43,118,0.7329192546583851,USA,161
4547,USA_CSV0000000000033339__20.csv,USA_CSV0000000000033339__2.csv,43,118,0.7329192546583851,USA,161
4548,USA_CSV0000000000033339__21.csv,USA_CSV0000000000033339__20.csv,38,117,0.7548387096774194,USA,155
4549,USA_CSV0000000000033339__21.csv,USA_CSV0000000000033339__17.csv,38,117,0.7548387096774194,USA,155
4550,USA_CSV0000000000033339__21.csv,USA_CSV0000000000033339__18.csv,38,117,0.7548387096774194,USA,155
4551,USA_CSV0000000000033339__21.csv,USA_CSV0000000000033339__19.csv,38,117,0.7548387096774194,USA,155
4552,USA_CSV0000000000033339__22.csv,USA_CSV0000000000033339__20.csv,38,117,0.7548387096774194,USA,155
4553,USA_CSV0000000000033339__22.csv,USA_CSV0000000000033339__17.csv,38,117,0.7548387096774194,USA,155
4554,USA_CSV0000000000033339__22.csv,USA_CSV0000000000033339__15.csv,38,117,0.7548387096774194,USA,155
4555,USA_CSV0000000000033339__22.csv,USA_CSV0000000000033339__19.csv,38,117,0.7548387096774194,USA,155
4556,USA_CSV0000000000033339__23.csv,USA_CSV0000000000033339__14.csv,38,117,0.7548387096774194,USA,155
4557,USA_CSV0000000000033339__23.csv,USA_CSV0000000000033339__20.csv,38,117,0.7548387096774194,USA,155
4558,USA_CSV0000000000033339__23.csv,USA_CSV0000000000033339__17.csv,38,117,0.7548387096774194,USA,155
4559,USA_CSV0000000000033339__23.csv,USA_CSV0000000000033339__18.csv,38,117,0.7548387096774194,USA,155
4560,USA_CSV0000000000033339__23.csv,USA_CSV0000000000033339__19.csv,38,117,0.7548387096774194,USA,155
4561,USA_CSV0000000000033339__24.csv,USA_CSV0000000000033339__20.csv,38,117,0.7548387096774194,USA,155
4562,USA_CSV0000000000033339__24.csv,USA_CSV0000000000033339__16.csv,38,117,0.7548387096774194,USA,155
4563,USA_CSV0000000000033339__24.csv,USA_CSV0000000000033339__17.csv,38,117,0.7548387096774194,USA,155
4564,USA_CSV0000000000033339__24.csv,USA_CSV0000000000033339__15.csv,38,117,0.7548387096774194,USA,155
4565,USA_CSV0000000000033339__24.csv,USA_CSV0000000000033339__18.csv,38,117,0.7548387096774194,USA,155
4566,USA_CSV0000000000033339__24.csv,USA_CSV0000000000033339__19.csv,38,117,0.7548387096774194,USA,155
4567,USA_CSV0000000000033339__25.csv,USA_CSV0000000000033339__20.csv,38,117,0.7548387096774194,USA,155
4568,USA_CSV0000000000033339__25.csv,USA_CSV0000000000033339__17.csv,38,117,0.7548387096774194,USA,155
4569,USA_CSV0000000000033339__25.csv,USA_CSV0000000000033339__18.csv,38,117,0.7548387096774194,USA,155
4570,USA_CSV0000000000033339__25.csv,USA_CSV0000000000033339__19.csv,38,117,0.7548387096774194,USA,155
4571,USA_CSV0000000000033339__26.csv,USA_CSV0000000000033339__14.csv,38,117,0.7548387096774194,USA,155
4572,USA_CSV0000000000033339__26.csv,USA_CSV0000000000033339__20.csv,38,117,0.7548387096774194,USA,155
4573,USA_CSV0000000000033339__26.csv,USA_CSV0000000000033339__16.csv,38,117,0.7548387096774194,USA,155
4574,USA_CSV0000000000033339__26.csv,USA_CSV0000000000033339__17.csv,38,117,0.7548387096774194,USA,155
4575,USA_CSV0000000000033339__27.csv,USA_CSV0000000000033339__14.csv,38,117,0.7548387096774194,USA,155
4576,USA_CSV0000000000033339__27.csv,USA_CSV0000000000033339__17.csv,38,117,0.7548387096774194,USA,155
4577,USA_CSV0000000000033339__27.csv,USA_CSV0000000000033339__18.csv,38,117,0.7548387096774194,USA,155
4578,USA_CSV0000000000033339__27.csv,USA_CSV0000000000033339__19.csv,38,117,0.7548387096774194,USA,155
4586,USA_CSV0000000000033369.csv,USA_CSV0000000000037163.csv,16,17,0.5151515151515151,USA,33
4587,USA_CSV0000000000033369.csv,USA_CSV0000000000035712.csv,16,17,0.5151515151515151,USA,33
4595,USA_CSV0000000000033473.csv,USA_CSV0000000000009716.csv,10,32,0.7619047619047619,USA,42
4634,USA_CSV0000000000033774.csv,USA_CSV0000000000037163.csv,16,17,0.5151515151515151,USA,33
4635,USA_CSV0000000000033847.csv,USA_CSV0000000000033847__23.csv,46,52,0.5306122448979592,USA,98
4667,USA_CSV0000000000033847__11.csv,USA_CSV0000000000037101__8.csv,16,46,0.7419354838709677,USA,62
4668,USA_CSV0000000000033847__11.csv,USA_CSV0000000000037101__7.csv,16,46,0.7419354838709677,USA,62
4669,USA_CSV0000000000033847__11.csv,USA_CSV0000000000037101__6.csv,16,46,0.7419354838709677,USA,62
4676,USA_CSV0000000000033847__12.csv,USA_CSV0000000000034882__3.csv,13,48,0.7868852459016393,USA,61
4677,USA_CSV0000000000033847__12.csv,USA_CSV0000000000034882__0.csv,13,48,0.7868852459016393,USA,61
4678,USA_CSV0000000000033847__12.csv,USA_CSV0000000000033847__22.csv,13,51,0.796875,USA,64
4690,USA_CSV0000000000033847__14.csv,USA_CSV0000000000034882__3.csv,13,48,0.7868852459016393,USA,61
4691,USA_CSV0000000000033847__14.csv,USA_CSV0000000000033847__10.csv,13,45,0.7758620689655172,USA,58
4711,USA_CSV0000000000033847__17.csv,USA_CSV0000000000034882__3.csv,13,48,0.7868852459016393,USA,61
4712,USA_CSV0000000000033847__17.csv,USA_CSV0000000000033847__27.csv,16,41,0.7192982456140351,USA,57
4713,USA_CSV0000000000033847__17.csv,USA_CSV0000000000033847__11.csv,13,45,0.7758620689655172,USA,58
4714,USA_CSV0000000000033847__17.csv,USA_CSV0000000000033847__22.csv,13,51,0.796875,USA,64
4736,USA_CSV0000000000033847__23.csv,USA_CSV0000000000034882.csv,46,52,0.5306122448979592,USA,98
4738,USA_CSV0000000000033847__23.csv,USA_CSV0000000000033847.csv,46,52,0.5306122448979592,USA,98
4739,USA_CSV0000000000033847__23.csv,USA_CSV0000000000037101.csv,46,52,0.5306122448979592,USA,98
4742,USA_CSV0000000000033847__24.csv,USA_CSV0000000000034882__3.csv,20,47,0.7014925373134329,USA,67
4743,USA_CSV0000000000033847__24.csv,USA_CSV0000000000034882__1.csv,20,47,0.7014925373134329,USA,67
4744,USA_CSV0000000000033847__24.csv,USA_CSV0000000000034882__5.csv,20,47,0.7014925373134329,USA,67
4745,USA_CSV0000000000033847__24.csv,USA_CSV0000000000034882__4.csv,20,47,0.7014925373134329,USA,67
4746,USA_CSV0000000000033847__24.csv,USA_CSV0000000000034882__0.csv,20,47,0.7014925373134329,USA,67
4747,USA_CSV0000000000033847__25.csv,USA_CSV0000000000034882__3.csv,20,47,0.7014925373134329,USA,67
4748,USA_CSV0000000000033847__25.csv,USA_CSV0000000000034882__5.csv,20,47,0.7014925373134329,USA,67
4749,USA_CSV0000000000033847__25.csv,USA_CSV0000000000034882__4.csv,20,47,0.7014925373134329,USA,67
4750,USA_CSV0000000000033847__25.csv,USA_CSV0000000000034882__0.csv,20,47,0.7014925373134329,USA,67
4751,USA_CSV0000000000033847__25.csv,USA_CSV0000000000034882__2.csv,20,47,0.7014925373134329,USA,67
4752,USA_CSV0000000000033847__26.csv,USA_CSV0000000000034882__3.csv,20,47,0.7014925373134329,USA,67
4753,USA_CSV0000000000033847__26.csv,USA_CSV0000000000034882__4.csv,20,47,0.7014925373134329,USA,67
4754,USA_CSV0000000000033847__26.csv,USA_CSV0000000000034882__0.csv,20,47,0.7014925373134329,USA,67
4755,USA_CSV0000000000033847__26.csv,USA_CSV0000000000034882__2.csv,20,47,0.7014925373134329,USA,67
4756,USA_CSV0000000000033847__27.csv,USA_CSV0000000000034882__3.csv,20,47,0.7014925373134329,USA,67
4757,USA_CSV0000000000033847__27.csv,USA_CSV0000000000034882__1.csv,20,47,0.7014925373134329,USA,67
4758,USA_CSV0000000000033847__27.csv,USA_CSV0000000000034882__4.csv,20,47,0.7014925373134329,USA,67
4759,USA_CSV0000000000033847__27.csv,USA_CSV0000000000034882__0.csv,20,47,0.7014925373134329,USA,67
4760,USA_CSV0000000000033847__28.csv,USA_CSV0000000000034882__3.csv,20,47,0.7014925373134329,USA,67
4761,USA_CSV0000000000033847__28.csv,USA_CSV0000000000034882__5.csv,20,47,0.7014925373134329,USA,67
4762,USA_CSV0000000000033847__28.csv,USA_CSV0000000000034882__4.csv,20,47,0.7014925373134329,USA,67
4763,USA_CSV0000000000033847__28.csv,USA_CSV0000000000034882__0.csv,20,47,0.7014925373134329,USA,67
4764,USA_CSV0000000000033847__29.csv,USA_CSV0000000000034882__3.csv,20,47,0.7014925373134329,USA,67
4765,USA_CSV0000000000033847__29.csv,USA_CSV0000000000034882__1.csv,20,47,0.7014925373134329,USA,67
4766,USA_CSV0000000000033847__29.csv,USA_CSV0000000000034882__5.csv,20,47,0.7014925373134329,USA,67
4767,USA_CSV0000000000033847__29.csv,USA_CSV0000000000034882__4.csv,20,47,0.7014925373134329,USA,67
4773,USA_CSV0000000000033847__3.csv,USA_CSV0000000000034882__13.csv,11,40,0.7843137254901961,USA,51
4783,USA_CSV0000000000033847__6.csv,USA_CSV0000000000037101__9.csv,16,46,0.7419354838709677,USA,62
4784,USA_CSV0000000000033847__6.csv,USA_CSV0000000000037101__7.csv,16,46,0.7419354838709677,USA,62
4785,USA_CSV0000000000033847__6.csv,USA_CSV0000000000037101__6.csv,16,46,0.7419354838709677,USA,62
4788,USA_CSV0000000000033847__7.csv,USA_CSV0000000000037101.csv,40,58,0.5918367346938775,USA,98
4789,USA_CSV0000000000033847__7.csv,USA_CSV0000000000034882.csv,40,58,0.5918367346938775,USA,98
4792,USA_CSV0000000000033847__7.csv,USA_CSV0000000000033847.csv,40,58,0.5918367346938775,USA,98
4794,USA_CSV0000000000033847__7.csv,USA_CSV0000000000037101__9.csv,16,46,0.7419354838709677,USA,62
4795,USA_CSV0000000000033847__7.csv,USA_CSV0000000000037101__8.csv,16,46,0.7419354838709677,USA,62
4796,USA_CSV0000000000033847__7.csv,USA_CSV0000000000037101__7.csv,16,46,0.7419354838709677,USA,62
4797,USA_CSV0000000000033847__7.csv,USA_CSV0000000000037101__6.csv,16,46,0.7419354838709677,USA,62
4800,USA_CSV0000000000033847__8.csv,USA_CSV0000000000037101__6.csv,16,46,0.7419354838709677,USA,62
4801,USA_CSV0000000000033847__8.csv,USA_CSV0000000000037101__8.csv,16,46,0.7419354838709677,USA,62
4804,USA_CSV0000000000033847__9.csv,USA_CSV0000000000037101__8.csv,16,46,0.7419354838709677,USA,62
4805,USA_CSV0000000000033847__9.csv,USA_CSV0000000000037101__9.csv,16,46,0.7419354838709677,USA,62
4809,USA_CSV0000000000033874.csv,USA_CSV0000000000033252.csv,11,27,0.7105263157894737,USA,38
4810,USA_CSV0000000000033874.csv,USA_CSV0000000000031647.csv,9,27,0.75,USA,36
4811,USA_CSV0000000000033874.csv,USA_CSV0000000000005707.csv,10,25,0.7142857142857143,USA,35
4812,USA_CSV0000000000033874.csv,USA_CSV0000000000035932.csv,9,30,0.7692307692307693,USA,39
4825,USA_CSV0000000000033963.csv,USA_CSV0000000000031568.csv,22,9,0.2903225806451613,USA,31
4996,USA_CSV0000000000034070__20.csv,USA_CSV0000000000033169.csv,17,54,0.7605633802816901,USA,71
5002,USA_CSV0000000000034070__21.csv,USA_CSV0000000000033169.csv,17,54,0.7605633802816901,USA,71
5010,USA_CSV0000000000034070__21.csv,USA_CSV0000000000033169__21.csv,8,25,0.7575757575757576,USA,33
5015,USA_CSV0000000000034070__22.csv,USA_CSV0000000000033169.csv,17,54,0.7605633802816901,USA,71
5025,USA_CSV0000000000034070__22.csv,USA_CSV0000000000033169__20.csv,8,25,0.7575757575757576,USA,33
5028,USA_CSV0000000000034070__23.csv,USA_CSV0000000000033169.csv,17,54,0.7605633802816901,USA,71
5035,USA_CSV0000000000034070__23.csv,USA_CSV0000000000033169__20.csv,8,25,0.7575757575757576,USA,33
5038,USA_CSV0000000000034070__23.csv,USA_CSV0000000000033169__21.csv,8,25,0.7575757575757576,USA,33
5039,USA_CSV0000000000034070__23.csv,USA_CSV0000000000033169__24.csv,8,25,0.7575757575757576,USA,33
5043,USA_CSV0000000000034070__24.csv,USA_CSV0000000000033169.csv,16,56,0.7777777777777778,USA,72
5045,USA_CSV0000000000034070__24.csv,USA_CSV0000000000034070.csv,20,57,0.7402597402597403,USA,77
5053,USA_CSV0000000000034070__24.csv,USA_CSV0000000000033169__21.csv,8,25,0.7575757575757576,USA,33
5054,USA_CSV0000000000034070__24.csv,USA_CSV0000000000033169__24.csv,8,25,0.7575757575757576,USA,33
5056,USA_CSV0000000000034070__24.csv,USA_CSV0000000000033169__23.csv,8,25,0.7575757575757576,USA,33
5126,USA_CSV0000000000034107.csv,USA_CSV0000000000036256.csv,23,9,0.28125,USA,32
5134,USA_CSV0000000000034251.csv,USA_CSV0000000000032754.csv,15,19,0.5588235294117647,USA,34
5135,USA_CSV0000000000034251.csv,USA_CSV0000000000035866.csv,15,19,0.5588235294117647,USA,34
5136,USA_CSV0000000000034251.csv,USA_CSV0000000000031899.csv,15,19,0.5588235294117647,USA,34
5137,USA_CSV0000000000034251.csv,USA_CSV0000000000034355.csv,15,17,0.53125,USA,32
5138,USA_CSV0000000000034251.csv,USA_CSV0000000000032579.csv,15,19,0.5588235294117647,USA,34
5140,USA_CSV0000000000034251.csv,USA_CSV0000000000036256.csv,17,18,0.5142857142857142,USA,35
5143,USA_CSV0000000000034251.csv,USA_CSV0000000000036187.csv,16,19,0.5428571428571428,USA,35
5160,USA_CSV0000000000034366.csv,USA_CSV0000000000035353.csv,16,17,0.5151515151515151,USA,33
5168,USA_CSV0000000000034366.csv,USA_CSV0000000000037163.csv,16,17,0.5151515151515151,USA,33
5170,USA_CSV0000000000034366.csv,USA_CSV0000000000035712.csv,16,17,0.5151515151515151,USA,33
5181,USA_CSV0000000000034454.csv,USA_CSV0000000000035353.csv,16,17,0.5151515151515151,USA,33
5209,USA_CSV0000000000034707__0.csv,USA_CSV0000000000034707__14.csv,11,36,0.7659574468085106,USA,47
5210,USA_CSV0000000000034707__0.csv,USA_CSV0000000000034707__10.csv,11,36,0.7659574468085106,USA,47
5211,USA_CSV0000000000034707__0.csv,USA_CSV0000000000034707__13.csv,11,36,0.7659574468085106,USA,47
5212,USA_CSV0000000000034707__0.csv,USA_CSV0000000000034707__11.csv,11,36,0.7659574468085106,USA,47
5213,USA_CSV0000000000034707__0.csv,USA_CSV0000000000034707__12.csv,11,36,0.7659574468085106,USA,47
5215,USA_CSV0000000000034707__1.csv,USA_CSV0000000000034707__10.csv,11,36,0.7659574468085106,USA,47
5216,USA_CSV0000000000034707__1.csv,USA_CSV0000000000034707__12.csv,11,36,0.7659574468085106,USA,47
5217,USA_CSV0000000000034707__1.csv,USA_CSV0000000000034707__14.csv,11,36,0.7659574468085106,USA,47
5218,USA_CSV0000000000034707__1.csv,USA_CSV0000000000034707__13.csv,11,36,0.7659574468085106,USA,47
5219,USA_CSV0000000000034707__1.csv,USA_CSV0000000000034707__11.csv,11,36,0.7659574468085106,USA,47
5221,USA_CSV0000000000034707__10.csv,USA_CSV0000000000036757.csv,26,40,0.6060606060606061,USA,66
5222,USA_CSV0000000000034707__10.csv,USA_CSV0000000000034707__2.csv,11,36,0.7659574468085106,USA,47
5223,USA_CSV0000000000034707__10.csv,USA_CSV0000000000034707__4.csv,11,36,0.7659574468085106,USA,47
5224,USA_CSV0000000000034707__10.csv,USA_CSV0000000000034707__1.csv,11,36,0.7659574468085106,USA,47
5225,USA_CSV0000000000034707__10.csv,USA_CSV0000000000034707__0.csv,11,36,0.7659574468085106,USA,47
5226,USA_CSV0000000000034707__10.csv,USA_CSV0000000000034707__3.csv,11,36,0.7659574468085106,USA,47
5230,USA_CSV0000000000034707__11.csv,USA_CSV0000000000036757.csv,26,40,0.6060606060606061,USA,66
5231,USA_CSV0000000000034707__11.csv,USA_CSV0000000000034707__2.csv,11,36,0.7659574468085106,USA,47
5232,USA_CSV0000000000034707__11.csv,USA_CSV0000000000034707__4.csv,11,36,0.7659574468085106,USA,47
5233,USA_CSV0000000000034707__11.csv,USA_CSV0000000000034707__1.csv,11,36,0.7659574468085106,USA,47
5234,USA_CSV0000000000034707__11.csv,USA_CSV0000000000034707__0.csv,11,36,0.7659574468085106,USA,47
5235,USA_CSV0000000000034707__11.csv,USA_CSV0000000000034707__3.csv,11,36,0.7659574468085106,USA,47
5238,USA_CSV0000000000034707__12.csv,USA_CSV0000000000036757.csv,26,40,0.6060606060606061,USA,66
5239,USA_CSV0000000000034707__12.csv,USA_CSV0000000000034707__2.csv,11,36,0.7659574468085106,USA,47
5240,USA_CSV0000000000034707__12.csv,USA_CSV0000000000034707__4.csv,11,36,0.7659574468085106,USA,47
5241,USA_CSV0000000000034707__12.csv,USA_CSV0000000000034707__1.csv,11,36,0.7659574468085106,USA,47
5242,USA_CSV0000000000034707__12.csv,USA_CSV0000000000034707__0.csv,11,36,0.7659574468085106,USA,47
5243,USA_CSV0000000000034707__12.csv,USA_CSV0000000000034707__3.csv,11,36,0.7659574468085106,USA,47
5246,USA_CSV0000000000034707__13.csv,USA_CSV0000000000036757.csv,26,40,0.6060606060606061,USA,66
5247,USA_CSV0000000000034707__13.csv,USA_CSV0000000000034707__2.csv,11,36,0.7659574468085106,USA,47
5248,USA_CSV0000000000034707__13.csv,USA_CSV0000000000034707__4.csv,11,36,0.7659574468085106,USA,47
5249,USA_CSV0000000000034707__13.csv,USA_CSV0000000000034707__1.csv,11,36,0.7659574468085106,USA,47
5250,USA_CSV0000000000034707__13.csv,USA_CSV0000000000034707__0.csv,11,36,0.7659574468085106,USA,47
5251,USA_CSV0000000000034707__13.csv,USA_CSV0000000000034707__3.csv,11,36,0.7659574468085106,USA,47
5254,USA_CSV0000000000034707__14.csv,USA_CSV0000000000036757.csv,26,40,0.6060606060606061,USA,66
5255,USA_CSV0000000000034707__14.csv,USA_CSV0000000000034707__2.csv,11,36,0.7659574468085106,USA,47
5256,USA_CSV0000000000034707__14.csv,USA_CSV0000000000034707__4.csv,11,36,0.7659574468085106,USA,47
5257,USA_CSV0000000000034707__14.csv,USA_CSV0000000000034707__1.csv,11,36,0.7659574468085106,USA,47
5258,USA_CSV0000000000034707__14.csv,USA_CSV0000000000034707__0.csv,11,36,0.7659574468085106,USA,47
5259,USA_CSV0000000000034707__14.csv,USA_CSV0000000000034707__3.csv,11,36,0.7659574468085106,USA,47
5263,USA_CSV0000000000034707__2.csv,USA_CSV0000000000034707__12.csv,11,36,0.7659574468085106,USA,47
5264,USA_CSV0000000000034707__2.csv,USA_CSV0000000000034707__10.csv,11,36,0.7659574468085106,USA,47
5266,USA_CSV0000000000034707__3.csv,USA_CSV0000000000034707__14.csv,11,36,0.7659574468085106,USA,47
5267,USA_CSV0000000000034707__3.csv,USA_CSV0000000000034707__10.csv,11,36,0.7659574468085106,USA,47
5268,USA_CSV0000000000034707__3.csv,USA_CSV0000000000034707__13.csv,11,36,0.7659574468085106,USA,47
5269,USA_CSV0000000000034707__3.csv,USA_CSV0000000000034707__11.csv,11,36,0.7659574468085106,USA,47
5270,USA_CSV0000000000034707__4.csv,USA_CSV0000000000034707__12.csv,11,36,0.7659574468085106,USA,47
5271,USA_CSV0000000000034707__4.csv,USA_CSV0000000000034707__10.csv,11,36,0.7659574468085106,USA,47
5272,USA_CSV0000000000034707__4.csv,USA_CSV0000000000034707__13.csv,11,36,0.7659574468085106,USA,47
5275,USA_CSV0000000000034754.csv,USA_CSV0000000000015129.csv,8,24,0.75,USA,32
5276,USA_CSV0000000000034754.csv,USA_CSV0000000000011253.csv,8,24,0.75,USA,32
5277,USA_CSV0000000000034754.csv,USA_CSV0000000000018681.csv,8,24,0.75,USA,32
5278,USA_CSV0000000000034754.csv,USA_CSV0000000000023414.csv,8,23,0.7419354838709677,USA,31
5279,USA_CSV0000000000034754.csv,USA_CSV0000000000035932.csv,8,28,0.7777777777777778,USA,36
5280,USA_CSV0000000000034754.csv,USA_CSV0000000000035790.csv,9,23,0.71875,USA,32
5281,USA_CSV0000000000034754.csv,USA_CSV0000000000034787.csv,9,24,0.7272727272727273,USA,33
5282,USA_CSV0000000000034754.csv,USA_CSV0000000000025463.csv,9,22,0.7096774193548387,USA,31
5285,USA_CSV0000000000034815.csv,USA_CSV0000000000035712.csv,16,17,0.5151515151515151,USA,33
5286,USA_CSV0000000000034815.csv,USA_CSV0000000000037163.csv,16,17,0.5151515151515151,USA,33
5290,USA_CSV0000000000034882.csv,USA_CSV0000000000033847__23.csv,46,52,0.5306122448979592,USA,98
5293,USA_CSV0000000000034882__0.csv,USA_CSV0000000000037101__5.csv,21,46,0.6865671641791045,USA,67
5294,USA_CSV0000000000034882__0.csv,USA_CSV0000000000037101__4.csv,21,46,0.6865671641791045,USA,67
5295,USA_CSV0000000000034882__0.csv,USA_CSV0000000000037101__3.csv,21,46,0.6865671641791045,USA,67
5296,USA_CSV0000000000034882__0.csv,USA_CSV0000000000037101__0.csv,21,46,0.6865671641791045,USA,67
5297,USA_CSV0000000000034882__1.csv,USA_CSV0000000000037101__5.csv,21,46,0.6865671641791045,USA,67
5298,USA_CSV0000000000034882__1.csv,USA_CSV0000000000037101__4.csv,21,46,0.6865671641791045,USA,67
5299,USA_CSV0000000000034882__1.csv,USA_CSV0000000000037101__1.csv,21,46,0.6865671641791045,USA,67
5300,USA_CSV0000000000034882__1.csv,USA_CSV0000000000037101__0.csv,21,46,0.6865671641791045,USA,67
5301,USA_CSV0000000000034882__1.csv,USA_CSV0000000000037101__2.csv,21,46,0.6865671641791045,USA,67
5314,USA_CSV0000000000034882__12.csv,USA_CSV0000000000033847__11.csv,15,46,0.7540983606557377,USA,61
5317,USA_CSV0000000000034882__13.csv,USA_CSV0000000000034882__2.csv,16,47,0.746031746031746,USA,63
5318,USA_CSV0000000000034882__13.csv,USA_CSV0000000000033847__11.csv,15,46,0.7540983606557377,USA,61
5319,USA_CSV0000000000034882__15.csv,USA_CSV0000000000034882__16.csv,33,4,0.1081081081081081,USA,37
5320,USA_CSV0000000000034882__15.csv,USA_CSV0000000000034882__12.csv,33,4,0.1081081081081081,USA,37
5321,USA_CSV0000000000034882__15.csv,USA_CSV0000000000034882.csv,33,66,0.6666666666666666,USA,99
5322,USA_CSV0000000000034882__15.csv,USA_CSV0000000000034882__13.csv,33,4,0.1081081081081081,USA,37
5323,USA_CSV0000000000034882__15.csv,USA_CSV0000000000034882__14.csv,33,4,0.1081081081081081,USA,37
5324,USA_CSV0000000000034882__15.csv,USA_CSV0000000000033847.csv,33,66,0.6666666666666666,USA,99
5325,USA_CSV0000000000034882__15.csv,USA_CSV0000000000037101.csv,33,66,0.6666666666666666,USA,99
5326,USA_CSV0000000000034882__15.csv,USA_CSV0000000000034882__17.csv,33,4,0.1081081081081081,USA,37
5328,USA_CSV0000000000034882__16.csv,USA_CSV0000000000034882__15.csv,33,4,0.1081081081081081,USA,37
5331,USA_CSV0000000000034882__2.csv,USA_CSV0000000000037101__5.csv,21,46,0.6865671641791045,USA,67
5332,USA_CSV0000000000034882__2.csv,USA_CSV0000000000037101__4.csv,21,46,0.6865671641791045,USA,67
5333,USA_CSV0000000000034882__2.csv,USA_CSV0000000000037101__1.csv,21,46,0.6865671641791045,USA,67
5334,USA_CSV0000000000034882__2.csv,USA_CSV0000000000037101__0.csv,21,46,0.6865671641791045,USA,67
5335,USA_CSV0000000000034882__2.csv,USA_CSV0000000000037101__2.csv,21,46,0.6865671641791045,USA,67
5344,USA_CSV0000000000034882__24.csv,USA_CSV0000000000034882__25.csv,27,4,0.1290322580645161,USA,31
5349,USA_CSV0000000000034882__24.csv,USA_CSV0000000000034882__20.csv,10,37,0.7872340425531915,USA,47
5350,USA_CSV0000000000034882__24.csv,USA_CSV0000000000034882__18.csv,10,37,0.7872340425531915,USA,47
5351,USA_CSV0000000000034882__24.csv,USA_CSV0000000000034882__21.csv,10,37,0.7872340425531915,USA,47
5352,USA_CSV0000000000034882__24.csv,USA_CSV0000000000034882__19.csv,10,37,0.7872340425531915,USA,47
5353,USA_CSV0000000000034882__24.csv,USA_CSV0000000000034882__22.csv,10,37,0.7872340425531915,USA,47
5354,USA_CSV0000000000034882__24.csv,USA_CSV0000000000033847__17.csv,10,39,0.7959183673469388,USA,49
5355,USA_CSV0000000000034882__24.csv,USA_CSV0000000000033847__13.csv,10,39,0.7959183673469388,USA,49
5356,USA_CSV0000000000034882__25.csv,USA_CSV0000000000034882__27.csv,27,4,0.1290322580645161,USA,31
5359,USA_CSV0000000000034882__26.csv,USA_CSV0000000000033847__15.csv,10,39,0.7959183673469388,USA,49
5360,USA_CSV0000000000034882__26.csv,USA_CSV0000000000034882__18.csv,10,37,0.7872340425531915,USA,47
5361,USA_CSV0000000000034882__26.csv,USA_CSV0000000000033847__16.csv,10,39,0.7959183673469388,USA,49
5362,USA_CSV0000000000034882__26.csv,USA_CSV0000000000034882__25.csv,27,4,0.1290322580645161,USA,31
5367,USA_CSV0000000000034882__27.csv,USA_CSV0000000000034882__25.csv,27,4,0.1290322580645161,USA,31
5372,USA_CSV0000000000034882__27.csv,USA_CSV0000000000034882__20.csv,10,37,0.7872340425531915,USA,47
5373,USA_CSV0000000000034882__27.csv,USA_CSV0000000000034882__21.csv,10,37,0.7872340425531915,USA,47
5374,USA_CSV0000000000034882__27.csv,USA_CSV0000000000034882__22.csv,10,37,0.7872340425531915,USA,47
5375,USA_CSV0000000000034882__27.csv,USA_CSV0000000000034882__19.csv,10,37,0.7872340425531915,USA,47
5376,USA_CSV0000000000034882__27.csv,USA_CSV0000000000033847__13.csv,10,39,0.7959183673469388,USA,49
5379,USA_CSV0000000000034882__28.csv,USA_CSV0000000000034882__25.csv,27,4,0.1290322580645161,USA,31
5384,USA_CSV0000000000034882__28.csv,USA_CSV0000000000034882__18.csv,10,37,0.7872340425531915,USA,47
5385,USA_CSV0000000000034882__28.csv,USA_CSV0000000000034882__20.csv,10,37,0.7872340425531915,USA,47
5386,USA_CSV0000000000034882__28.csv,USA_CSV0000000000034882__21.csv,10,37,0.7872340425531915,USA,47
5387,USA_CSV0000000000034882__28.csv,USA_CSV0000000000034882__19.csv,10,37,0.7872340425531915,USA,47
5388,USA_CSV0000000000034882__28.csv,USA_CSV0000000000034882__22.csv,10,37,0.7872340425531915,USA,47
5389,USA_CSV0000000000034882__28.csv,USA_CSV0000000000033847__15.csv,10,39,0.7959183673469388,USA,49
5390,USA_CSV0000000000034882__28.csv,USA_CSV0000000000033847__13.csv,10,39,0.7959183673469388,USA,49
5391,USA_CSV0000000000034882__28.csv,USA_CSV0000000000033847__12.csv,10,39,0.7959183673469388,USA,49
5392,USA_CSV0000000000034882__29.csv,USA_CSV0000000000033847__16.csv,10,39,0.7959183673469388,USA,49
5393,USA_CSV0000000000034882__29.csv,USA_CSV0000000000034882__23.csv,10,37,0.7872340425531915,USA,47
5394,USA_CSV0000000000034882__29.csv,USA_CSV0000000000034882__18.csv,10,37,0.7872340425531915,USA,47
5395,USA_CSV0000000000034882__29.csv,USA_CSV0000000000033847__12.csv,10,39,0.7959183673469388,USA,49
5396,USA_CSV0000000000034882__29.csv,USA_CSV0000000000033847__25.csv,14,44,0.7586206896551724,USA,58
5397,USA_CSV0000000000034882__29.csv,USA_CSV0000000000034882__9.csv,9,32,0.7804878048780488,USA,41
5399,USA_CSV0000000000034882__3.csv,USA_CSV0000000000037101__5.csv,21,46,0.6865671641791045,USA,67
5400,USA_CSV0000000000034882__3.csv,USA_CSV0000000000037101__4.csv,21,46,0.6865671641791045,USA,67
5401,USA_CSV0000000000034882__3.csv,USA_CSV0000000000037101__3.csv,21,46,0.6865671641791045,USA,67
5402,USA_CSV0000000000034882__3.csv,USA_CSV0000000000037101__1.csv,21,46,0.6865671641791045,USA,67
5403,USA_CSV0000000000034882__3.csv,USA_CSV0000000000037101__0.csv,21,46,0.6865671641791045,USA,67
5404,USA_CSV0000000000034882__3.csv,USA_CSV0000000000037101__2.csv,21,46,0.6865671641791045,USA,67
5416,USA_CSV0000000000034882__4.csv,USA_CSV0000000000037101__5.csv,21,46,0.6865671641791045,USA,67
5417,USA_CSV0000000000034882__4.csv,USA_CSV0000000000037101__4.csv,21,46,0.6865671641791045,USA,67
5418,USA_CSV0000000000034882__4.csv,USA_CSV0000000000037101__3.csv,21,46,0.6865671641791045,USA,67
5419,USA_CSV0000000000034882__4.csv,USA_CSV0000000000037101__1.csv,21,46,0.6865671641791045,USA,67
5420,USA_CSV0000000000034882__4.csv,USA_CSV0000000000037101__2.csv,21,46,0.6865671641791045,USA,67
5421,USA_CSV0000000000034882__5.csv,USA_CSV0000000000037101__5.csv,21,46,0.6865671641791045,USA,67
5422,USA_CSV0000000000034882__5.csv,USA_CSV0000000000037101__4.csv,21,46,0.6865671641791045,USA,67
5423,USA_CSV0000000000034882__5.csv,USA_CSV0000000000037101__3.csv,21,46,0.6865671641791045,USA,67
5424,USA_CSV0000000000034882__5.csv,USA_CSV0000000000037101__1.csv,21,46,0.6865671641791045,USA,67
5425,USA_CSV0000000000034882__5.csv,USA_CSV0000000000037101__0.csv,21,46,0.6865671641791045,USA,67
5426,USA_CSV0000000000034882__5.csv,USA_CSV0000000000037101__2.csv,21,46,0.6865671641791045,USA,67
5441,USA_CSV0000000000034913.csv,USA_CSV0000000000035398.csv,12,21,0.6363636363636364,USA,33
5448,USA_CSV0000000000034936.csv,USA_CSV0000000000032754.csv,15,19,0.5588235294117647,USA,34
5449,USA_CSV0000000000034936.csv,USA_CSV0000000000035866.csv,15,19,0.5588235294117647,USA,34
5450,USA_CSV0000000000034936.csv,USA_CSV0000000000031899.csv,15,19,0.5588235294117647,USA,34
5451,USA_CSV0000000000034936.csv,USA_CSV0000000000034355.csv,15,17,0.53125,USA,32
5452,USA_CSV0000000000034936.csv,USA_CSV0000000000032579.csv,15,19,0.5588235294117647,USA,34
5454,USA_CSV0000000000034936.csv,USA_CSV0000000000036256.csv,17,18,0.5142857142857142,USA,35
5506,USA_CSV0000000000035085__6.csv,USA_CSV0000000000035085.csv,10,30,0.75,USA,40
5543,USA_CSV0000000000035203.csv,USA_CSV0000000000035111.csv,30,8,0.2105263157894736,USA,38
5545,USA_CSV0000000000035203.csv,USA_CSV0000000000000703.csv,30,10,0.25,USA,40
5557,USA_CSV0000000000035271.csv,USA_CSV0000000000037163.csv,16,17,0.5151515151515151,USA,33
5560,USA_CSV0000000000035331__10.csv,USA_CSV0000000000035331.csv,41,51,0.5543478260869565,USA,92
5561,USA_CSV0000000000035331__10.csv,USA_CSV0000000000035331__34.csv,21,41,0.6612903225806451,USA,62
5562,USA_CSV0000000000035331__10.csv,USA_CSV0000000000033964.csv,39,53,0.5760869565217391,USA,92
5564,USA_CSV0000000000035331__10.csv,USA_CSV0000000000035331__33.csv,21,41,0.6612903225806451,USA,62
5568,USA_CSV0000000000035331__10.csv,USA_CSV0000000000035331__32.csv,21,41,0.6612903225806451,USA,62
5569,USA_CSV0000000000035331__10.csv,USA_CSV0000000000035331__30.csv,21,41,0.6612903225806451,USA,62
5571,USA_CSV0000000000035331__10.csv,USA_CSV0000000000035331__35.csv,21,41,0.6612903225806451,USA,62
5572,USA_CSV0000000000035331__10.csv,USA_CSV0000000000035331__31.csv,21,41,0.6612903225806451,USA,62
5574,USA_CSV0000000000035331__10.csv,USA_CSV0000000000035331__15.csv,16,46,0.7419354838709677,USA,62
5577,USA_CSV0000000000035331__11.csv,USA_CSV0000000000033964.csv,40,51,0.5604395604395604,USA,91
5580,USA_CSV0000000000035331__12.csv,USA_CSV0000000000035331__8.csv,16,46,0.7419354838709677,USA,62
5581,USA_CSV0000000000035331__12.csv,USA_CSV0000000000035331__11.csv,16,46,0.7419354838709677,USA,62
5582,USA_CSV0000000000035331__12.csv,USA_CSV0000000000035331__9.csv,16,46,0.7419354838709677,USA,62
5583,USA_CSV0000000000035331__12.csv,USA_CSV0000000000035331__6.csv,16,46,0.7419354838709677,USA,62
5584,USA_CSV0000000000035331__12.csv,USA_CSV0000000000035331__10.csv,16,46,0.7419354838709677,USA,62
5585,USA_CSV0000000000035331__12.csv,USA_CSV0000000000035331__7.csv,16,46,0.7419354838709677,USA,62
5586,USA_CSV0000000000035331__12.csv,USA_CSV0000000000035331__35.csv,18,41,0.6949152542372882,USA,59
5587,USA_CSV0000000000035331__12.csv,USA_CSV0000000000035331__33.csv,18,41,0.6949152542372882,USA,59
5588,USA_CSV0000000000035331__13.csv,USA_CSV0000000000035331__8.csv,16,46,0.7419354838709677,USA,62
5589,USA_CSV0000000000035331__13.csv,USA_CSV0000000000035331__11.csv,16,46,0.7419354838709677,USA,62
5590,USA_CSV0000000000035331__13.csv,USA_CSV0000000000035331__9.csv,16,46,0.7419354838709677,USA,62
5591,USA_CSV0000000000035331__13.csv,USA_CSV0000000000035331__6.csv,16,46,0.7419354838709677,USA,62
5592,USA_CSV0000000000035331__13.csv,USA_CSV0000000000035331__10.csv,16,46,0.7419354838709677,USA,62
5593,USA_CSV0000000000035331__13.csv,USA_CSV0000000000035331__7.csv,16,46,0.7419354838709677,USA,62
5594,USA_CSV0000000000035331__13.csv,USA_CSV0000000000035331__30.csv,18,41,0.6949152542372882,USA,59
5595,USA_CSV0000000000035331__13.csv,USA_CSV0000000000035331__31.csv,18,41,0.6949152542372882,USA,59
5596,USA_CSV0000000000035331__13.csv,USA_CSV0000000000035331__33.csv,18,41,0.6949152542372882,USA,59
5597,USA_CSV0000000000035331__14.csv,USA_CSV0000000000035331__8.csv,16,46,0.7419354838709677,USA,62
5598,USA_CSV0000000000035331__14.csv,USA_CSV0000000000035331__11.csv,16,46,0.7419354838709677,USA,62
5599,USA_CSV0000000000035331__14.csv,USA_CSV0000000000035331__9.csv,16,46,0.7419354838709677,USA,62
5600,USA_CSV0000000000035331__14.csv,USA_CSV0000000000035331__6.csv,16,46,0.7419354838709677,USA,62
5601,USA_CSV0000000000035331__14.csv,USA_CSV0000000000035331__10.csv,16,46,0.7419354838709677,USA,62
5602,USA_CSV0000000000035331__14.csv,USA_CSV0000000000035331__7.csv,16,46,0.7419354838709677,USA,62
5603,USA_CSV0000000000035331__14.csv,USA_CSV0000000000035331__31.csv,18,41,0.6949152542372882,USA,59
5604,USA_CSV0000000000035331__14.csv,USA_CSV0000000000035331__30.csv,18,41,0.6949152542372882,USA,59
5605,USA_CSV0000000000035331__14.csv,USA_CSV0000000000035331__35.csv,18,41,0.6949152542372882,USA,59
5606,USA_CSV0000000000035331__14.csv,USA_CSV0000000000035331__33.csv,18,41,0.6949152542372882,USA,59
5608,USA_CSV0000000000035331__15.csv,USA_CSV0000000000035331__8.csv,16,46,0.7419354838709677,USA,62
5609,USA_CSV0000000000035331__15.csv,USA_CSV0000000000035331__11.csv,16,46,0.7419354838709677,USA,62
5610,USA_CSV0000000000035331__15.csv,USA_CSV0000000000035331__9.csv,16,46,0.7419354838709677,USA,62
5611,USA_CSV0000000000035331__15.csv,USA_CSV0000000000035331__6.csv,16,46,0.7419354838709677,USA,62
5612,USA_CSV0000000000035331__15.csv,USA_CSV0000000000035331__10.csv,16,46,0.7419354838709677,USA,62
5613,USA_CSV0000000000035331__15.csv,USA_CSV0000000000035331__7.csv,16,46,0.7419354838709677,USA,62
5614,USA_CSV0000000000035331__15.csv,USA_CSV0000000000035331__31.csv,18,41,0.6949152542372882,USA,59
5615,USA_CSV0000000000035331__15.csv,USA_CSV0000000000035331__32.csv,18,41,0.6949152542372882,USA,59
5616,USA_CSV0000000000035331__15.csv,USA_CSV0000000000035331__30.csv,18,41,0.6949152542372882,USA,59
5617,USA_CSV0000000000035331__15.csv,USA_CSV0000000000035331__34.csv,18,41,0.6949152542372882,USA,59
5618,USA_CSV0000000000035331__15.csv,USA_CSV0000000000035331__33.csv,18,41,0.6949152542372882,USA,59
5620,USA_CSV0000000000035331__16.csv,USA_CSV0000000000035331__8.csv,16,46,0.7419354838709677,USA,62
5621,USA_CSV0000000000035331__16.csv,USA_CSV0000000000035331__11.csv,16,46,0.7419354838709677,USA,62
5622,USA_CSV0000000000035331__16.csv,USA_CSV0000000000035331__9.csv,16,46,0.7419354838709677,USA,62
5623,USA_CSV0000000000035331__16.csv,USA_CSV0000000000035331__6.csv,16,46,0.7419354838709677,USA,62
5624,USA_CSV0000000000035331__16.csv,USA_CSV0000000000035331__10.csv,16,46,0.7419354838709677,USA,62
5625,USA_CSV0000000000035331__16.csv,USA_CSV0000000000035331__7.csv,16,46,0.7419354838709677,USA,62
5626,USA_CSV0000000000035331__16.csv,USA_CSV0000000000035331__32.csv,18,41,0.6949152542372882,USA,59
5627,USA_CSV0000000000035331__16.csv,USA_CSV0000000000035331__35.csv,18,41,0.6949152542372882,USA,59
5628,USA_CSV0000000000035331__16.csv,USA_CSV0000000000035331__31.csv,18,41,0.6949152542372882,USA,59
5629,USA_CSV0000000000035331__16.csv,USA_CSV0000000000035331__33.csv,18,41,0.6949152542372882,USA,59
5630,USA_CSV0000000000035331__17.csv,USA_CSV0000000000035331__8.csv,16,46,0.7419354838709677,USA,62
5631,USA_CSV0000000000035331__17.csv,USA_CSV0000000000035331__11.csv,16,46,0.7419354838709677,USA,62
5632,USA_CSV0000000000035331__17.csv,USA_CSV0000000000035331__9.csv,16,46,0.7419354838709677,USA,62
5633,USA_CSV0000000000035331__17.csv,USA_CSV0000000000035331__6.csv,16,46,0.7419354838709677,USA,62
5634,USA_CSV0000000000035331__17.csv,USA_CSV0000000000035331__10.csv,16,46,0.7419354838709677,USA,62
5635,USA_CSV0000000000035331__17.csv,USA_CSV0000000000035331__7.csv,16,46,0.7419354838709677,USA,62
5636,USA_CSV0000000000035331__17.csv,USA_CSV0000000000035331__31.csv,18,41,0.6949152542372882,USA,59
5637,USA_CSV0000000000035331__17.csv,USA_CSV0000000000035331__33.csv,18,41,0.6949152542372882,USA,59
5638,USA_CSV0000000000035331__17.csv,USA_CSV0000000000035331__30.csv,18,41,0.6949152542372882,USA,59
5652,USA_CSV0000000000035331__31.csv,USA_CSV0000000000035331__8.csv,22,39,0.639344262295082,USA,61
5653,USA_CSV0000000000035331__31.csv,USA_CSV0000000000035331__11.csv,22,39,0.639344262295082,USA,61
5654,USA_CSV0000000000035331__31.csv,USA_CSV0000000000035331__9.csv,22,39,0.639344262295082,USA,61
5655,USA_CSV0000000000035331__31.csv,USA_CSV0000000000035331__6.csv,22,39,0.639344262295082,USA,61
5656,USA_CSV0000000000035331__31.csv,USA_CSV0000000000035331__10.csv,21,41,0.6612903225806451,USA,62
5657,USA_CSV0000000000035331__31.csv,USA_CSV0000000000035331__7.csv,22,39,0.639344262295082,USA,61
5658,USA_CSV0000000000035331__32.csv,USA_CSV0000000000035331__8.csv,22,39,0.639344262295082,USA,61
5659,USA_CSV0000000000035331__32.csv,USA_CSV0000000000035331__11.csv,22,39,0.639344262295082,USA,61
5660,USA_CSV0000000000035331__32.csv,USA_CSV0000000000035331__9.csv,22,39,0.639344262295082,USA,61
5661,USA_CSV0000000000035331__32.csv,USA_CSV0000000000035331__6.csv,22,39,0.639344262295082,USA,61
5662,USA_CSV0000000000035331__32.csv,USA_CSV0000000000035331__10.csv,21,41,0.6612903225806451,USA,62
5663,USA_CSV0000000000035331__32.csv,USA_CSV0000000000035331__7.csv,22,39,0.639344262295082,USA,61
5664,USA_CSV0000000000035331__32.csv,USA_CSV0000000000035331__16.csv,18,41,0.6949152542372882,USA,59
5665,USA_CSV0000000000035331__32.csv,USA_CSV0000000000035331__17.csv,18,41,0.6949152542372882,USA,59
5666,USA_CSV0000000000035331__33.csv,USA_CSV0000000000035331__8.csv,22,39,0.639344262295082,USA,61
5667,USA_CSV0000000000035331__33.csv,USA_CSV0000000000035331__11.csv,22,39,0.639344262295082,USA,61
5668,USA_CSV0000000000035331__33.csv,USA_CSV0000000000035331__9.csv,22,39,0.639344262295082,USA,61
5669,USA_CSV0000000000035331__33.csv,USA_CSV0000000000035331__6.csv,22,39,0.639344262295082,USA,61
5670,USA_CSV0000000000035331__33.csv,USA_CSV0000000000035331__10.csv,21,41,0.6612903225806451,USA,62
5671,USA_CSV0000000000035331__33.csv,USA_CSV0000000000035331__7.csv,22,39,0.639344262295082,USA,61
5672,USA_CSV0000000000035331__33.csv,USA_CSV0000000000035331__14.csv,18,41,0.6949152542372882,USA,59
5673,USA_CSV0000000000035331__34.csv,USA_CSV0000000000035331__8.csv,22,39,0.639344262295082,USA,61
5674,USA_CSV0000000000035331__34.csv,USA_CSV0000000000035331__11.csv,22,39,0.639344262295082,USA,61
5675,USA_CSV0000000000035331__34.csv,USA_CSV0000000000035331__9.csv,22,39,0.639344262295082,USA,61
5676,USA_CSV0000000000035331__34.csv,USA_CSV0000000000035331__6.csv,22,39,0.639344262295082,USA,61
5677,USA_CSV0000000000035331__34.csv,USA_CSV0000000000035331__10.csv,21,41,0.6612903225806451,USA,62
5678,USA_CSV0000000000035331__34.csv,USA_CSV0000000000035331__7.csv,22,39,0.639344262295082,USA,61
5679,USA_CSV0000000000035331__34.csv,USA_CSV0000000000035331__12.csv,18,41,0.6949152542372882,USA,59
5680,USA_CSV0000000000035331__34.csv,USA_CSV0000000000035331__17.csv,18,41,0.6949152542372882,USA,59
5681,USA_CSV0000000000035331__35.csv,USA_CSV0000000000035331__8.csv,22,39,0.639344262295082,USA,61
5682,USA_CSV0000000000035331__35.csv,USA_CSV0000000000035331__11.csv,22,39,0.639344262295082,USA,61
5683,USA_CSV0000000000035331__35.csv,USA_CSV0000000000035331__9.csv,22,39,0.639344262295082,USA,61
5684,USA_CSV0000000000035331__35.csv,USA_CSV0000000000035331__6.csv,22,39,0.639344262295082,USA,61
5685,USA_CSV0000000000035331__35.csv,USA_CSV0000000000035331__10.csv,21,41,0.6612903225806451,USA,62
5686,USA_CSV0000000000035331__35.csv,USA_CSV0000000000035331__7.csv,22,39,0.639344262295082,USA,61
5687,USA_CSV0000000000035331__35.csv,USA_CSV0000000000035331__15.csv,18,41,0.6949152542372882,USA,59
5688,USA_CSV0000000000035331__6.csv,USA_CSV0000000000035331__34.csv,22,39,0.639344262295082,USA,61
5689,USA_CSV0000000000035331__6.csv,USA_CSV0000000000033964.csv,40,51,0.5604395604395604,USA,91
5690,USA_CSV0000000000035331__6.csv,USA_CSV0000000000035331__33.csv,22,39,0.639344262295082,USA,61
5692,USA_CSV0000000000035331__6.csv,USA_CSV0000000000035331__32.csv,22,39,0.639344262295082,USA,61
5693,USA_CSV0000000000035331__6.csv,USA_CSV0000000000035331__30.csv,22,39,0.639344262295082,USA,61
5694,USA_CSV0000000000035331__6.csv,USA_CSV0000000000035331__35.csv,22,39,0.639344262295082,USA,61
5695,USA_CSV0000000000035331__6.csv,USA_CSV0000000000035331__31.csv,22,39,0.639344262295082,USA,61
5697,USA_CSV0000000000035331__6.csv,USA_CSV0000000000035331__15.csv,16,46,0.7419354838709677,USA,62
5698,USA_CSV0000000000035331__6.csv,USA_CSV0000000000035331__16.csv,16,46,0.7419354838709677,USA,62
5699,USA_CSV0000000000035331__6.csv,USA_CSV0000000000035331__17.csv,16,46,0.7419354838709677,USA,62
5701,USA_CSV0000000000035331__7.csv,USA_CSV0000000000035331__34.csv,22,39,0.639344262295082,USA,61
5702,USA_CSV0000000000035331__7.csv,USA_CSV0000000000033964.csv,40,51,0.5604395604395604,USA,91
5703,USA_CSV0000000000035331__7.csv,USA_CSV0000000000035331__33.csv,22,39,0.639344262295082,USA,61
5705,USA_CSV0000000000035331__7.csv,USA_CSV0000000000035331__32.csv,22,39,0.639344262295082,USA,61
5706,USA_CSV0000000000035331__7.csv,USA_CSV0000000000035331__30.csv,22,39,0.639344262295082,USA,61
5707,USA_CSV0000000000035331__7.csv,USA_CSV0000000000035331__35.csv,22,39,0.639344262295082,USA,61
5708,USA_CSV0000000000035331__7.csv,USA_CSV0000000000035331__31.csv,22,39,0.639344262295082,USA,61
5709,USA_CSV0000000000035331__7.csv,USA_CSV0000000000035331__17.csv,16,46,0.7419354838709677,USA,62
5711,USA_CSV0000000000035331__7.csv,USA_CSV0000000000035331__16.csv,16,46,0.7419354838709677,USA,62
5713,USA_CSV0000000000035331__8.csv,USA_CSV0000000000035331__34.csv,22,39,0.639344262295082,USA,61
5714,USA_CSV0000000000035331__8.csv,USA_CSV0000000000033964.csv,40,51,0.5604395604395604,USA,91
5715,USA_CSV0000000000035331__8.csv,USA_CSV0000000000035331__33.csv,22,39,0.639344262295082,USA,61
5717,USA_CSV0000000000035331__8.csv,USA_CSV0000000000035331__32.csv,22,39,0.639344262295082,USA,61
5718,USA_CSV0000000000035331__8.csv,USA_CSV0000000000035331__30.csv,22,39,0.639344262295082,USA,61
5719,USA_CSV0000000000035331__8.csv,USA_CSV0000000000035331__35.csv,22,39,0.639344262295082,USA,61
5720,USA_CSV0000000000035331__8.csv,USA_CSV0000000000035331__31.csv,22,39,0.639344262295082,USA,61
5723,USA_CSV0000000000035331__8.csv,USA_CSV0000000000035331__17.csv,16,46,0.7419354838709677,USA,62
5724,USA_CSV0000000000035331__8.csv,USA_CSV0000000000035331__15.csv,16,46,0.7419354838709677,USA,62
5725,USA_CSV0000000000035331__8.csv,USA_CSV0000000000035331__12.csv,16,46,0.7419354838709677,USA,62
5726,USA_CSV0000000000035331__9.csv,USA_CSV0000000000033964.csv,40,51,0.5604395604395604,USA,91
5965,USA_CSV0000000000035712.csv,USA_CSV0000000000036844.csv,16,17,0.5151515151515151,USA,33
5966,USA_CSV0000000000035712.csv,USA_CSV0000000000036181.csv,16,17,0.5151515151515151,USA,33
5967,USA_CSV0000000000035712.csv,USA_CSV0000000000033774.csv,16,17,0.5151515151515151,USA,33
5968,USA_CSV0000000000035712.csv,USA_CSV0000000000035271.csv,16,17,0.5151515151515151,USA,33
5969,USA_CSV0000000000035712.csv,USA_CSV0000000000033369.csv,16,17,0.5151515151515151,USA,33
5992,USA_CSV0000000000035769.csv,USA_CSV0000000000035799.csv,25,6,0.1935483870967742,USA,31
5993,USA_CSV0000000000035769.csv,USA_CSV0000000000010317.csv,25,6,0.1935483870967742,USA,31
5994,USA_CSV0000000000035769.csv,USA_CSV0000000000016409.csv,25,6,0.1935483870967742,USA,31
5995,USA_CSV0000000000035769.csv,USA_CSV0000000000024259.csv,23,10,0.303030303030303,USA,33
5996,USA_CSV0000000000035769.csv,USA_CSV0000000000036210.csv,25,6,0.1935483870967742,USA,31
5997,USA_CSV0000000000035769.csv,USA_CSV0000000000020493.csv,25,6,0.1935483870967742,USA,31
5998,USA_CSV0000000000035769.csv,USA_CSV0000000000026175.csv,25,6,0.1935483870967742,USA,31
5999,USA_CSV0000000000035769.csv,USA_CSV0000000000020133.csv,25,6,0.1935483870967742,USA,31
6001,USA_CSV0000000000035769.csv,USA_CSV0000000000007742.csv,25,6,0.1935483870967742,USA,31
6003,USA_CSV0000000000035769.csv,USA_CSV0000000000033761.csv,25,6,0.1935483870967742,USA,31
6005,USA_CSV0000000000035769.csv,USA_CSV0000000000032540.csv,27,15,0.3571428571428571,USA,42
6006,USA_CSV0000000000035769.csv,USA_CSV0000000000033860.csv,27,4,0.1290322580645161,USA,31
6007,USA_CSV0000000000035769.csv,USA_CSV0000000000034128.csv,27,15,0.3571428571428571,USA,42
6009,USA_CSV0000000000035839.csv,USA_CSV0000000000033252.csv,12,27,0.6923076923076923,USA,39
6010,USA_CSV0000000000035839.csv,USA_CSV0000000000035934.csv,10,35,0.7777777777777778,USA,45
6011,USA_CSV0000000000035839.csv,USA_CSV0000000000036582.csv,10,29,0.7435897435897436,USA,39
6014,USA_CSV0000000000035897__0.csv,USA_CSV0000000000035897__18.csv,19,61,0.7625,USA,80
6015,USA_CSV0000000000035897__1.csv,USA_CSV0000000000035897__18.csv,19,61,0.7625,USA,80
6016,USA_CSV0000000000035897__1.csv,USA_CSV0000000000035897__19.csv,19,61,0.7625,USA,80
6017,USA_CSV0000000000035897__1.csv,USA_CSV0000000000035897__16.csv,19,61,0.7625,USA,80
6018,USA_CSV0000000000035897__2.csv,USA_CSV0000000000035897__18.csv,19,61,0.7625,USA,80
6019,USA_CSV0000000000035897__2.csv,USA_CSV0000000000035897__19.csv,19,61,0.7625,USA,80
6020,USA_CSV0000000000035897__2.csv,USA_CSV0000000000035897__15.csv,19,61,0.7625,USA,80
6021,USA_CSV0000000000035897__2.csv,USA_CSV0000000000035897__16.csv,19,61,0.7625,USA,80
6022,USA_CSV0000000000035897__3.csv,USA_CSV0000000000035897__18.csv,19,61,0.7625,USA,80
6023,USA_CSV0000000000035897__3.csv,USA_CSV0000000000035897__19.csv,19,61,0.7625,USA,80
6024,USA_CSV0000000000035897__35.csv,USA_CSV0000000000035897__46.csv,30,87,0.7435897435897436,USA,117
6025,USA_CSV0000000000035897__35.csv,USA_CSV0000000000035897__45.csv,30,87,0.7435897435897436,USA,117
6026,USA_CSV0000000000035897__35.csv,USA_CSV0000000000035897__48.csv,30,87,0.7435897435897436,USA,117
6027,USA_CSV0000000000035897__36.csv,USA_CSV0000000000035897__43.csv,30,87,0.7435897435897436,USA,117
6028,USA_CSV0000000000035897__36.csv,USA_CSV0000000000035897__46.csv,30,87,0.7435897435897436,USA,117
6029,USA_CSV0000000000035897__36.csv,USA_CSV0000000000035897__45.csv,30,87,0.7435897435897436,USA,117
6030,USA_CSV0000000000035897__37.csv,USA_CSV0000000000035897__43.csv,30,87,0.7435897435897436,USA,117
6031,USA_CSV0000000000035897__37.csv,USA_CSV0000000000035897__45.csv,30,87,0.7435897435897436,USA,117
6032,USA_CSV0000000000035897__37.csv,USA_CSV0000000000035897__48.csv,30,87,0.7435897435897436,USA,117
6033,USA_CSV0000000000035897__38.csv,USA_CSV0000000000035897__43.csv,30,87,0.7435897435897436,USA,117
6034,USA_CSV0000000000035897__39.csv,USA_CSV0000000000035897__45.csv,30,87,0.7435897435897436,USA,117
6035,USA_CSV0000000000035897__40.csv,USA_CSV0000000000035897__43.csv,30,87,0.7435897435897436,USA,117
6036,USA_CSV0000000000035897__40.csv,USA_CSV0000000000035897__46.csv,30,87,0.7435897435897436,USA,117
6037,USA_CSV0000000000035897__40.csv,USA_CSV0000000000035897__45.csv,30,87,0.7435897435897436,USA,117
6038,USA_CSV0000000000035897__41.csv,USA_CSV0000000000035897__43.csv,30,87,0.7435897435897436,USA,117
6039,USA_CSV0000000000035897__41.csv,USA_CSV0000000000035897__47.csv,30,87,0.7435897435897436,USA,117
6040,USA_CSV0000000000035897__41.csv,USA_CSV0000000000035897__48.csv,30,87,0.7435897435897436,USA,117
6041,USA_CSV0000000000035897__5.csv,USA_CSV0000000000035897__15.csv,19,61,0.7625,USA,80
6042,USA_CSV0000000000035897__5.csv,USA_CSV0000000000035897__16.csv,19,61,0.7625,USA,80
6043,USA_CSV0000000000035897__6.csv,USA_CSV0000000000035897__19.csv,19,61,0.7625,USA,80
6044,USA_CSV0000000000035897__7.csv,USA_CSV0000000000033739.csv,82,91,0.5260115606936416,USA,173
6045,USA_CSV0000000000035897__8.csv,USA_CSV0000000000033739.csv,82,91,0.5260115606936416,USA,173
6047,USA_CSV0000000000035902.csv,USA_CSV0000000000035902__2.csv,38,74,0.6607142857142857,USA,112
6049,USA_CSV0000000000035902__0.csv,USA_CSV0000000000033133.csv,38,74,0.6607142857142857,USA,112
6053,USA_CSV0000000000035902__1.csv,USA_CSV0000000000033133.csv,38,74,0.6607142857142857,USA,112
6060,USA_CSV0000000000035902__14.csv,USA_CSV0000000000035902__3.csv,16,47,0.746031746031746,USA,63
6061,USA_CSV0000000000035902__14.csv,USA_CSV0000000000035902__1.csv,16,47,0.746031746031746,USA,63
6062,USA_CSV0000000000035902__14.csv,USA_CSV0000000000033133.csv,38,75,0.6637168141592921,USA,113
6063,USA_CSV0000000000035902__14.csv,USA_CSV0000000000035902__5.csv,16,47,0.746031746031746,USA,63
6064,USA_CSV0000000000035902__14.csv,USA_CSV0000000000035902__6.csv,16,47,0.746031746031746,USA,63
6065,USA_CSV0000000000035902__14.csv,USA_CSV0000000000035902__4.csv,16,47,0.746031746031746,USA,63
6066,USA_CSV0000000000035902__14.csv,USA_CSV0000000000035902__0.csv,16,47,0.746031746031746,USA,63
6067,USA_CSV0000000000035902__14.csv,USA_CSV0000000000035902__2.csv,15,49,0.765625,USA,64
6078,USA_CSV0000000000035902__15.csv,USA_CSV0000000000035902__4.csv,16,47,0.746031746031746,USA,63
6096,USA_CSV0000000000035902__19.csv,USA_CSV0000000000035902__3.csv,16,47,0.746031746031746,USA,63
6097,USA_CSV0000000000035902__19.csv,USA_CSV0000000000035902__1.csv,16,47,0.746031746031746,USA,63
6098,USA_CSV0000000000035902__19.csv,USA_CSV0000000000033133.csv,38,75,0.6637168141592921,USA,113
6099,USA_CSV0000000000035902__19.csv,USA_CSV0000000000035902__5.csv,16,47,0.746031746031746,USA,63
6100,USA_CSV0000000000035902__19.csv,USA_CSV0000000000035902__6.csv,16,47,0.746031746031746,USA,63
6101,USA_CSV0000000000035902__19.csv,USA_CSV0000000000035902__4.csv,16,47,0.746031746031746,USA,63
6102,USA_CSV0000000000035902__19.csv,USA_CSV0000000000035902__0.csv,16,47,0.746031746031746,USA,63
6103,USA_CSV0000000000035902__19.csv,USA_CSV0000000000035902__2.csv,15,49,0.765625,USA,64
6111,USA_CSV0000000000035902__2.csv,USA_CSV0000000000033133.csv,38,74,0.6607142857142857,USA,112
6115,USA_CSV0000000000035902__2.csv,USA_CSV0000000000035902.csv,38,74,0.6607142857142857,USA,112
6120,USA_CSV0000000000035902__20.csv,USA_CSV0000000000035902__4.csv,16,47,0.746031746031746,USA,63
6128,USA_CSV0000000000035902__28.csv,USA_CSV0000000000033133.csv,24,88,0.7857142857142857,USA,112
6141,USA_CSV0000000000035902__29.csv,USA_CSV0000000000033133.csv,24,88,0.7857142857142857,USA,112
6154,USA_CSV0000000000035902__3.csv,USA_CSV0000000000033133.csv,38,74,0.6607142857142857,USA,112
6163,USA_CSV0000000000035902__30.csv,USA_CSV0000000000033133.csv,24,88,0.7857142857142857,USA,112
6171,USA_CSV0000000000035902__31.csv,USA_CSV0000000000033133.csv,24,88,0.7857142857142857,USA,112
6184,USA_CSV0000000000035902__32.csv,USA_CSV0000000000033133.csv,24,88,0.7857142857142857,USA,112
6197,USA_CSV0000000000035902__33.csv,USA_CSV0000000000033133.csv,24,88,0.7857142857142857,USA,112
6228,USA_CSV0000000000035902__4.csv,USA_CSV0000000000033133.csv,38,74,0.6607142857142857,USA,112
6248,USA_CSV0000000000035902__5.csv,USA_CSV0000000000033133.csv,38,74,0.6607142857142857,USA,112
6250,USA_CSV0000000000035902__6.csv,USA_CSV0000000000033133.csv,38,74,0.6607142857142857,USA,112
6256,USA_CSV0000000000035934.csv,USA_CSV0000000000035932.csv,10,31,0.7560975609756098,USA,41
6257,USA_CSV0000000000035934.csv,USA_CSV0000000000025463.csv,9,29,0.7631578947368421,USA,38
6258,USA_CSV0000000000035934.csv,USA_CSV0000000000033252.csv,10,32,0.7619047619047619,USA,42
6296,USA_CSV0000000000036154.csv,USA_CSV0000000000036154__16.csv,16,43,0.7288135593220338,USA,59
6303,USA_CSV0000000000036154__16.csv,USA_CSV0000000000037169.csv,16,43,0.7288135593220338,USA,59
6305,USA_CSV0000000000036154__16.csv,USA_CSV0000000000036154.csv,16,43,0.7288135593220338,USA,59
6330,USA_CSV0000000000036181.csv,USA_CSV0000000000035712.csv,16,17,0.5151515151515151,USA,33
6331,USA_CSV0000000000036181.csv,USA_CSV0000000000037163.csv,16,17,0.5151515151515151,USA,33
6342,USA_CSV0000000000036349.csv,USA_CSV0000000000037163.csv,16,17,0.5151515151515151,USA,33
6343,USA_CSV0000000000036349.csv,USA_CSV0000000000035712.csv,16,17,0.5151515151515151,USA,33
6344,USA_CSV0000000000036390.csv,USA_CSV0000000000034371.csv,13,27,0.675,USA,40
6345,USA_CSV0000000000036390.csv,USA_CSV0000000000034028.csv,13,27,0.675,USA,40
6346,USA_CSV0000000000036390.csv,USA_CSV0000000000036885.csv,13,27,0.675,USA,40
6354,USA_CSV0000000000036479.csv,USA_CSV0000000000031647.csv,9,22,0.7096774193548387,USA,31
6355,USA_CSV0000000000036479.csv,USA_CSV0000000000016853.csv,7,26,0.7878787878787878,USA,33
6360,USA_CSV0000000000036479.csv,USA_CSV0000000000033874.csv,13,19,0.59375,USA,32
6370,USA_CSV0000000000036536.csv,USA_CSV0000000000037163.csv,16,17,0.5151515151515151,USA,33
6379,USA_CSV0000000000036582.csv,USA_CSV0000000000016853.csv,8,26,0.7647058823529411,USA,34
6380,USA_CSV0000000000036582.csv,USA_CSV0000000000035839.csv,10,29,0.7435897435897436,USA,39
6381,USA_CSV0000000000036582.csv,USA_CSV0000000000033252.csv,10,26,0.7222222222222222,USA,36
6386,USA_CSV0000000000036582.csv,USA_CSV0000000000018004.csv,7,27,0.7941176470588235,USA,34
6389,USA_CSV0000000000036582.csv,USA_CSV0000000000029730.csv,9,25,0.7352941176470589,USA,34
6391,USA_CSV0000000000036582.csv,USA_CSV0000000000005465.csv,7,26,0.7878787878787878,USA,33
6400,USA_CSV0000000000036673.csv,USA_CSV0000000000035799.csv,24,8,0.25,USA,32
6402,USA_CSV0000000000036673.csv,USA_CSV0000000000016409.csv,24,8,0.25,USA,32
6403,USA_CSV0000000000036673.csv,USA_CSV0000000000024259.csv,24,8,0.25,USA,32
6404,USA_CSV0000000000036673.csv,USA_CSV0000000000036210.csv,24,8,0.25,USA,32
6405,USA_CSV0000000000036673.csv,USA_CSV0000000000026175.csv,24,8,0.25,USA,32
6406,USA_CSV0000000000036673.csv,USA_CSV0000000000020493.csv,24,8,0.25,USA,32
6407,USA_CSV0000000000036673.csv,USA_CSV0000000000020133.csv,24,8,0.25,USA,32
6408,USA_CSV0000000000036673.csv,USA_CSV0000000000010317.csv,24,8,0.25,USA,32
6409,USA_CSV0000000000036673.csv,USA_CSV0000000000007742.csv,24,8,0.25,USA,32
6411,USA_CSV0000000000036673.csv,USA_CSV0000000000033761.csv,24,8,0.25,USA,32
6413,USA_CSV0000000000036673.csv,USA_CSV0000000000033860.csv,26,6,0.1875,USA,32
6455,USA_CSV0000000000036729.csv,USA_CSV0000000000028242.csv,8,31,0.7948717948717948,USA,39
6457,USA_CSV0000000000036729.csv,USA_CSV0000000000035932.csv,9,23,0.71875,USA,32
6458,USA_CSV0000000000036729.csv,USA_CSV0000000000035934.csv,10,26,0.7222222222222222,USA,36
6464,USA_CSV0000000000036844.csv,USA_CSV0000000000037163.csv,16,17,0.5151515151515151,USA,33
6465,USA_CSV0000000000036850.csv,USA_CSV0000000000034371.csv,13,27,0.675,USA,40
6466,USA_CSV0000000000036850.csv,USA_CSV0000000000034028.csv,13,27,0.675,USA,40
6467,USA_CSV0000000000036850.csv,USA_CSV0000000000036885.csv,13,27,0.675,USA,40
6471,USA_CSV0000000000036852__0.csv,USA_CSV0000000000036852.csv,13,29,0.6904761904761905,USA,42
6519,USA_CSV0000000000036961.csv,USA_CSV0000000000037163.csv,16,17,0.5151515151515151,USA,33
6522,USA_CSV0000000000037101.csv,USA_CSV0000000000033847__23.csv,46,52,0.5306122448979592,USA,98
6526,USA_CSV0000000000037101__0.csv,USA_CSV0000000000037101__25.csv,19,51,0.7285714285714285,USA,70
6527,USA_CSV0000000000037101__0.csv,USA_CSV0000000000037101__24.csv,18,53,0.7464788732394366,USA,71
6528,USA_CSV0000000000037101__0.csv,USA_CSV0000000000037101__28.csv,19,51,0.7285714285714285,USA,70
6529,USA_CSV0000000000037101__0.csv,USA_CSV0000000000037101__27.csv,19,51,0.7285714285714285,USA,70
6530,USA_CSV0000000000037101__1.csv,USA_CSV0000000000037101__25.csv,19,51,0.7285714285714285,USA,70
6531,USA_CSV0000000000037101__1.csv,USA_CSV0000000000037101__24.csv,18,53,0.7464788732394366,USA,71
6532,USA_CSV0000000000037101__1.csv,USA_CSV0000000000037101__26.csv,19,51,0.7285714285714285,USA,70
6533,USA_CSV0000000000037101__1.csv,USA_CSV0000000000037101__28.csv,19,51,0.7285714285714285,USA,70
6534,USA_CSV0000000000037101__1.csv,USA_CSV0000000000037101__27.csv,19,51,0.7285714285714285,USA,70
6537,USA_CSV0000000000037101__10.csv,USA_CSV0000000000033847__7.csv,16,46,0.7419354838709677,USA,62
6556,USA_CSV0000000000037101__13.csv,USA_CSV0000000000033847.csv,22,76,0.7755102040816326,USA,98
6558,USA_CSV0000000000037101__13.csv,USA_CSV0000000000034882.csv,22,76,0.7755102040816326,USA,98
6564,USA_CSV0000000000037101__13.csv,USA_CSV0000000000037101.csv,22,76,0.7755102040816326,USA,98
6593,USA_CSV0000000000037101__16.csv,USA_CSV0000000000034882__5.csv,14,39,0.7358490566037735,USA,53
6594,USA_CSV0000000000037101__16.csv,USA_CSV0000000000037101__28.csv,12,44,0.7857142857142857,USA,56
6595,USA_CSV0000000000037101__16.csv,USA_CSV0000000000037101__27.csv,12,44,0.7857142857142857,USA,56
6605,USA_CSV0000000000037101__2.csv,USA_CSV0000000000037101__25.csv,19,51,0.7285714285714285,USA,70
6606,USA_CSV0000000000037101__2.csv,USA_CSV0000000000037101__24.csv,18,53,0.7464788732394366,USA,71
6607,USA_CSV0000000000037101__2.csv,USA_CSV0000000000037101__28.csv,19,51,0.7285714285714285,USA,70
6608,USA_CSV0000000000037101__2.csv,USA_CSV0000000000037101__27.csv,19,51,0.7285714285714285,USA,70
6618,USA_CSV0000000000037101__24.csv,USA_CSV0000000000034882.csv,44,54,0.5510204081632653,USA,98
6622,USA_CSV0000000000037101__24.csv,USA_CSV0000000000033847.csv,44,54,0.5510204081632653,USA,98
6623,USA_CSV0000000000037101__24.csv,USA_CSV0000000000037101.csv,44,54,0.5510204081632653,USA,98
6627,USA_CSV0000000000037101__3.csv,USA_CSV0000000000037101__25.csv,19,51,0.7285714285714285,USA,70
6628,USA_CSV0000000000037101__3.csv,USA_CSV0000000000037101__26.csv,19,51,0.7285714285714285,USA,70
6629,USA_CSV0000000000037101__3.csv,USA_CSV0000000000037101__27.csv,19,51,0.7285714285714285,USA,70
6650,USA_CSV0000000000037101__4.csv,USA_CSV0000000000037101__25.csv,19,51,0.7285714285714285,USA,70
6651,USA_CSV0000000000037101__4.csv,USA_CSV0000000000037101__24.csv,18,53,0.7464788732394366,USA,71
6652,USA_CSV0000000000037101__4.csv,USA_CSV0000000000037101__26.csv,19,51,0.7285714285714285,USA,70
6653,USA_CSV0000000000037101__4.csv,USA_CSV0000000000037101__29.csv,19,51,0.7285714285714285,USA,70
6654,USA_CSV0000000000037101__4.csv,USA_CSV0000000000037101__27.csv,19,51,0.7285714285714285,USA,70
6655,USA_CSV0000000000037101__5.csv,USA_CSV0000000000037101__25.csv,19,51,0.7285714285714285,USA,70
6656,USA_CSV0000000000037101__5.csv,USA_CSV0000000000037101__24.csv,18,53,0.7464788732394366,USA,71
6657,USA_CSV0000000000037101__5.csv,USA_CSV0000000000037101__26.csv,19,51,0.7285714285714285,USA,70
6658,USA_CSV0000000000037101__5.csv,USA_CSV0000000000037101__28.csv,19,51,0.7285714285714285,USA,70
6659,USA_CSV0000000000037101__5.csv,USA_CSV0000000000037101__27.csv,19,51,0.7285714285714285,USA,70
6664,USA_CSV0000000000037101__7.csv,USA_CSV0000000000033847__7.csv,16,46,0.7419354838709677,USA,62
6666,USA_CSV0000000000037101__7.csv,USA_CSV0000000000033847__8.csv,16,46,0.7419354838709677,USA,62
6670,USA_CSV0000000000037101__8.csv,USA_CSV0000000000033847__8.csv,16,46,0.7419354838709677,USA,62
6676,USA_CSV0000000000037101__9.csv,USA_CSV0000000000033847__8.csv,16,46,0.7419354838709677,USA,62
6682,USA_CSV0000000000037129__10.csv,USA_CSV0000000000037129__8.csv,11,28,0.717948717948718,USA,39
6693,USA_CSV0000000000037129__12.csv,USA_CSV0000000000037129__8.csv,11,28,0.717948717948718,USA,39
6699,USA_CSV0000000000037129__13.csv,USA_CSV0000000000037129__7.csv,11,28,0.717948717948718,USA,39
6705,USA_CSV0000000000037129__14.csv,USA_CSV0000000000037129__5.csv,11,28,0.717948717948718,USA,39
6731,USA_CSV0000000000037129__5.csv,USA_CSV0000000000037129__1.csv,11,42,0.7924528301886793,USA,53
6732,USA_CSV0000000000037129__5.csv,USA_CSV0000000000037129__2.csv,11,42,0.7924528301886793,USA,53
6733,USA_CSV0000000000037129__7.csv,USA_CSV0000000000037129__2.csv,11,42,0.7924528301886793,USA,53
6734,USA_CSV0000000000037129__9.csv,USA_CSV0000000000037129__2.csv,11,42,0.7924528301886793,USA,53
6737,USA_CSV0000000000037169.csv,USA_CSV0000000000036154__16.csv,16,43,0.7288135593220338,USA,59
6871,CAN_CSV0000000000027346__30.csv,CAN_CSV0000000000027348.csv,21,50,0.704225352112676,CAN,71
6875,CAN_CSV0000000000027346__35.csv,CAN_CSV0000000000027353.csv,26,41,0.6119402985074627,CAN,67
6877,CAN_CSV0000000000027349__20.csv,CAN_CSV0000000000027346__31.csv,12,38,0.76,CAN,50
6879,CAN_CSV0000000000001487__26.csv,CAN_CSV0000000000027346__30.csv,14,45,0.7627118644067796,CAN,59
6880,CAN_CSV0000000000027346__32.csv,CAN_CSV0000000000001487__22.csv,13,41,0.7592592592592593,CAN,54
6883,CAN_CSV0000000000001724__11.csv,CAN_CSV0000000000001797__10.csv,18,67,0.788235294117647,CAN,85
6886,CAN_CSV0000000000001487__9.csv,CAN_CSV0000000000001389.csv,27,38,0.5846153846153846,CAN,65
6887,CAN_CSV0000000000027349__21.csv,CAN_CSV0000000000027349__0.csv,10,25,0.7142857142857143,CAN,35
6888,CAN_CSV0000000000001487__20.csv,CAN_CSV0000000000001487__8.csv,13,41,0.7592592592592593,CAN,54
6890,CAN_CSV0000000000027349__21.csv,CAN_CSV0000000000027353__14.csv,9,23,0.71875,CAN,32
6891,CAN_CSV0000000000027349__21.csv,CAN_CSV0000000000027349__19.csv,11,21,0.65625,CAN,32
6892,CAN_CSV0000000000027346__32.csv,CAN_CSV0000000000001874.csv,26,40,0.6060606060606061,CAN,66
6895,CAN_CSV0000000000001787__8.csv,CAN_CSV0000000000001797__10.csv,18,63,0.7777777777777778,CAN,81
6897,CAN_CSV0000000000001487__26.csv,CAN_CSV0000000000027349__4.csv,10,36,0.782608695652174,CAN,46
6902,CAN_CSV0000000000027346__30.csv,CAN_CSV0000000000001487__22.csv,12,43,0.7818181818181819,CAN,55
6904,CAN_CSV0000000000027349__20.csv,CAN_CSV0000000000027349__18.csv,11,21,0.65625,CAN,32
6908,CAN_CSV0000000000001487__9.csv,CAN_CSV0000000000001487__27.csv,16,41,0.7192982456140351,CAN,57
6912,CAN_CSV0000000000001487__9.csv,CAN_CSV0000000000001487__19.csv,15,37,0.7115384615384616,CAN,52
6916,CAN_CSV0000000000027346__35.csv,CAN_CSV0000000000001487__24.csv,15,43,0.7413793103448276,CAN,58
6917,CAN_CSV0000000000027346__30.csv,CAN_CSV0000000000001487__24.csv,15,43,0.7413793103448276,CAN,58
6919,CAN_CSV0000000000001487__29.csv,CAN_CSV0000000000001487__11.csv,15,43,0.7413793103448276,CAN,58
6922,CAN_CSV0000000000001487__26.csv,CAN_CSV0000000000001487__11.csv,15,43,0.7413793103448276,CAN,58
6923,CAN_CSV0000000000027346__32.csv,CAN_CSV0000000000001487__27.csv,15,43,0.7413793103448276,CAN,58
6924,CAN_CSV0000000000001487__28.csv,CAN_CSV0000000000001487__11.csv,15,43,0.7413793103448276,CAN,58
6925,CAN_CSV0000000000001487__25.csv,CAN_CSV0000000000001487__11.csv,15,43,0.7413793103448276,CAN,58
6938,CAN_CSV0000000000001487__7.csv,CAN_CSV0000000000027353.csv,27,39,0.5909090909090909,CAN,66
6948,CAN_CSV0000000000001909__8.csv,CAN_CSV0000000000027371.csv,14,28,0.6666666666666666,CAN,42
6951,CAN_CSV0000000000001960__0.csv,CAN_CSV0000000000001816.csv,18,24,0.5714285714285714,CAN,42
6952,CAN_CSV0000000000027355__11.csv,CAN_CSV0000000000027355.csv,12,41,0.7735849056603774,CAN,53
6955,CAN_CSV0000000000027354__0.csv,CAN_CSV0000000000027354.csv,14,40,0.7407407407407407,CAN,54
6957,CAN_CSV0000000000001909__5.csv,CAN_CSV0000000000001961.csv,11,31,0.7380952380952381,CAN,42
6963,CAN_CSV0000000000027349__23.csv,CAN_CSV0000000000027349__4.csv,9,27,0.75,CAN,36
6966,CAN_CSV0000000000001780__12.csv,CAN_CSV0000000000001780.csv,14,41,0.7454545454545455,CAN,55
6971,CAN_CSV0000000000001487__8.csv,CAN_CSV0000000000001487__11.csv,37,6,0.1395348837209302,CAN,43
7030,CAN_CSV0000000000002131.csv,CAN_CSV0000000000027043.csv,32,4,0.1111111111111111,CAN,36
7089,CAN_CSV0000000000001724__13.csv,CAN_CSV0000000000001797__9.csv,18,67,0.788235294117647,CAN,85
7096,CAN_CSV0000000000001724__13.csv,CAN_CSV0000000000001797__13.csv,18,67,0.788235294117647,CAN,85
7105,CAN_CSV0000000000001787__12.csv,CAN_CSV0000000000001797__9.csv,18,63,0.7777777777777778,CAN,81
7112,CAN_CSV0000000000001787__12.csv,CAN_CSV0000000000001797__13.csv,18,63,0.7777777777777778,CAN,81
7152,CAN_CSV0000000000001797__6.csv,CAN_CSV0000000000001797__43.csv,15,59,0.7972972972972973,CAN,74
7153,CAN_CSV0000000000001797__6.csv,CAN_CSV0000000000001797__48.csv,15,59,0.7972972972972973,CAN,74
7154,CAN_CSV0000000000001797__6.csv,CAN_CSV0000000000001797__46.csv,15,59,0.7972972972972973,CAN,74
7157,CAN_CSV0000000000001487__26.csv,CAN_CSV0000000000027346__33.csv,14,45,0.7627118644067796,CAN,59
7160,CAN_CSV0000000000001487__26.csv,CAN_CSV0000000000027346.csv,32,53,0.6235294117647059,CAN,85
7162,CAN_CSV0000000000001487__26.csv,CAN_CSV0000000000027347.csv,23,39,0.6290322580645161,CAN,62
7163,CAN_CSV0000000000001487__26.csv,CAN_CSV0000000000027350.csv,23,39,0.6290322580645161,CAN,62
7167,CAN_CSV0000000000001487__26.csv,CAN_CSV0000000000001487__28.csv,31,4,0.1142857142857142,CAN,35
7168,CAN_CSV0000000000001487__26.csv,CAN_CSV0000000000027354.csv,23,40,0.6349206349206349,CAN,63
7169,CAN_CSV0000000000001487__26.csv,CAN_CSV0000000000026622.csv,23,40,0.6349206349206349,CAN,63
7172,CAN_CSV0000000000001487__26.csv,CAN_CSV0000000000001487.csv,32,53,0.6235294117647059,CAN,85
7175,CAN_CSV0000000000001487__26.csv,CAN_CSV0000000000008201.csv,32,57,0.6404494382022472,CAN,89
7179,CAN_CSV0000000000001487__26.csv,CAN_CSV0000000000001487__9.csv,16,41,0.7192982456140351,CAN,57
7184,CAN_CSV0000000000027346__30.csv,CAN_CSV0000000000027349__16.csv,11,39,0.78,CAN,50
7185,CAN_CSV0000000000027346__30.csv,CAN_CSV0000000000027353__10.csv,12,35,0.7446808510638298,CAN,47
7186,CAN_CSV0000000000027346__30.csv,CAN_CSV0000000000027346.csv,38,48,0.5581395348837209,CAN,86
7192,CAN_CSV0000000000027346__30.csv,CAN_CSV0000000000027347.csv,25,42,0.6268656716417911,CAN,67
7193,CAN_CSV0000000000027346__30.csv,CAN_CSV0000000000027350.csv,25,42,0.6268656716417911,CAN,67
7194,CAN_CSV0000000000027346__30.csv,CAN_CSV0000000000027349__23.csv,12,38,0.76,CAN,50
7196,CAN_CSV0000000000027346__30.csv,CAN_CSV0000000000027349__20.csv,12,38,0.76,CAN,50
7197,CAN_CSV0000000000027346__30.csv,CAN_CSV0000000000027349__21.csv,12,38,0.76,CAN,50
7198,CAN_CSV0000000000027346__30.csv,CAN_CSV0000000000027353__11.csv,12,35,0.7446808510638298,CAN,47
7200,CAN_CSV0000000000027346__30.csv,CAN_CSV0000000000026622.csv,25,43,0.6323529411764706,CAN,68
7201,CAN_CSV0000000000027346__30.csv,CAN_CSV0000000000027354.csv,25,43,0.6323529411764706,CAN,68
7202,CAN_CSV0000000000027346__30.csv,CAN_CSV0000000000001487.csv,38,48,0.5581395348837209,CAN,86
7205,CAN_CSV0000000000027346__30.csv,CAN_CSV0000000000001487__25.csv,15,43,0.7413793103448276,CAN,58
7207,CAN_CSV0000000000027346__30.csv,CAN_CSV0000000000001487__18.csv,12,43,0.7818181818181819,CAN,55
7208,CAN_CSV0000000000027346__30.csv,CAN_CSV0000000000001487__28.csv,15,43,0.7413793103448276,CAN,58
7209,CAN_CSV0000000000027346__30.csv,CAN_CSV0000000000027349__18.csv,12,37,0.7551020408163265,CAN,49
7215,CAN_CSV0000000000027346__30.csv,CAN_CSV0000000000001487__26.csv,14,45,0.7627118644067796,CAN,59
7228,CAN_CSV0000000000027346__30.csv,CAN_CSV0000000000027349__17.csv,12,37,0.7551020408163265,CAN,49
7253,CAN_CSV0000000000001797__5.csv,CAN_CSV0000000000001797__43.csv,15,59,0.7972972972972973,CAN,74
7254,CAN_CSV0000000000001797__5.csv,CAN_CSV0000000000001797__48.csv,15,59,0.7972972972972973,CAN,74
7255,CAN_CSV0000000000001797__5.csv,CAN_CSV0000000000001797__46.csv,15,59,0.7972972972972973,CAN,74
7261,CAN_CSV0000000000001724__46.csv,CAN_CSV0000000000001724__41.csv,16,52,0.7647058823529411,CAN,68
7263,CAN_CSV0000000000001724__46.csv,CAN_CSV0000000000001724__36.csv,16,52,0.7647058823529411,CAN,68
7267,CAN_CSV0000000000027346__35.csv,CAN_CSV0000000000027349__16.csv,11,39,0.78,CAN,50
7268,CAN_CSV0000000000027346__35.csv,CAN_CSV0000000000027353__10.csv,13,33,0.717391304347826,CAN,46
7274,CAN_CSV0000000000027346__35.csv,CAN_CSV0000000000027347.csv,26,40,0.6060606060606061,CAN,66
7275,CAN_CSV0000000000027346__35.csv,CAN_CSV0000000000027350.csv,26,40,0.6060606060606061,CAN,66
7278,CAN_CSV0000000000027346__35.csv,CAN_CSV0000000000001487__18.csv,13,41,0.7592592592592593,CAN,54
7279,CAN_CSV0000000000027346__35.csv,CAN_CSV0000000000027353__11.csv,13,33,0.717391304347826,CAN,46
7280,CAN_CSV0000000000027346__35.csv,CAN_CSV0000000000026622.csv,26,41,0.6119402985074627,CAN,67
7281,CAN_CSV0000000000027346__35.csv,CAN_CSV0000000000027354.csv,25,43,0.6323529411764706,CAN,68
7282,CAN_CSV0000000000027346__35.csv,CAN_CSV0000000000027349__18.csv,12,37,0.7551020408163265,CAN,49
7284,CAN_CSV0000000000027346__35.csv,CAN_CSV0000000000027349__23.csv,12,38,0.76,CAN,50
7286,CAN_CSV0000000000027346__35.csv,CAN_CSV0000000000027349__20.csv,12,38,0.76,CAN,50
7287,CAN_CSV0000000000027346__35.csv,CAN_CSV0000000000027349__21.csv,12,38,0.76,CAN,50
7291,CAN_CSV0000000000027346__35.csv,CAN_CSV0000000000027349.csv,26,40,0.6060606060606061,CAN,66
7293,CAN_CSV0000000000027346__35.csv,CAN_CSV0000000000001487__25.csv,15,43,0.7413793103448276,CAN,58
7295,CAN_CSV0000000000027346__35.csv,CAN_CSV0000000000001487__28.csv,15,43,0.7413793103448276,CAN,58
7298,CAN_CSV0000000000027346__35.csv,CAN_CSV0000000000027349__17.csv,12,37,0.7551020408163265,CAN,49
7299,CAN_CSV0000000000027346__35.csv,CAN_CSV0000000000001487__26.csv,14,45,0.7627118644067796,CAN,59
7314,CAN_CSV0000000000027349__20.csv,CAN_CSV0000000000027346__33.csv,12,38,0.76,CAN,50
7315,CAN_CSV0000000000027349__20.csv,CAN_CSV0000000000027349__16.csv,11,21,0.65625,CAN,32
7316,CAN_CSV0000000000027349__20.csv,CAN_CSV0000000000027353__10.csv,9,23,0.71875,CAN,32
7317,CAN_CSV0000000000027349__20.csv,CAN_CSV0000000000001487__25.csv,11,33,0.75,CAN,44
7321,CAN_CSV0000000000027349__20.csv,CAN_CSV0000000000001487__9.csv,11,40,0.7843137254901961,CAN,51
7323,CAN_CSV0000000000027349__20.csv,CAN_CSV0000000000027353__11.csv,9,23,0.71875,CAN,32
7324,CAN_CSV0000000000027349__20.csv,CAN_CSV0000000000027349__4.csv,9,27,0.75,CAN,36
7330,CAN_CSV0000000000027349__20.csv,CAN_CSV0000000000001487__28.csv,11,33,0.75,CAN,44
7341,CAN_CSV0000000000001487__26.csv,CAN_CSV0000000000027349__23.csv,11,33,0.75,CAN,44
7342,CAN_CSV0000000000001487__26.csv,CAN_CSV0000000000027349__20.csv,11,33,0.75,CAN,44
7344,CAN_CSV0000000000001487__26.csv,CAN_CSV0000000000027349__21.csv,11,33,0.75,CAN,44
7350,CAN_CSV0000000000001487__26.csv,CAN_CSV0000000000027346__34.csv,14,45,0.7627118644067796,CAN,59
7351,CAN_CSV0000000000001487__26.csv,CAN_CSV0000000000027346__35.csv,14,45,0.7627118644067796,CAN,59
7365,CAN_CSV0000000000001487__26.csv,CAN_CSV0000000000027349__1.csv,12,32,0.7272727272727273,CAN,44
7367,CAN_CSV0000000000027346__32.csv,CAN_CSV0000000000001487__18.csv,13,41,0.7592592592592593,CAN,54
7373,CAN_CSV0000000000027346__32.csv,CAN_CSV0000000000001487__20.csv,13,41,0.7592592592592593,CAN,54
7374,CAN_CSV0000000000027346__32.csv,CAN_CSV0000000000001487__21.csv,13,41,0.7592592592592593,CAN,54
7376,CAN_CSV0000000000027346__32.csv,CAN_CSV0000000000027349__16.csv,11,39,0.78,CAN,50
7377,CAN_CSV0000000000027346__32.csv,CAN_CSV0000000000027353__10.csv,13,33,0.717391304347826,CAN,46
7383,CAN_CSV0000000000027346__32.csv,CAN_CSV0000000000027347.csv,26,40,0.6060606060606061,CAN,66
7384,CAN_CSV0000000000027346__32.csv,CAN_CSV0000000000027350.csv,26,40,0.6060606060606061,CAN,66
7387,CAN_CSV0000000000027346__32.csv,CAN_CSV0000000000027353__11.csv,13,33,0.717391304347826,CAN,46
7388,CAN_CSV0000000000027346__32.csv,CAN_CSV0000000000026622.csv,26,41,0.6119402985074627,CAN,67
7389,CAN_CSV0000000000027346__32.csv,CAN_CSV0000000000027354.csv,25,43,0.6323529411764706,CAN,68
7390,CAN_CSV0000000000027346__32.csv,CAN_CSV0000000000027349__18.csv,12,37,0.7551020408163265,CAN,49
7392,CAN_CSV0000000000027346__32.csv,CAN_CSV0000000000027349__17.csv,12,37,0.7551020408163265,CAN,49
7393,CAN_CSV0000000000027346__32.csv,CAN_CSV0000000000027349__23.csv,12,38,0.76,CAN,50
7396,CAN_CSV0000000000027346__32.csv,CAN_CSV0000000000027349__20.csv,12,38,0.76,CAN,50
7398,CAN_CSV0000000000027346__32.csv,CAN_CSV0000000000027349__21.csv,12,38,0.76,CAN,50
7402,CAN_CSV0000000000027346__32.csv,CAN_CSV0000000000001487__25.csv,15,43,0.7413793103448276,CAN,58
7404,CAN_CSV0000000000027346__32.csv,CAN_CSV0000000000001487__28.csv,15,43,0.7413793103448276,CAN,58
7413,CAN_CSV0000000000001487__23.csv,CAN_CSV0000000000027346__33.csv,13,41,0.7592592592592593,CAN,54
7417,CAN_CSV0000000000001487__23.csv,CAN_CSV0000000000027347.csv,18,43,0.7049180327868853,CAN,61
7418,CAN_CSV0000000000001487__23.csv,CAN_CSV0000000000027350.csv,18,43,0.7049180327868853,CAN,61
7422,CAN_CSV0000000000001487__23.csv,CAN_CSV0000000000027354.csv,18,44,0.7096774193548387,CAN,62
7426,CAN_CSV0000000000001487__23.csv,CAN_CSV0000000000001487__9.csv,15,37,0.7115384615384616,CAN,52
7428,CAN_CSV0000000000001487__23.csv,CAN_CSV0000000000027349__4.csv,9,32,0.7804878048780488,CAN,41
7429,CAN_CSV0000000000001487__23.csv,CAN_CSV0000000000026622.csv,18,44,0.7096774193548387,CAN,62
7433,CAN_CSV0000000000001487__23.csv,CAN_CSV0000000000001487__8.csv,13,41,0.7592592592592593,CAN,54
7435,CAN_CSV0000000000001487__23.csv,CAN_CSV0000000000027349__1.csv,9,32,0.7804878048780488,CAN,41
7446,CAN_CSV0000000000001724__11.csv,CAN_CSV0000000000001797__9.csv,18,67,0.788235294117647,CAN,85
7471,CAN_CSV0000000000001797__0.csv,CAN_CSV0000000000001797__43.csv,15,59,0.7972972972972973,CAN,74
7472,CAN_CSV0000000000001797__0.csv,CAN_CSV0000000000001797__48.csv,15,59,0.7972972972972973,CAN,74
7473,CAN_CSV0000000000001797__0.csv,CAN_CSV0000000000001797__46.csv,15,59,0.7972972972972973,CAN,74
7474,CAN_CSV0000000000001487__9.csv,CAN_CSV0000000000027349__23.csv,11,40,0.7843137254901961,CAN,51
7477,CAN_CSV0000000000001487__9.csv,CAN_CSV0000000000027349__20.csv,11,40,0.7843137254901961,CAN,51
7478,CAN_CSV0000000000001487__9.csv,CAN_CSV0000000000001487__25.csv,16,41,0.7192982456140351,CAN,57
7479,CAN_CSV0000000000001487__9.csv,CAN_CSV0000000000027349__21.csv,11,40,0.7843137254901961,CAN,51
7481,CAN_CSV0000000000001487__9.csv,CAN_CSV0000000000027347.csv,27,38,0.5846153846153846,CAN,65
7482,CAN_CSV0000000000001487__9.csv,CAN_CSV0000000000027350.csv,27,38,0.5846153846153846,CAN,65
7483,CAN_CSV0000000000001487__9.csv,CAN_CSV0000000000027353__2.csv,12,38,0.76,CAN,50
7486,CAN_CSV0000000000001487__9.csv,CAN_CSV0000000000001487__28.csv,16,41,0.7192982456140351,CAN,57
7487,CAN_CSV0000000000001487__9.csv,CAN_CSV0000000000027354.csv,26,41,0.6119402985074627,CAN,67
7488,CAN_CSV0000000000001487__9.csv,CAN_CSV0000000000026622.csv,27,39,0.5909090909090909,CAN,66
7489,CAN_CSV0000000000001487__9.csv,CAN_CSV0000000000027349__16.csv,11,39,0.78,CAN,50
7494,CAN_CSV0000000000001487__9.csv,CAN_CSV0000000000027349__18.csv,11,39,0.78,CAN,50
7496,CAN_CSV0000000000001487__9.csv,CAN_CSV0000000000027349__17.csv,11,39,0.78,CAN,50
7501,CAN_CSV0000000000001487__9.csv,CAN_CSV0000000000001487__18.csv,15,37,0.7115384615384616,CAN,52
7503,CAN_CSV0000000000001487__9.csv,CAN_CSV0000000000001487__26.csv,16,41,0.7192982456140351,CAN,57
7504,CAN_CSV0000000000001487__9.csv,CAN_CSV0000000000027349__1.csv,11,41,0.7884615384615384,CAN,52
7506,CAN_CSV0000000000001487__9.csv,CAN_CSV0000000000027349.csv,27,38,0.5846153846153846,CAN,65
7508,CAN_CSV0000000000001487__9.csv,CAN_CSV0000000000027355.csv,27,38,0.5846153846153846,CAN,65
7509,CAN_CSV0000000000001487__9.csv,CAN_CSV0000000000001487__35.csv,10,35,0.7777777777777778,CAN,45
7510,CAN_CSV0000000000001487__9.csv,CAN_CSV0000000000001487__33.csv,10,35,0.7777777777777778,CAN,45
7512,CAN_CSV0000000000001487__9.csv,CAN_CSV0000000000001487__34.csv,10,35,0.7777777777777778,CAN,45
7514,CAN_CSV0000000000001487__9.csv,CAN_CSV0000000000027353__0.csv,12,38,0.76,CAN,50
7523,CAN_CSV0000000000027349__21.csv,CAN_CSV0000000000001487__9.csv,11,40,0.7843137254901961,CAN,51
7524,CAN_CSV0000000000027349__21.csv,CAN_CSV0000000000001487__25.csv,11,33,0.75,CAN,44
7527,CAN_CSV0000000000027349__21.csv,CAN_CSV0000000000027346__33.csv,12,38,0.76,CAN,50
7528,CAN_CSV0000000000027349__21.csv,CAN_CSV0000000000027353__10.csv,9,23,0.71875,CAN,32
7529,CAN_CSV0000000000027349__21.csv,CAN_CSV0000000000027353__11.csv,9,23,0.71875,CAN,32
7530,CAN_CSV0000000000027349__21.csv,CAN_CSV0000000000027349__4.csv,9,27,0.75,CAN,36
7531,CAN_CSV0000000000027349__21.csv,CAN_CSV0000000000027349__16.csv,11,21,0.65625,CAN,32
7536,CAN_CSV0000000000027349__21.csv,CAN_CSV0000000000027349__18.csv,11,21,0.65625,CAN,32
7538,CAN_CSV0000000000027349__21.csv,CAN_CSV0000000000001487__28.csv,11,33,0.75,CAN,44
7539,CAN_CSV0000000000027349__21.csv,CAN_CSV0000000000027349__17.csv,11,21,0.65625,CAN,32
7545,CAN_CSV0000000000001487__20.csv,CAN_CSV0000000000027346__33.csv,13,41,0.7592592592592593,CAN,54
7546,CAN_CSV0000000000001487__20.csv,CAN_CSV0000000000001487__9.csv,15,37,0.7115384615384616,CAN,52
7549,CAN_CSV0000000000001487__20.csv,CAN_CSV0000000000027346__34.csv,13,41,0.7592592592592593,CAN,54
7550,CAN_CSV0000000000001487__20.csv,CAN_CSV0000000000001487__10.csv,15,37,0.7115384615384616,CAN,52
7561,CAN_CSV0000000000001487__20.csv,CAN_CSV0000000000027347.csv,18,43,0.7049180327868853,CAN,61
7562,CAN_CSV0000000000001487__20.csv,CAN_CSV0000000000027350.csv,18,43,0.7049180327868853,CAN,61
7569,CAN_CSV0000000000001487__20.csv,CAN_CSV0000000000027349__4.csv,9,32,0.7804878048780488,CAN,41
7574,CAN_CSV0000000000001487__20.csv,CAN_CSV0000000000027354.csv,18,44,0.7096774193548387,CAN,62
7575,CAN_CSV0000000000001487__20.csv,CAN_CSV0000000000026622.csv,18,44,0.7096774193548387,CAN,62
7578,CAN_CSV0000000000001487__20.csv,CAN_CSV0000000000027349__1.csv,9,32,0.7804878048780488,CAN,41
7580,CAN_CSV0000000000001487__20.csv,CAN_CSV0000000000027349.csv,18,43,0.7049180327868853,CAN,61
7583,CAN_CSV0000000000001487__23.csv,CAN_CSV0000000000027346__34.csv,13,41,0.7592592592592593,CAN,54
7584,CAN_CSV0000000000001487__23.csv,CAN_CSV0000000000001487__10.csv,15,37,0.7115384615384616,CAN,52
7596,CAN_CSV0000000000027346__32.csv,CAN_CSV0000000000027349.csv,26,40,0.6060606060606061,CAN,66
7598,CAN_CSV0000000000027346__32.csv,CAN_CSV0000000000027355.csv,26,40,0.6060606060606061,CAN,66
7612,CAN_CSV0000000000001724__13.csv,CAN_CSV0000000000001797__10.csv,18,67,0.788235294117647,CAN,85
7617,CAN_CSV0000000000001724__13.csv,CAN_CSV0000000000001797__11.csv,18,67,0.788235294117647,CAN,85
7634,CAN_CSV0000000000001487__26.csv,CAN_CSV0000000000001487__8.csv,16,41,0.7192982456140351,CAN,57
7641,CAN_CSV0000000000027346__30.csv,CAN_CSV0000000000008201.csv,38,52,0.5777777777777777,CAN,90
7642,CAN_CSV0000000000027346__30.csv,CAN_CSV0000000000001487__29.csv,15,43,0.7413793103448276,CAN,58
7647,CAN_CSV0000000000027346__30.csv,CAN_CSV0000000000001487__27.csv,15,43,0.7413793103448276,CAN,58
7653,CAN_CSV0000000000001724__12.csv,CAN_CSV0000000000001797__9.csv,18,67,0.788235294117647,CAN,85
7663,CAN_CSV0000000000001724__44.csv,CAN_CSV0000000000001724__41.csv,16,52,0.7647058823529411,CAN,68
7665,CAN_CSV0000000000001724__44.csv,CAN_CSV0000000000001724__36.csv,16,52,0.7647058823529411,CAN,68
7669,CAN_CSV0000000000001724__44.csv,CAN_CSV0000000000001797__43.csv,16,56,0.7777777777777778,CAN,72
7670,CAN_CSV0000000000001724__44.csv,CAN_CSV0000000000001797__48.csv,16,56,0.7777777777777778,CAN,72
7671,CAN_CSV0000000000001724__44.csv,CAN_CSV0000000000001797__46.csv,16,56,0.7777777777777778,CAN,72
7678,CAN_CSV0000000000027346__30.csv,CAN_CSV0000000000001487__20.csv,12,43,0.7818181818181819,CAN,55
7679,CAN_CSV0000000000027346__30.csv,CAN_CSV0000000000001487__21.csv,12,43,0.7818181818181819,CAN,55
7706,CAN_CSV0000000000001797__1.csv,CAN_CSV0000000000001797__43.csv,15,59,0.7972972972972973,CAN,74
7708,CAN_CSV0000000000001487__6.csv,CAN_CSV0000000000001487__18.csv,15,37,0.7115384615384616,CAN,52
7714,CAN_CSV0000000000001487__6.csv,CAN_CSV0000000000001487__20.csv,15,37,0.7115384615384616,CAN,52
7715,CAN_CSV0000000000001487__6.csv,CAN_CSV0000000000001487__35.csv,10,35,0.7777777777777778,CAN,45
7717,CAN_CSV0000000000001487__6.csv,CAN_CSV0000000000001487__33.csv,10,35,0.7777777777777778,CAN,45
7719,CAN_CSV0000000000001487__6.csv,CAN_CSV0000000000027347.csv,27,38,0.5846153846153846,CAN,65
7720,CAN_CSV0000000000001487__6.csv,CAN_CSV0000000000027350.csv,27,38,0.5846153846153846,CAN,65
7721,CAN_CSV0000000000001487__6.csv,CAN_CSV0000000000027353__2.csv,12,38,0.76,CAN,50
7723,CAN_CSV0000000000001487__6.csv,CAN_CSV0000000000026622.csv,27,39,0.5909090909090909,CAN,66
7724,CAN_CSV0000000000001487__6.csv,CAN_CSV0000000000027354.csv,26,41,0.6119402985074627,CAN,67
7725,CAN_CSV0000000000001487__6.csv,CAN_CSV0000000000001487__34.csv,10,35,0.7777777777777778,CAN,45
7727,CAN_CSV0000000000001487__6.csv,CAN_CSV0000000000027349__23.csv,11,40,0.7843137254901961,CAN,51
7728,CAN_CSV0000000000001487__6.csv,CAN_CSV0000000000027349__16.csv,11,39,0.78,CAN,50
7729,CAN_CSV0000000000001487__6.csv,CAN_CSV0000000000027349__20.csv,11,40,0.7843137254901961,CAN,51
7730,CAN_CSV0000000000001487__6.csv,CAN_CSV0000000000001487__25.csv,16,41,0.7192982456140351,CAN,57
7732,CAN_CSV0000000000001487__6.csv,CAN_CSV0000000000027349__21.csv,11,40,0.7843137254901961,CAN,51
7734,CAN_CSV0000000000001487__6.csv,CAN_CSV0000000000001487__28.csv,16,41,0.7192982456140351,CAN,57
7735,CAN_CSV0000000000001487__6.csv,CAN_CSV0000000000027349__18.csv,11,39,0.78,CAN,50
7742,CAN_CSV0000000000001487__10.csv,CAN_CSV0000000000001487__18.csv,15,37,0.7115384615384616,CAN,52
7748,CAN_CSV0000000000001487__10.csv,CAN_CSV0000000000001487__20.csv,15,37,0.7115384615384616,CAN,52
7749,CAN_CSV0000000000001487__10.csv,CAN_CSV0000000000001487__21.csv,15,37,0.7115384615384616,CAN,52
7750,CAN_CSV0000000000001487__10.csv,CAN_CSV0000000000001487__22.csv,15,37,0.7115384615384616,CAN,52
7753,CAN_CSV0000000000001487__10.csv,CAN_CSV0000000000001487__35.csv,10,35,0.7777777777777778,CAN,45
7755,CAN_CSV0000000000001487__10.csv,CAN_CSV0000000000001487__33.csv,10,35,0.7777777777777778,CAN,45
7757,CAN_CSV0000000000001487__10.csv,CAN_CSV0000000000027347.csv,27,38,0.5846153846153846,CAN,65
7758,CAN_CSV0000000000001487__10.csv,CAN_CSV0000000000027350.csv,27,38,0.5846153846153846,CAN,65
7759,CAN_CSV0000000000001487__10.csv,CAN_CSV0000000000027353__2.csv,12,38,0.76,CAN,50
7761,CAN_CSV0000000000001487__10.csv,CAN_CSV0000000000026622.csv,27,39,0.5909090909090909,CAN,66
7762,CAN_CSV0000000000001487__10.csv,CAN_CSV0000000000027349__23.csv,11,40,0.7843137254901961,CAN,51
7763,CAN_CSV0000000000001487__10.csv,CAN_CSV0000000000027349__16.csv,11,39,0.78,CAN,50
7764,CAN_CSV0000000000001487__10.csv,CAN_CSV0000000000027349__20.csv,11,40,0.7843137254901961,CAN,51
7765,CAN_CSV0000000000001487__10.csv,CAN_CSV0000000000001487__25.csv,16,41,0.7192982456140351,CAN,57
7767,CAN_CSV0000000000001487__10.csv,CAN_CSV0000000000027349__21.csv,11,40,0.7843137254901961,CAN,51
7769,CAN_CSV0000000000001487__10.csv,CAN_CSV0000000000001487__28.csv,16,41,0.7192982456140351,CAN,57
7770,CAN_CSV0000000000001487__10.csv,CAN_CSV0000000000027354.csv,26,41,0.6119402985074627,CAN,67
7771,CAN_CSV0000000000001487__10.csv,CAN_CSV0000000000027349__18.csv,11,39,0.78,CAN,50
7772,CAN_CSV0000000000001487__10.csv,CAN_CSV0000000000001487__34.csv,10,35,0.7777777777777778,CAN,45
7779,CAN_CSV0000000000001487__9.csv,CAN_CSV0000000000001487__20.csv,15,37,0.7115384615384616,CAN,52
7780,CAN_CSV0000000000001487__9.csv,CAN_CSV0000000000001487__21.csv,15,37,0.7115384615384616,CAN,52
7781,CAN_CSV0000000000001487__9.csv,CAN_CSV0000000000001487__22.csv,15,37,0.7115384615384616,CAN,52
7786,CAN_CSV0000000000001487__9.csv,CAN_CSV0000000000001487__23.csv,15,37,0.7115384615384616,CAN,52
7791,CAN_CSV0000000000001724__45.csv,CAN_CSV0000000000001724__41.csv,16,52,0.7647058823529411,CAN,68
7793,CAN_CSV0000000000001724__45.csv,CAN_CSV0000000000001724__36.csv,16,52,0.7647058823529411,CAN,68
7812,CAN_CSV0000000000027346__35.csv,CAN_CSV0000000000001487__29.csv,15,43,0.7413793103448276,CAN,58
7815,CAN_CSV0000000000027346__35.csv,CAN_CSV0000000000001487__27.csv,15,43,0.7413793103448276,CAN,58
7838,CAN_CSV0000000000001487__29.csv,CAN_CSV0000000000027349__23.csv,11,33,0.75,CAN,44
7841,CAN_CSV0000000000001487__29.csv,CAN_CSV0000000000001487__9.csv,16,41,0.7192982456140351,CAN,57
7842,CAN_CSV0000000000001487__29.csv,CAN_CSV0000000000027349__20.csv,11,33,0.75,CAN,44
7843,CAN_CSV0000000000001487__29.csv,CAN_CSV0000000000027349__21.csv,11,33,0.75,CAN,44
7845,CAN_CSV0000000000001487__29.csv,CAN_CSV0000000000027347.csv,24,37,0.6065573770491803,CAN,61
7846,CAN_CSV0000000000001487__29.csv,CAN_CSV0000000000027350.csv,24,37,0.6065573770491803,CAN,61
7849,CAN_CSV0000000000001487__29.csv,CAN_CSV0000000000027349__4.csv,10,36,0.782608695652174,CAN,46
7851,CAN_CSV0000000000001487__29.csv,CAN_CSV0000000000027354.csv,24,38,0.6129032258064516,CAN,62
7852,CAN_CSV0000000000001487__29.csv,CAN_CSV0000000000026622.csv,24,38,0.6129032258064516,CAN,62
7854,CAN_CSV0000000000001487__29.csv,CAN_CSV0000000000001487__8.csv,16,41,0.7192982456140351,CAN,57
7857,CAN_CSV0000000000001487__29.csv,CAN_CSV0000000000027349__1.csv,12,32,0.7272727272727273,CAN,44
7859,CAN_CSV0000000000001487__29.csv,CAN_CSV0000000000027349.csv,24,37,0.6065573770491803,CAN,61
7861,CAN_CSV0000000000001487__29.csv,CAN_CSV0000000000027346__33.csv,15,43,0.7413793103448276,CAN,58
7863,CAN_CSV0000000000001487__29.csv,CAN_CSV0000000000027349__16.csv,10,34,0.7727272727272727,CAN,44
7868,CAN_CSV0000000000001487__29.csv,CAN_CSV0000000000027349__18.csv,10,34,0.7727272727272727,CAN,44
7874,CAN_CSV0000000000001487__29.csv,CAN_CSV0000000000027349__17.csv,10,34,0.7727272727272727,CAN,44
7883,CAN_CSV0000000000001487__29.csv,CAN_CSV0000000000001487__10.csv,16,41,0.7192982456140351,CAN,57
7885,CAN_CSV0000000000001487__29.csv,CAN_CSV0000000000001487__6.csv,16,41,0.7192982456140351,CAN,57
7886,CAN_CSV0000000000001487__29.csv,CAN_CSV0000000000001487__7.csv,16,41,0.7192982456140351,CAN,57
7907,CAN_CSV0000000000001487__26.csv,CAN_CSV0000000000001487__10.csv,16,41,0.7192982456140351,CAN,57
7908,CAN_CSV0000000000001487__26.csv,CAN_CSV0000000000001487__6.csv,16,41,0.7192982456140351,CAN,57
7909,CAN_CSV0000000000027346__32.csv,CAN_CSV0000000000001487__26.csv,14,45,0.7627118644067796,CAN,59
7910,CAN_CSV0000000000027346__32.csv,CAN_CSV0000000000001487__29.csv,15,43,0.7413793103448276,CAN,58
7912,CAN_CSV0000000000027346__32.csv,CAN_CSV0000000000001487__24.csv,15,43,0.7413793103448276,CAN,58
7922,CAN_CSV0000000000027346__35.csv,CAN_CSV0000000000001487__20.csv,13,41,0.7592592592592593,CAN,54
7923,CAN_CSV0000000000027346__35.csv,CAN_CSV0000000000001487__21.csv,13,41,0.7592592592592593,CAN,54
7924,CAN_CSV0000000000027346__35.csv,CAN_CSV0000000000001487__22.csv,13,41,0.7592592592592593,CAN,54
7926,CAN_CSV0000000000001487__28.csv,CAN_CSV0000000000027349__23.csv,11,33,0.75,CAN,44
7929,CAN_CSV0000000000001487__28.csv,CAN_CSV0000000000027346.csv,32,53,0.6235294117647059,CAN,85
7930,CAN_CSV0000000000001487__28.csv,CAN_CSV0000000000001487__9.csv,16,41,0.7192982456140351,CAN,57
7931,CAN_CSV0000000000001487__28.csv,CAN_CSV0000000000027349__20.csv,11,33,0.75,CAN,44
7933,CAN_CSV0000000000001487__28.csv,CAN_CSV0000000000027349__21.csv,11,33,0.75,CAN,44
7935,CAN_CSV0000000000001487__28.csv,CAN_CSV0000000000027347.csv,23,39,0.6290322580645161,CAN,62
7936,CAN_CSV0000000000001487__28.csv,CAN_CSV0000000000027350.csv,23,39,0.6290322580645161,CAN,62
7939,CAN_CSV0000000000001487__28.csv,CAN_CSV0000000000027349__4.csv,11,34,0.7555555555555555,CAN,45
7940,CAN_CSV0000000000001487__28.csv,CAN_CSV0000000000027354.csv,23,40,0.6349206349206349,CAN,63
7941,CAN_CSV0000000000001487__28.csv,CAN_CSV0000000000026622.csv,23,40,0.6349206349206349,CAN,63
7942,CAN_CSV0000000000001487__28.csv,CAN_CSV0000000000001487.csv,32,53,0.6235294117647059,CAN,85
7944,CAN_CSV0000000000001487__28.csv,CAN_CSV0000000000001487__8.csv,16,41,0.7192982456140351,CAN,57
7946,CAN_CSV0000000000001487__28.csv,CAN_CSV0000000000001487__26.csv,31,4,0.1142857142857142,CAN,35
7947,CAN_CSV0000000000001487__28.csv,CAN_CSV0000000000027349__1.csv,11,34,0.7555555555555555,CAN,45
7949,CAN_CSV0000000000001487__28.csv,CAN_CSV0000000000027349.csv,23,39,0.6290322580645161,CAN,62
7951,CAN_CSV0000000000001487__28.csv,CAN_CSV0000000000001487__10.csv,16,41,0.7192982456140351,CAN,57
7952,CAN_CSV0000000000001487__28.csv,CAN_CSV0000000000027355.csv,22,41,0.6507936507936508,CAN,63
7953,CAN_CSV0000000000001487__28.csv,CAN_CSV0000000000027346__33.csv,15,43,0.7413793103448276,CAN,58
7955,CAN_CSV0000000000001487__28.csv,CAN_CSV0000000000027349__16.csv,10,34,0.7727272727272727,CAN,44
7966,CAN_CSV0000000000001487__28.csv,CAN_CSV0000000000027349__18.csv,10,34,0.7727272727272727,CAN,44
7972,CAN_CSV0000000000001487__25.csv,CAN_CSV0000000000027349__23.csv,11,33,0.75,CAN,44
7975,CAN_CSV0000000000001487__25.csv,CAN_CSV0000000000001487__9.csv,16,41,0.7192982456140351,CAN,57
7976,CAN_CSV0000000000001487__25.csv,CAN_CSV0000000000027349__20.csv,11,33,0.75,CAN,44
7977,CAN_CSV0000000000001487__25.csv,CAN_CSV0000000000027349__21.csv,11,33,0.75,CAN,44
7979,CAN_CSV0000000000001487__25.csv,CAN_CSV0000000000027347.csv,24,37,0.6065573770491803,CAN,61
7980,CAN_CSV0000000000001487__25.csv,CAN_CSV0000000000027350.csv,24,37,0.6065573770491803,CAN,61
7983,CAN_CSV0000000000001487__25.csv,CAN_CSV0000000000027349__4.csv,10,36,0.782608695652174,CAN,46
7985,CAN_CSV0000000000001487__25.csv,CAN_CSV0000000000027354.csv,24,38,0.6129032258064516,CAN,62
7986,CAN_CSV0000000000001487__25.csv,CAN_CSV0000000000026622.csv,24,38,0.6129032258064516,CAN,62
7988,CAN_CSV0000000000001487__25.csv,CAN_CSV0000000000001487__8.csv,16,41,0.7192982456140351,CAN,57
7991,CAN_CSV0000000000001487__25.csv,CAN_CSV0000000000027346__33.csv,15,43,0.7413793103448276,CAN,58
7993,CAN_CSV0000000000001487__25.csv,CAN_CSV0000000000027349__16.csv,10,34,0.7727272727272727,CAN,44
8002,CAN_CSV0000000000001487__25.csv,CAN_CSV0000000000027349__18.csv,10,34,0.7727272727272727,CAN,44
8003,CAN_CSV0000000000001487__25.csv,CAN_CSV0000000000027349__17.csv,10,34,0.7727272727272727,CAN,44
8012,CAN_CSV0000000000001487__25.csv,CAN_CSV0000000000001487__10.csv,16,41,0.7192982456140351,CAN,57
8014,CAN_CSV0000000000001487__25.csv,CAN_CSV0000000000001487__6.csv,16,41,0.7192982456140351,CAN,57
8015,CAN_CSV0000000000001487__25.csv,CAN_CSV0000000000001487__7.csv,16,41,0.7192982456140351,CAN,57
8120,CAN_CSV0000000000001724__39.csv,CAN_CSV0000000000001724__45.csv,16,52,0.7647058823529411,CAN,68
8121,CAN_CSV0000000000001724__39.csv,CAN_CSV0000000000001797__9.csv,19,72,0.7912087912087912,CAN,91
8128,CAN_CSV0000000000001724__39.csv,CAN_CSV0000000000001797__13.csv,19,72,0.7912087912087912,CAN,91
8166,CAN_CSV0000000000001797__43.csv,CAN_CSV0000000000001797__5.csv,15,59,0.7972972972972973,CAN,74
8168,CAN_CSV0000000000001797__43.csv,CAN_CSV0000000000001724__45.csv,16,56,0.7777777777777778,CAN,72
8170,CAN_CSV0000000000001797__43.csv,CAN_CSV0000000000001797__9.csv,31,52,0.6265060240963856,CAN,83
8175,CAN_CSV0000000000001797__43.csv,CAN_CSV0000000000001797__13.csv,31,52,0.6265060240963856,CAN,83
8252,CAN_CSV0000000000001797__2.csv,CAN_CSV0000000000001797__43.csv,15,59,0.7972972972972973,CAN,74
8253,CAN_CSV0000000000001797__2.csv,CAN_CSV0000000000001797__48.csv,15,59,0.7972972972972973,CAN,74
8254,CAN_CSV0000000000001797__2.csv,CAN_CSV0000000000001797__46.csv,15,59,0.7972972972972973,CAN,74
8257,CAN_CSV0000000000001487__7.csv,CAN_CSV0000000000027349__23.csv,11,40,0.7843137254901961,CAN,51
8260,CAN_CSV0000000000001487__7.csv,CAN_CSV0000000000027349__20.csv,11,40,0.7843137254901961,CAN,51
8261,CAN_CSV0000000000001487__7.csv,CAN_CSV0000000000001487__25.csv,16,41,0.7192982456140351,CAN,57
8262,CAN_CSV0000000000001487__7.csv,CAN_CSV0000000000027349__21.csv,11,40,0.7843137254901961,CAN,51
8264,CAN_CSV0000000000001487__7.csv,CAN_CSV0000000000027347.csv,27,38,0.5846153846153846,CAN,65
8265,CAN_CSV0000000000001487__7.csv,CAN_CSV0000000000027350.csv,27,38,0.5846153846153846,CAN,65
8266,CAN_CSV0000000000001487__7.csv,CAN_CSV0000000000027353__2.csv,12,38,0.76,CAN,50
8268,CAN_CSV0000000000001487__7.csv,CAN_CSV0000000000027349__16.csv,11,39,0.78,CAN,50
8273,CAN_CSV0000000000001487__7.csv,CAN_CSV0000000000026622.csv,27,39,0.5909090909090909,CAN,66
8274,CAN_CSV0000000000001487__7.csv,CAN_CSV0000000000027354.csv,26,41,0.6119402985074627,CAN,67
8275,CAN_CSV0000000000001487__7.csv,CAN_CSV0000000000027349__18.csv,11,39,0.78,CAN,50
8279,CAN_CSV0000000000001487__7.csv,CAN_CSV0000000000001487__18.csv,15,37,0.7115384615384616,CAN,52
8281,CAN_CSV0000000000001487__7.csv,CAN_CSV0000000000001487__28.csv,16,41,0.7192982456140351,CAN,57
8284,CAN_CSV0000000000001487__7.csv,CAN_CSV0000000000001487__26.csv,16,41,0.7192982456140351,CAN,57
8285,CAN_CSV0000000000001487__7.csv,CAN_CSV0000000000027349__1.csv,11,41,0.7884615384615384,CAN,52
8287,CAN_CSV0000000000001487__7.csv,CAN_CSV0000000000027349.csv,27,38,0.5846153846153846,CAN,65
8289,CAN_CSV0000000000001487__7.csv,CAN_CSV0000000000001487__35.csv,10,35,0.7777777777777778,CAN,45
8290,CAN_CSV0000000000001487__7.csv,CAN_CSV0000000000001487__33.csv,10,35,0.7777777777777778,CAN,45
8292,CAN_CSV0000000000001487__7.csv,CAN_CSV0000000000001487__34.csv,10,35,0.7777777777777778,CAN,45
8297,CAN_CSV0000000000001487__7.csv,CAN_CSV0000000000027353__0.csv,12,38,0.76,CAN,50
8303,CAN_CSV0000000000001487__7.csv,CAN_CSV0000000000027349__17.csv,11,39,0.78,CAN,50
8304,CAN_CSV0000000000001780__1.csv,CAN_CSV0000000000010640.csv,24,79,0.7669902912621359,CAN,103
8305,CAN_CSV0000000000001780__1.csv,CAN_CSV0000000000001759.csv,16,23,0.5897435897435898,CAN,39
8306,CAN_CSV0000000000001780__1.csv,CAN_CSV0000000000010129.csv,24,79,0.7669902912621359,CAN,103
8308,CAN_CSV0000000000001780__1.csv,CAN_CSV0000000000001780__18.csv,7,25,0.78125,CAN,32
8314,CAN_CSV0000000000001780__1.csv,CAN_CSV0000000000001780__17.csv,7,25,0.78125,CAN,32
8320,CAN_CSV0000000000001780__1.csv,CAN_CSV0000000000001780__16.csv,7,25,0.78125,CAN,32
8321,CAN_CSV0000000000001780__1.csv,CAN_CSV0000000000001780__15.csv,7,25,0.78125,CAN,32
8322,CAN_CSV0000000000001780__1.csv,CAN_CSV0000000000001780__19.csv,7,25,0.78125,CAN,32
8326,CAN_CSV0000000000027349__19.csv,CAN_CSV0000000000027346__33.csv,12,37,0.7551020408163265,CAN,49
8327,CAN_CSV0000000000027349__19.csv,CAN_CSV0000000000027353__10.csv,9,22,0.7096774193548387,CAN,31
8334,CAN_CSV0000000000027349__19.csv,CAN_CSV0000000000027353__2.csv,11,21,0.65625,CAN,32
8336,CAN_CSV0000000000027349__19.csv,CAN_CSV0000000000027353__11.csv,9,22,0.7096774193548387,CAN,31
8338,CAN_CSV0000000000027349__19.csv,CAN_CSV0000000000027349__23.csv,11,21,0.65625,CAN,32
8339,CAN_CSV0000000000027349__19.csv,CAN_CSV0000000000001487__9.csv,11,39,0.78,CAN,50
8340,CAN_CSV0000000000027349__19.csv,CAN_CSV0000000000027349__20.csv,11,21,0.65625,CAN,32
8341,CAN_CSV0000000000027349__19.csv,CAN_CSV0000000000027349__21.csv,11,21,0.65625,CAN,32
8346,CAN_CSV0000000000027349__19.csv,CAN_CSV0000000000001487__25.csv,10,34,0.7727272727272727,CAN,44
8349,CAN_CSV0000000000027349__19.csv,CAN_CSV0000000000001487__28.csv,10,34,0.7727272727272727,CAN,44
8363,CAN_CSV0000000000001313__5.csv,CAN_CSV0000000000001313__3.csv,7,26,0.7878787878787878,CAN,33
8364,CAN_CSV0000000000001313__5.csv,CAN_CSV0000000000001313__4.csv,7,26,0.7878787878787878,CAN,33
8365,CAN_CSV0000000000001313__5.csv,CAN_CSV0000000000001313__2.csv,7,26,0.7878787878787878,CAN,33
8366,CAN_CSV0000000000001313__5.csv,CAN_CSV0000000000001313__1.csv,7,26,0.7878787878787878,CAN,33
8368,CAN_CSV0000000000001313__5.csv,CAN_CSV0000000000001313__0.csv,7,26,0.7878787878787878,CAN,33
8369,CAN_CSV0000000000001313__5.csv,CAN_CSV0000000000001313__11.csv,7,27,0.7941176470588235,CAN,34
8370,CAN_CSV0000000000001313__5.csv,CAN_CSV0000000000001313__12.csv,7,27,0.7941176470588235,CAN,34
8371,CAN_CSV0000000000001313__5.csv,CAN_CSV0000000000001313__14.csv,7,27,0.7941176470588235,CAN,34
8372,CAN_CSV0000000000001313__5.csv,CAN_CSV0000000000001313__10.csv,7,27,0.7941176470588235,CAN,34
8392,CAN_CSV0000000000001797__3.csv,CAN_CSV0000000000001797__43.csv,15,59,0.7972972972972973,CAN,74
8393,CAN_CSV0000000000001797__3.csv,CAN_CSV0000000000001797__48.csv,15,59,0.7972972972972973,CAN,74
8394,CAN_CSV0000000000001797__3.csv,CAN_CSV0000000000001797__46.csv,15,59,0.7972972972972973,CAN,74
8405,CAN_CSV0000000000001487__24.csv,CAN_CSV0000000000027347.csv,24,37,0.6065573770491803,CAN,61
8406,CAN_CSV0000000000001487__24.csv,CAN_CSV0000000000027350.csv,24,37,0.6065573770491803,CAN,61
8407,CAN_CSV0000000000001487__24.csv,CAN_CSV0000000000027349__23.csv,11,33,0.75,CAN,44
8409,CAN_CSV0000000000001487__24.csv,CAN_CSV0000000000001487__9.csv,16,41,0.7192982456140351,CAN,57
8410,CAN_CSV0000000000001487__24.csv,CAN_CSV0000000000027349__20.csv,11,33,0.75,CAN,44
8411,CAN_CSV0000000000001487__24.csv,CAN_CSV0000000000027349__21.csv,11,33,0.75,CAN,44
8413,CAN_CSV0000000000001487__24.csv,CAN_CSV0000000000027346__33.csv,15,43,0.7413793103448276,CAN,58
8418,CAN_CSV0000000000001487__24.csv,CAN_CSV0000000000027346__34.csv,15,43,0.7413793103448276,CAN,58
8429,CAN_CSV0000000000001487__24.csv,CAN_CSV0000000000027349__4.csv,10,36,0.782608695652174,CAN,46
8430,CAN_CSV0000000000001487__24.csv,CAN_CSV0000000000026622.csv,24,38,0.6129032258064516,CAN,62
8431,CAN_CSV0000000000001487__24.csv,CAN_CSV0000000000027354.csv,24,38,0.6129032258064516,CAN,62
8432,CAN_CSV0000000000001487__24.csv,CAN_CSV0000000000027349__16.csv,10,34,0.7727272727272727,CAN,44
8436,CAN_CSV0000000000001487__24.csv,CAN_CSV0000000000027349__18.csv,10,34,0.7727272727272727,CAN,44
8440,CAN_CSV0000000000001487__24.csv,CAN_CSV0000000000001487__8.csv,16,41,0.7192982456140351,CAN,57
8446,CAN_CSV0000000000001487__24.csv,CAN_CSV0000000000027349__17.csv,10,34,0.7727272727272727,CAN,44
8449,CAN_CSV0000000000001487__24.csv,CAN_CSV0000000000027349__1.csv,12,32,0.7272727272727273,CAN,44
8450,CAN_CSV0000000000001487__24.csv,CAN_CSV0000000000027349__15.csv,10,34,0.7727272727272727,CAN,44
8451,CAN_CSV0000000000001487__24.csv,CAN_CSV0000000000027349.csv,24,37,0.6065573770491803,CAN,61
8452,CAN_CSV0000000000001487__24.csv,CAN_CSV0000000000027355.csv,23,39,0.6290322580645161,CAN,62
8454,CAN_CSV0000000000001487__24.csv,CAN_CSV0000000000001487__10.csv,16,41,0.7192982456140351,CAN,57
8455,CAN_CSV0000000000001487__24.csv,CAN_CSV0000000000027346__35.csv,15,43,0.7413793103448276,CAN,58
8456,CAN_CSV0000000000001487__24.csv,CAN_CSV0000000000027346__30.csv,15,43,0.7413793103448276,CAN,58
8458,CAN_CSV0000000000001487__24.csv,CAN_CSV0000000000027346__31.csv,15,43,0.7413793103448276,CAN,58
8459,CAN_CSV0000000000001487__24.csv,CAN_CSV0000000000027346__32.csv,15,43,0.7413793103448276,CAN,58
8559,CAN_CSV0000000000001909__8.csv,CAN_CSV0000000000027389.csv,14,28,0.6666666666666666,CAN,42
8569,CAN_CSV0000000000001909__8.csv,CAN_CSV0000000000001816.csv,14,28,0.6666666666666666,CAN,42
8572,CAN_CSV0000000000027405__5.csv,CAN_CSV0000000000027405.csv,11,20,0.6451612903225806,CAN,31
8620,CAN_CSV0000000000002115__26.csv,CAN_CSV0000000000001971__10.csv,14,44,0.7586206896551724,CAN,58
8621,CAN_CSV0000000000002115__26.csv,CAN_CSV0000000000001735__13.csv,20,31,0.6078431372549019,CAN,51
8622,CAN_CSV0000000000002115__26.csv,CAN_CSV0000000000002115__33.csv,16,41,0.7192982456140351,CAN,57
8623,CAN_CSV0000000000002115__26.csv,CAN_CSV0000000000001735__27.csv,10,34,0.7727272727272727,CAN,44
8624,CAN_CSV0000000000002115__26.csv,CAN_CSV0000000000001735__25.csv,10,34,0.7727272727272727,CAN,44
8625,CAN_CSV0000000000002115__26.csv,CAN_CSV0000000000001735__24.csv,10,34,0.7727272727272727,CAN,44
8626,CAN_CSV0000000000002115__26.csv,CAN_CSV0000000000001971__6.csv,14,44,0.7586206896551724,CAN,58
8627,CAN_CSV0000000000002115__26.csv,CAN_CSV0000000000002115__22.csv,14,46,0.7666666666666667,CAN,60
8628,CAN_CSV0000000000002115__26.csv,CAN_CSV0000000000002115__21.csv,14,46,0.7666666666666667,CAN,60
8629,CAN_CSV0000000000002115__26.csv,CAN_CSV0000000000002115__30.csv,16,41,0.7192982456140351,CAN,57
8630,CAN_CSV0000000000002115__26.csv,CAN_CSV0000000000001971__8.csv,14,44,0.7586206896551724,CAN,58
8631,CAN_CSV0000000000002115__26.csv,CAN_CSV0000000000001971__7.csv,14,44,0.7586206896551724,CAN,58
8632,CAN_CSV0000000000002115__26.csv,CAN_CSV0000000000001735__29.csv,10,34,0.7727272727272727,CAN,44
8648,CAN_CSV0000000000001735__4.csv,CAN_CSV0000000000002115__26.csv,14,31,0.6888888888888889,CAN,45
8649,CAN_CSV0000000000001735__4.csv,CAN_CSV0000000000002115__4.csv,8,27,0.7714285714285715,CAN,35
8651,CAN_CSV0000000000001735__4.csv,CAN_CSV0000000000001735__27.csv,8,29,0.7837837837837838,CAN,37
8652,CAN_CSV0000000000001735__4.csv,CAN_CSV0000000000001735__25.csv,8,29,0.7837837837837838,CAN,37
8655,CAN_CSV0000000000001735__4.csv,CAN_CSV0000000000001735__24.csv,8,29,0.7837837837837838,CAN,37
8656,CAN_CSV0000000000001735__4.csv,CAN_CSV0000000000002115__22.csv,13,39,0.75,CAN,52
8657,CAN_CSV0000000000001735__4.csv,CAN_CSV0000000000002115__21.csv,13,39,0.75,CAN,52
8659,CAN_CSV0000000000001735__4.csv,CAN_CSV0000000000002115__5.csv,8,27,0.7714285714285715,CAN,35
8661,CAN_CSV0000000000001735__4.csv,CAN_CSV0000000000002115__25.csv,14,31,0.6888888888888889,CAN,45
8665,CAN_CSV0000000000001797__45.csv,CAN_CSV0000000000001797__5.csv,15,59,0.7972972972972973,CAN,74
8667,CAN_CSV0000000000001797__45.csv,CAN_CSV0000000000001724__45.csv,16,56,0.7777777777777778,CAN,72
8669,CAN_CSV0000000000001797__45.csv,CAN_CSV0000000000001797__9.csv,31,52,0.6265060240963856,CAN,83
8674,CAN_CSV0000000000001797__45.csv,CAN_CSV0000000000001797__13.csv,31,52,0.6265060240963856,CAN,83
8678,CAN_CSV0000000000027353__2.csv,CAN_CSV0000000000027349__16.csv,10,23,0.696969696969697,CAN,33
8679,CAN_CSV0000000000027353__2.csv,CAN_CSV0000000000027353__10.csv,10,21,0.6774193548387096,CAN,31
8687,CAN_CSV0000000000027353__2.csv,CAN_CSV0000000000027353__11.csv,10,21,0.6774193548387096,CAN,31
8688,CAN_CSV0000000000027353__2.csv,CAN_CSV0000000000027354.csv,21,33,0.6111111111111112,CAN,54
8689,CAN_CSV0000000000027353__2.csv,CAN_CSV0000000000027349__18.csv,11,21,0.65625,CAN,32
8691,CAN_CSV0000000000027353__2.csv,CAN_CSV0000000000027349__17.csv,11,21,0.65625,CAN,32
8695,CAN_CSV0000000000027353__2.csv,CAN_CSV0000000000001487__9.csv,12,38,0.76,CAN,50
8701,CAN_CSV0000000000027353__2.csv,CAN_CSV0000000000027349__4.csv,8,29,0.7837837837837838,CAN,37
8704,CAN_CSV0000000000027353__2.csv,CAN_CSV0000000000001487__8.csv,12,38,0.76,CAN,50
8723,CAN_CSV0000000000001960__0.csv,CAN_CSV0000000000027371.csv,18,24,0.5714285714285714,CAN,42
8724,CAN_CSV0000000000001960__0.csv,CAN_CSV0000000000027389.csv,18,24,0.5714285714285714,CAN,42
8731,CAN_CSV0000000000001960__0.csv,CAN_CSV0000000000001961.csv,18,24,0.5714285714285714,CAN,42
8792,CAN_CSV0000000000001780__17.csv,CAN_CSV0000000000001780__1.csv,7,25,0.78125,CAN,32
8797,CAN_CSV0000000000001780__17.csv,CAN_CSV0000000000001780__4.csv,7,25,0.78125,CAN,32
8801,CAN_CSV0000000000001909__4.csv,CAN_CSV0000000000027371.csv,11,31,0.7380952380952381,CAN,42
8807,CAN_CSV0000000000001909__4.csv,CAN_CSV0000000000001961.csv,11,31,0.7380952380952381,CAN,42
8810,CAN_CSV0000000000001909__4.csv,CAN_CSV0000000000001816.csv,11,31,0.7380952380952381,CAN,42
8813,CAN_CSV0000000000001797__13.csv,CAN_CSV0000000000001724__8.csv,18,67,0.788235294117647,CAN,85
8814,CAN_CSV0000000000001797__13.csv,CAN_CSV0000000000001724__9.csv,18,67,0.788235294117647,CAN,85
8818,CAN_CSV0000000000001797__13.csv,CAN_CSV0000000000001724__10.csv,18,67,0.788235294117647,CAN,85
8820,CAN_CSV0000000000001797__13.csv,CAN_CSV0000000000001724__41.csv,19,72,0.7912087912087912,CAN,91
8821,CAN_CSV0000000000001797__13.csv,CAN_CSV0000000000001724__36.csv,19,72,0.7912087912087912,CAN,91
8824,CAN_CSV0000000000001797__13.csv,CAN_CSV0000000000001787__9.csv,18,63,0.7777777777777778,CAN,81
8852,CAN_CSV0000000000027354__0.csv,CAN_CSV0000000000027347.csv,14,39,0.7358490566037735,CAN,53
8853,CAN_CSV0000000000027354__0.csv,CAN_CSV0000000000027350.csv,14,39,0.7358490566037735,CAN,53
8867,CAN_CSV0000000000027354__0.csv,CAN_CSV0000000000027349.csv,14,39,0.7358490566037735,CAN,53
8897,CAN_CSV0000000000001787__10.csv,CAN_CSV0000000000001797__9.csv,18,63,0.7777777777777778,CAN,81
8929,CAN_CSV0000000000001724__8.csv,CAN_CSV0000000000001797__10.csv,18,67,0.788235294117647,CAN,85
8934,CAN_CSV0000000000001724__8.csv,CAN_CSV0000000000001797__11.csv,18,67,0.788235294117647,CAN,85
8940,CAN_CSV0000000000001724__8.csv,CAN_CSV0000000000001797__9.csv,18,67,0.788235294117647,CAN,85
8954,CAN_CSV0000000000001909__5.csv,CAN_CSV0000000000027371.csv,11,31,0.7380952380952381,CAN,42
8957,CAN_CSV0000000000001909__5.csv,CAN_CSV0000000000001816.csv,11,31,0.7380952380952381,CAN,42
8965,CAN_CSV0000000000001313__5.csv,CAN_CSV0000000000001313__13.csv,7,27,0.7941176470588235,CAN,34
9051,CAN_CSV0000000000001487__31.csv,CAN_CSV0000000000001487__9.csv,10,35,0.7777777777777778,CAN,45
9076,CAN_CSV0000000000001797__47.csv,CAN_CSV0000000000001797__5.csv,15,59,0.7972972972972973,CAN,74
9078,CAN_CSV0000000000001797__47.csv,CAN_CSV0000000000001724__45.csv,16,56,0.7777777777777778,CAN,72
9080,CAN_CSV0000000000001797__47.csv,CAN_CSV0000000000001797__9.csv,31,52,0.6265060240963856,CAN,83
9140,CAN_CSV0000000000027349__23.csv,CAN_CSV0000000000001487__9.csv,11,40,0.7843137254901961,CAN,51
9141,CAN_CSV0000000000027349__23.csv,CAN_CSV0000000000001487__25.csv,11,33,0.75,CAN,44
9144,CAN_CSV0000000000027349__23.csv,CAN_CSV0000000000001487__28.csv,11,33,0.75,CAN,44
9145,CAN_CSV0000000000027349__23.csv,CAN_CSV0000000000027346__33.csv,12,38,0.76,CAN,50
9146,CAN_CSV0000000000027349__23.csv,CAN_CSV0000000000027353__10.csv,9,23,0.71875,CAN,32
9147,CAN_CSV0000000000027349__23.csv,CAN_CSV0000000000027353__11.csv,9,23,0.71875,CAN,32
9148,CAN_CSV0000000000027349__23.csv,CAN_CSV0000000000027349__16.csv,11,21,0.65625,CAN,32
9153,CAN_CSV0000000000027349__23.csv,CAN_CSV0000000000027349__18.csv,11,21,0.65625,CAN,32
9157,CAN_CSV0000000000027349__23.csv,CAN_CSV0000000000027349__17.csv,11,21,0.65625,CAN,32
9158,CAN_CSV0000000000027349__23.csv,CAN_CSV0000000000001487__26.csv,11,33,0.75,CAN,44
9173,CAN_CSV0000000000001909__0.csv,CAN_CSV0000000000001961.csv,18,24,0.5714285714285714,CAN,42
9191,CAN_CSV0000000000001780__4.csv,CAN_CSV0000000000001759.csv,16,23,0.5897435897435898,CAN,39
9193,CAN_CSV0000000000001780__4.csv,CAN_CSV0000000000010129.csv,24,79,0.7669902912621359,CAN,103
9194,CAN_CSV0000000000001780__4.csv,CAN_CSV0000000000001780__18.csv,7,25,0.78125,CAN,32
9202,CAN_CSV0000000000001780__4.csv,CAN_CSV0000000000010640.csv,24,79,0.7669902912621359,CAN,103
9212,CAN_CSV0000000000001787__7.csv,CAN_CSV0000000000001797__9.csv,18,63,0.7777777777777778,CAN,81
9266,CAN_CSV0000000000027353__23.csv,CAN_CSV0000000000027354.csv,11,43,0.7962962962962963,CAN,54
9272,CAN_CSV0000000000027353__23.csv,CAN_CSV0000000000027347.csv,11,42,0.7924528301886793,CAN,53
9273,CAN_CSV0000000000027353__23.csv,CAN_CSV0000000000027350.csv,11,42,0.7924528301886793,CAN,53
9279,CAN_CSV0000000000001487__35.csv,CAN_CSV0000000000001487__9.csv,10,35,0.7777777777777778,CAN,45
9288,CAN_CSV0000000000001487__35.csv,CAN_CSV0000000000001487__8.csv,10,35,0.7777777777777778,CAN,45
9312,CAN_CSV0000000000002115__35.csv,CAN_CSV0000000000001971__10.csv,20,37,0.6491228070175439,CAN,57
9313,CAN_CSV0000000000002115__35.csv,CAN_CSV0000000000002115__26.csv,16,41,0.7192982456140351,CAN,57
9314,CAN_CSV0000000000002115__35.csv,CAN_CSV0000000000001735__13.csv,21,34,0.6181818181818182,CAN,55
9315,CAN_CSV0000000000002115__35.csv,CAN_CSV0000000000001735__27.csv,11,37,0.7708333333333334,CAN,48
9316,CAN_CSV0000000000002115__35.csv,CAN_CSV0000000000001735__25.csv,11,37,0.7708333333333334,CAN,48
9317,CAN_CSV0000000000002115__35.csv,CAN_CSV0000000000001735__24.csv,11,37,0.7708333333333334,CAN,48
9318,CAN_CSV0000000000002115__35.csv,CAN_CSV0000000000001971__6.csv,20,37,0.6491228070175439,CAN,57
9319,CAN_CSV0000000000002115__35.csv,CAN_CSV0000000000002115__22.csv,20,39,0.6610169491525424,CAN,59
9320,CAN_CSV0000000000002115__35.csv,CAN_CSV0000000000002115__21.csv,20,39,0.6610169491525424,CAN,59
9321,CAN_CSV0000000000002115__35.csv,CAN_CSV0000000000002115__25.csv,16,41,0.7192982456140351,CAN,57
9322,CAN_CSV0000000000002115__35.csv,CAN_CSV0000000000001971__8.csv,20,37,0.6491228070175439,CAN,57
9323,CAN_CSV0000000000002115__35.csv,CAN_CSV0000000000001971__7.csv,20,37,0.6491228070175439,CAN,57
9324,CAN_CSV0000000000002115__35.csv,CAN_CSV0000000000002115__24.csv,16,41,0.7192982456140351,CAN,57
9333,CAN_CSV0000000000001735__1.csv,CAN_CSV0000000000002115__26.csv,14,31,0.6888888888888889,CAN,45
9334,CAN_CSV0000000000001735__1.csv,CAN_CSV0000000000002115__4.csv,8,27,0.7714285714285715,CAN,35
9336,CAN_CSV0000000000001735__1.csv,CAN_CSV0000000000001735__27.csv,8,29,0.7837837837837838,CAN,37
9337,CAN_CSV0000000000001735__1.csv,CAN_CSV0000000000001735__25.csv,8,29,0.7837837837837838,CAN,37
9340,CAN_CSV0000000000001735__1.csv,CAN_CSV0000000000001735__24.csv,8,29,0.7837837837837838,CAN,37
9341,CAN_CSV0000000000001735__1.csv,CAN_CSV0000000000002115__22.csv,13,39,0.75,CAN,52
9342,CAN_CSV0000000000001735__1.csv,CAN_CSV0000000000002115__21.csv,13,39,0.75,CAN,52
9388,CAN_CSV0000000000001797__36.csv,CAN_CSV0000000000001797__10.csv,17,61,0.782051282051282,CAN,78
9393,CAN_CSV0000000000001487__8.csv,CAN_CSV0000000000027346.csv,38,48,0.5581395348837209,CAN,86
9395,CAN_CSV0000000000001487__8.csv,CAN_CSV0000000000001487__18.csv,13,41,0.7592592592592593,CAN,54
9396,CAN_CSV0000000000001487__8.csv,CAN_CSV0000000000001487.csv,38,48,0.5581395348837209,CAN,86
9398,CAN_CSV0000000000001487__8.csv,CAN_CSV0000000000027349__23.csv,11,40,0.7843137254901961,CAN,51
9401,CAN_CSV0000000000001487__8.csv,CAN_CSV0000000000027349__20.csv,11,40,0.7843137254901961,CAN,51
9402,CAN_CSV0000000000001487__8.csv,CAN_CSV0000000000001487__25.csv,16,41,0.7192982456140351,CAN,57
9403,CAN_CSV0000000000001487__8.csv,CAN_CSV0000000000027349__21.csv,11,40,0.7843137254901961,CAN,51
9405,CAN_CSV0000000000001487__8.csv,CAN_CSV0000000000027347.csv,27,38,0.5846153846153846,CAN,65
9406,CAN_CSV0000000000001487__8.csv,CAN_CSV0000000000027350.csv,27,38,0.5846153846153846,CAN,65
9407,CAN_CSV0000000000001487__8.csv,CAN_CSV0000000000027353__2.csv,12,38,0.76,CAN,50
9410,CAN_CSV0000000000001487__8.csv,CAN_CSV0000000000001487__28.csv,16,41,0.7192982456140351,CAN,57
9414,CAN_CSV0000000000001487__8.csv,CAN_CSV0000000000001487__20.csv,13,41,0.7592592592592593,CAN,54
9415,CAN_CSV0000000000001487__8.csv,CAN_CSV0000000000001487__21.csv,13,41,0.7592592592592593,CAN,54
9416,CAN_CSV0000000000001487__8.csv,CAN_CSV0000000000027349__16.csv,11,39,0.78,CAN,50
9421,CAN_CSV0000000000001487__8.csv,CAN_CSV0000000000026622.csv,27,39,0.5909090909090909,CAN,66
9422,CAN_CSV0000000000001487__8.csv,CAN_CSV0000000000027354.csv,26,41,0.6119402985074627,CAN,67
9423,CAN_CSV0000000000001487__8.csv,CAN_CSV0000000000027349__18.csv,11,39,0.78,CAN,50
9425,CAN_CSV0000000000001487__8.csv,CAN_CSV0000000000027349__17.csv,11,39,0.78,CAN,50
9430,CAN_CSV0000000000001487__8.csv,CAN_CSV0000000000001487__26.csv,16,41,0.7192982456140351,CAN,57
9431,CAN_CSV0000000000001487__8.csv,CAN_CSV0000000000027349__1.csv,11,41,0.7884615384615384,CAN,52
9433,CAN_CSV0000000000001487__8.csv,CAN_CSV0000000000027349.csv,27,38,0.5846153846153846,CAN,65
9435,CAN_CSV0000000000001487__8.csv,CAN_CSV0000000000001487__35.csv,10,35,0.7777777777777778,CAN,45
9436,CAN_CSV0000000000001487__8.csv,CAN_CSV0000000000001487__33.csv,10,35,0.7777777777777778,CAN,45
9438,CAN_CSV0000000000001487__8.csv,CAN_CSV0000000000001487__34.csv,10,35,0.7777777777777778,CAN,45
9443,CAN_CSV0000000000001487__8.csv,CAN_CSV0000000000027353__0.csv,12,38,0.76,CAN,50
9449,CAN_CSV0000000000001487__8.csv,CAN_CSV0000000000008201.csv,38,52,0.5777777777777777,CAN,90
9456,CAN_CSV0000000000001487__8.csv,CAN_CSV0000000000001487__29.csv,16,41,0.7192982456140351,CAN,57
9457,CAN_CSV0000000000001487__8.csv,CAN_CSV0000000000001487__24.csv,16,41,0.7192982456140351,CAN,57
9499,CAN_CSV0000000000001313__9.csv,CAN_CSV0000000000001313__3.csv,7,26,0.7878787878787878,CAN,33
9501,CAN_CSV0000000000001313__9.csv,CAN_CSV0000000000001313__4.csv,7,26,0.7878787878787878,CAN,33
9502,CAN_CSV0000000000001313__9.csv,CAN_CSV0000000000001313__2.csv,7,26,0.7878787878787878,CAN,33
9503,CAN_CSV0000000000001313__9.csv,CAN_CSV0000000000001313__1.csv,7,26,0.7878787878787878,CAN,33
9504,CAN_CSV0000000000001313__9.csv,CAN_CSV0000000000001313__0.csv,7,26,0.7878787878787878,CAN,33
9510,CAN_CSV0000000000001313__9.csv,CAN_CSV0000000000001313__11.csv,7,27,0.7941176470588235,CAN,34
9511,CAN_CSV0000000000001313__9.csv,CAN_CSV0000000000001313__12.csv,7,27,0.7941176470588235,CAN,34
9512,CAN_CSV0000000000001313__9.csv,CAN_CSV0000000000001313__14.csv,7,27,0.7941176470588235,CAN,34
9513,CAN_CSV0000000000001313__9.csv,CAN_CSV0000000000001313__10.csv,7,27,0.7941176470588235,CAN,34
9517,CAN_CSV0000000000001313__9.csv,CAN_CSV0000000000001313__13.csv,7,27,0.7941176470588235,CAN,34
9624,CAN_CSV0000000000027430.csv,CAN_CSV0000000000001289.csv,8,24,0.75,CAN,32
9648,CAN_CSV0000000000027430.csv,CAN_CSV0000000000001294.csv,7,24,0.7741935483870968,CAN,31
10192,CAN_CSV0000000000027410.csv,CAN_CSV0000000000002034.csv,30,9,0.2307692307692307,CAN,39
10193,CAN_CSV0000000000027410.csv,CAN_CSV0000000000002036.csv,30,9,0.2307692307692307,CAN,39
10195,CAN_CSV0000000000027410.csv,CAN_CSV0000000000002040.csv,30,9,0.2307692307692307,CAN,39
10198,CAN_CSV0000000000027410.csv,CAN_CSV0000000000002039.csv,30,9,0.2307692307692307,CAN,39
10199,CAN_CSV0000000000027410.csv,CAN_CSV0000000000002035.csv,29,11,0.275,CAN,40
10200,CAN_CSV0000000000027410.csv,CAN_CSV0000000000001770.csv,30,10,0.25,CAN,40
10298,CAN_CSV0000000000024789.csv,CAN_CSV0000000000024784.csv,10,22,0.6875,CAN,32
10906,CAN_CSV0000000000002131.csv,CAN_CSV0000000000002034.csv,29,11,0.275,CAN,40
10907,CAN_CSV0000000000002131.csv,CAN_CSV0000000000002036.csv,29,11,0.275,CAN,40
10908,CAN_CSV0000000000002131.csv,CAN_CSV0000000000002040.csv,29,11,0.275,CAN,40
10910,CAN_CSV0000000000002131.csv,CAN_CSV0000000000002039.csv,29,11,0.275,CAN,40
10911,CAN_CSV0000000000002131.csv,CAN_CSV0000000000002035.csv,30,9,0.2307692307692307,CAN,39
10913,CAN_CSV0000000000002131.csv,CAN_CSV0000000000001770.csv,29,12,0.2926829268292683,CAN,41
10915,CAN_CSV0000000000002131.csv,CAN_CSV0000000000001477.csv,33,4,0.1081081081081081,CAN,37
11474,CAN_CSV0000000000024792.csv,CAN_CSV0000000000024784.csv,10,23,0.696969696969697,CAN,33
11886,CAN_CSV0000000000001857.csv,CAN_CSV0000000000019127.csv,17,59,0.7763157894736842,CAN,76
11887,CAN_CSV0000000000001857.csv,CAN_CSV0000000000001998.csv,18,57,0.76,CAN,75
11888,CAN_CSV0000000000001857.csv,CAN_CSV0000000000004427.csv,17,59,0.7763157894736842,CAN,76
11890,CAN_CSV0000000000001857.csv,CAN_CSV0000000000001406.csv,18,59,0.7662337662337663,CAN,77
11891,CAN_CSV0000000000001857.csv,CAN_CSV0000000000002097.csv,18,57,0.76,CAN,75
14345,CAN_CSV0000000000001313__1.csv,CAN_CSV0000000000001313__8.csv,7,26,0.7878787878787878,CAN,33
14347,CAN_CSV0000000000001313__1.csv,CAN_CSV0000000000001313__5.csv,7,26,0.7878787878787878,CAN,33
14348,CAN_CSV0000000000001313__1.csv,CAN_CSV0000000000001313__6.csv,7,26,0.7878787878787878,CAN,33
14349,CAN_CSV0000000000001313__1.csv,CAN_CSV0000000000001313__9.csv,7,26,0.7878787878787878,CAN,33
14351,CAN_CSV0000000000001313__10.csv,CAN_CSV0000000000001313__7.csv,7,27,0.7941176470588235,CAN,34
14352,CAN_CSV0000000000001313__10.csv,CAN_CSV0000000000001313__5.csv,7,27,0.7941176470588235,CAN,34
14353,CAN_CSV0000000000001313__10.csv,CAN_CSV0000000000001313__6.csv,7,27,0.7941176470588235,CAN,34
14354,CAN_CSV0000000000001313__10.csv,CAN_CSV0000000000001313__8.csv,7,27,0.7941176470588235,CAN,34
14355,CAN_CSV0000000000001313__10.csv,CAN_CSV0000000000001313__9.csv,7,27,0.7941176470588235,CAN,34
14367,CAN_CSV0000000000001313__12.csv,CAN_CSV0000000000001313__5.csv,7,27,0.7941176470588235,CAN,34
14371,CAN_CSV0000000000001313__12.csv,CAN_CSV0000000000001313__6.csv,7,27,0.7941176470588235,CAN,34
14372,CAN_CSV0000000000001313__12.csv,CAN_CSV0000000000001313__8.csv,7,27,0.7941176470588235,CAN,34
14373,CAN_CSV0000000000001313__12.csv,CAN_CSV0000000000001313__9.csv,7,27,0.7941176470588235,CAN,34
14441,CAN_CSV0000000000001313__3.csv,CAN_CSV0000000000001313__8.csv,7,26,0.7878787878787878,CAN,33
14443,CAN_CSV0000000000001313__3.csv,CAN_CSV0000000000001313__5.csv,7,26,0.7878787878787878,CAN,33
14444,CAN_CSV0000000000001313__3.csv,CAN_CSV0000000000001313__6.csv,7,26,0.7878787878787878,CAN,33
14459,CAN_CSV0000000000001313__7.csv,CAN_CSV0000000000001313.csv,20,48,0.7058823529411765,CAN,68
14506,CAN_CSV0000000000001358__0.csv,CAN_CSV0000000000001358__18.csv,9,26,0.7428571428571429,CAN,35
14507,CAN_CSV0000000000001358__0.csv,CAN_CSV0000000000001358__19.csv,9,26,0.7428571428571429,CAN,35
14508,CAN_CSV0000000000001358__0.csv,CAN_CSV0000000000001358__16.csv,9,26,0.7428571428571429,CAN,35
14509,CAN_CSV0000000000001358__0.csv,CAN_CSV0000000000001358__15.csv,9,26,0.7428571428571429,CAN,35
14510,CAN_CSV0000000000001358__0.csv,CAN_CSV0000000000001358__17.csv,8,28,0.7777777777777778,CAN,36
14511,CAN_CSV0000000000001358__1.csv,CAN_CSV0000000000001358__17.csv,8,28,0.7777777777777778,CAN,36
14512,CAN_CSV0000000000001358__1.csv,CAN_CSV0000000000001358__18.csv,9,26,0.7428571428571429,CAN,35
14513,CAN_CSV0000000000001358__1.csv,CAN_CSV0000000000001358__16.csv,9,26,0.7428571428571429,CAN,35
14514,CAN_CSV0000000000001358__1.csv,CAN_CSV0000000000001358__15.csv,9,26,0.7428571428571429,CAN,35
14515,CAN_CSV0000000000001358__1.csv,CAN_CSV0000000000001358__19.csv,9,26,0.7428571428571429,CAN,35
14542,CAN_CSV0000000000001358__15.csv,CAN_CSV0000000000001358__1.csv,9,26,0.7428571428571429,CAN,35
14543,CAN_CSV0000000000001358__15.csv,CAN_CSV0000000000001358__0.csv,9,26,0.7428571428571429,CAN,35
14544,CAN_CSV0000000000001358__15.csv,CAN_CSV0000000000001358__2.csv,9,26,0.7428571428571429,CAN,35
14545,CAN_CSV0000000000001358__15.csv,CAN_CSV0000000000001358__4.csv,9,26,0.7428571428571429,CAN,35
14546,CAN_CSV0000000000001358__15.csv,CAN_CSV0000000000001358__3.csv,9,26,0.7428571428571429,CAN,35
14548,CAN_CSV0000000000001358__16.csv,CAN_CSV0000000000001358__1.csv,9,26,0.7428571428571429,CAN,35
14549,CAN_CSV0000000000001358__16.csv,CAN_CSV0000000000001358__0.csv,9,26,0.7428571428571429,CAN,35
14550,CAN_CSV0000000000001358__16.csv,CAN_CSV0000000000001358__2.csv,9,26,0.7428571428571429,CAN,35
14551,CAN_CSV0000000000001358__16.csv,CAN_CSV0000000000001358__4.csv,9,26,0.7428571428571429,CAN,35
14552,CAN_CSV0000000000001358__16.csv,CAN_CSV0000000000001358__3.csv,9,26,0.7428571428571429,CAN,35
14553,CAN_CSV0000000000001358__17.csv,CAN_CSV0000000000001358.csv,20,38,0.6551724137931034,CAN,58
14555,CAN_CSV0000000000001358__17.csv,CAN_CSV0000000000001358__1.csv,8,28,0.7777777777777778,CAN,36
14557,CAN_CSV0000000000001358__17.csv,CAN_CSV0000000000001358__0.csv,8,28,0.7777777777777778,CAN,36
14558,CAN_CSV0000000000001358__17.csv,CAN_CSV0000000000001358__3.csv,8,28,0.7777777777777778,CAN,36
14559,CAN_CSV0000000000001358__17.csv,CAN_CSV0000000000001358__2.csv,8,28,0.7777777777777778,CAN,36
14560,CAN_CSV0000000000001358__17.csv,CAN_CSV0000000000001358__4.csv,8,28,0.7777777777777778,CAN,36
14564,CAN_CSV0000000000001358__18.csv,CAN_CSV0000000000001358__1.csv,9,26,0.7428571428571429,CAN,35
14565,CAN_CSV0000000000001358__18.csv,CAN_CSV0000000000001358__0.csv,9,26,0.7428571428571429,CAN,35
14566,CAN_CSV0000000000001358__18.csv,CAN_CSV0000000000001358__2.csv,9,26,0.7428571428571429,CAN,35
14567,CAN_CSV0000000000001358__18.csv,CAN_CSV0000000000001358__4.csv,9,26,0.7428571428571429,CAN,35
14568,CAN_CSV0000000000001358__18.csv,CAN_CSV0000000000001358__3.csv,9,26,0.7428571428571429,CAN,35
14570,CAN_CSV0000000000001358__19.csv,CAN_CSV0000000000001358__1.csv,9,26,0.7428571428571429,CAN,35
14571,CAN_CSV0000000000001358__19.csv,CAN_CSV0000000000001358__0.csv,9,26,0.7428571428571429,CAN,35
14572,CAN_CSV0000000000001358__19.csv,CAN_CSV0000000000001358__2.csv,9,26,0.7428571428571429,CAN,35
14573,CAN_CSV0000000000001358__19.csv,CAN_CSV0000000000001358__4.csv,9,26,0.7428571428571429,CAN,35
14574,CAN_CSV0000000000001358__19.csv,CAN_CSV0000000000001358__3.csv,9,26,0.7428571428571429,CAN,35
14575,CAN_CSV0000000000001358__2.csv,CAN_CSV0000000000001358__17.csv,8,28,0.7777777777777778,CAN,36
14576,CAN_CSV0000000000001358__2.csv,CAN_CSV0000000000001358__18.csv,9,26,0.7428571428571429,CAN,35
14577,CAN_CSV0000000000001358__2.csv,CAN_CSV0000000000001358__16.csv,9,26,0.7428571428571429,CAN,35
14578,CAN_CSV0000000000001358__2.csv,CAN_CSV0000000000001358__15.csv,9,26,0.7428571428571429,CAN,35
14579,CAN_CSV0000000000001358__2.csv,CAN_CSV0000000000001358__19.csv,9,26,0.7428571428571429,CAN,35
14625,CAN_CSV0000000000001358__3.csv,CAN_CSV0000000000001358__17.csv,8,28,0.7777777777777778,CAN,36
14626,CAN_CSV0000000000001358__3.csv,CAN_CSV0000000000001358__18.csv,9,26,0.7428571428571429,CAN,35
14627,CAN_CSV0000000000001358__3.csv,CAN_CSV0000000000001358__16.csv,9,26,0.7428571428571429,CAN,35
14628,CAN_CSV0000000000001358__3.csv,CAN_CSV0000000000001358__15.csv,9,26,0.7428571428571429,CAN,35
14629,CAN_CSV0000000000001358__3.csv,CAN_CSV0000000000001358__19.csv,9,26,0.7428571428571429,CAN,35
14630,CAN_CSV0000000000001358__4.csv,CAN_CSV0000000000001358__17.csv,8,28,0.7777777777777778,CAN,36
14631,CAN_CSV0000000000001358__4.csv,CAN_CSV0000000000001358__18.csv,9,26,0.7428571428571429,CAN,35
14632,CAN_CSV0000000000001358__4.csv,CAN_CSV0000000000001358__16.csv,9,26,0.7428571428571429,CAN,35
14633,CAN_CSV0000000000001358__4.csv,CAN_CSV0000000000001358__15.csv,9,26,0.7428571428571429,CAN,35
14634,CAN_CSV0000000000001358__4.csv,CAN_CSV0000000000001358__19.csv,9,26,0.7428571428571429,CAN,35
14681,CAN_CSV0000000000001389.csv,CAN_CSV0000000000027348.csv,48,8,0.1428571428571428,CAN,56
14689,CAN_CSV0000000000001470.csv,CAN_CSV0000000000001471__6.csv,11,20,0.6451612903225806,CAN,31
14697,CAN_CSV0000000000001470__1.csv,CAN_CSV0000000000001471.csv,13,18,0.5806451612903226,CAN,31
14699,CAN_CSV0000000000001470__1.csv,CAN_CSV0000000000001470.csv,13,18,0.5806451612903226,CAN,31
14802,CAN_CSV0000000000001471.csv,CAN_CSV0000000000001471__6.csv,11,20,0.6451612903225806,CAN,31
14853,CAN_CSV0000000000001471__6.csv,CAN_CSV0000000000001471.csv,11,20,0.6451612903225806,CAN,31
14855,CAN_CSV0000000000001471__6.csv,CAN_CSV0000000000001470.csv,11,20,0.6451612903225806,CAN,31
14901,CAN_CSV0000000000001487__10.csv,CAN_CSV0000000000001487__24.csv,16,41,0.7192982456140351,CAN,57
14902,CAN_CSV0000000000001487__10.csv,CAN_CSV0000000000001487__26.csv,16,41,0.7192982456140351,CAN,57
14903,CAN_CSV0000000000001487__10.csv,CAN_CSV0000000000001487__27.csv,16,41,0.7192982456140351,CAN,57
14905,CAN_CSV0000000000001487__10.csv,CAN_CSV0000000000001487__29.csv,16,41,0.7192982456140351,CAN,57
14907,CAN_CSV0000000000001487__10.csv,CAN_CSV0000000000027355.csv,27,38,0.5846153846153846,CAN,65
14908,CAN_CSV0000000000001487__10.csv,CAN_CSV0000000000001874.csv,27,38,0.5846153846153846,CAN,65
14909,CAN_CSV0000000000001487__10.csv,CAN_CSV0000000000027348.csv,27,38,0.5846153846153846,CAN,65
14910,CAN_CSV0000000000001487__10.csv,CAN_CSV0000000000027353.csv,27,39,0.5909090909090909,CAN,66
14911,CAN_CSV0000000000001487__10.csv,CAN_CSV0000000000001389.csv,27,38,0.5846153846153846,CAN,65
14912,CAN_CSV0000000000001487__10.csv,CAN_CSV0000000000003066.csv,27,38,0.5846153846153846,CAN,65
14915,CAN_CSV0000000000001487__11.csv,CAN_CSV0000000000001487__25.csv,15,43,0.7413793103448276,CAN,58
14917,CAN_CSV0000000000001487__11.csv,CAN_CSV0000000000001487__24.csv,15,43,0.7413793103448276,CAN,58
14918,CAN_CSV0000000000001487__11.csv,CAN_CSV0000000000001487__26.csv,15,43,0.7413793103448276,CAN,58
14919,CAN_CSV0000000000001487__11.csv,CAN_CSV0000000000001487__28.csv,15,43,0.7413793103448276,CAN,58
14920,CAN_CSV0000000000001487__11.csv,CAN_CSV0000000000001487__27.csv,15,43,0.7413793103448276,CAN,58
14921,CAN_CSV0000000000001487__11.csv,CAN_CSV0000000000001487__8.csv,37,6,0.1395348837209302,CAN,43
14924,CAN_CSV0000000000001487__11.csv,CAN_CSV0000000000001487__29.csv,15,43,0.7413793103448276,CAN,58
14925,CAN_CSV0000000000001487__11.csv,CAN_CSV0000000000027355.csv,26,40,0.6060606060606061,CAN,66
14926,CAN_CSV0000000000001487__11.csv,CAN_CSV0000000000027350.csv,26,40,0.6060606060606061,CAN,66
14927,CAN_CSV0000000000001487__11.csv,CAN_CSV0000000000001874.csv,26,40,0.6060606060606061,CAN,66
14928,CAN_CSV0000000000001487__11.csv,CAN_CSV0000000000027348.csv,26,40,0.6060606060606061,CAN,66
14929,CAN_CSV0000000000001487__11.csv,CAN_CSV0000000000008201.csv,39,50,0.5617977528089888,CAN,89
14930,CAN_CSV0000000000001487__11.csv,CAN_CSV0000000000027353.csv,26,41,0.6119402985074627,CAN,67
14931,CAN_CSV0000000000001487__11.csv,CAN_CSV0000000000001487.csv,39,46,0.5411764705882353,CAN,85
14932,CAN_CSV0000000000001487__11.csv,CAN_CSV0000000000026622.csv,26,41,0.6119402985074627,CAN,67
14933,CAN_CSV0000000000001487__11.csv,CAN_CSV0000000000001389.csv,26,40,0.6060606060606061,CAN,66
14982,CAN_CSV0000000000001487__18.csv,CAN_CSV0000000000001487__9.csv,15,37,0.7115384615384616,CAN,52
14983,CAN_CSV0000000000001487__18.csv,CAN_CSV0000000000001487__7.csv,15,37,0.7115384615384616,CAN,52
14984,CAN_CSV0000000000001487__18.csv,CAN_CSV0000000000001487__8.csv,13,41,0.7592592592592593,CAN,54
14985,CAN_CSV0000000000001487__18.csv,CAN_CSV0000000000001487__11.csv,15,37,0.7115384615384616,CAN,52
14986,CAN_CSV0000000000001487__18.csv,CAN_CSV0000000000001487__6.csv,15,37,0.7115384615384616,CAN,52
14987,CAN_CSV0000000000001487__18.csv,CAN_CSV0000000000001487__10.csv,15,37,0.7115384615384616,CAN,52
14988,CAN_CSV0000000000001487__18.csv,CAN_CSV0000000000027355.csv,18,43,0.7049180327868853,CAN,61
14989,CAN_CSV0000000000001487__18.csv,CAN_CSV0000000000027354.csv,18,44,0.7096774193548387,CAN,62
14990,CAN_CSV0000000000001487__18.csv,CAN_CSV0000000000027353.csv,18,44,0.7096774193548387,CAN,62
14991,CAN_CSV0000000000001487__18.csv,CAN_CSV0000000000026622.csv,18,44,0.7096774193548387,CAN,62
14992,CAN_CSV0000000000001487__18.csv,CAN_CSV0000000000001389.csv,18,43,0.7049180327868853,CAN,61
14993,CAN_CSV0000000000001487__18.csv,CAN_CSV0000000000003066.csv,18,43,0.7049180327868853,CAN,61
14994,CAN_CSV0000000000001487__18.csv,CAN_CSV0000000000027349.csv,18,43,0.7049180327868853,CAN,61
14995,CAN_CSV0000000000001487__19.csv,CAN_CSV0000000000001487__9.csv,15,37,0.7115384615384616,CAN,52
14996,CAN_CSV0000000000001487__19.csv,CAN_CSV0000000000001487__7.csv,15,37,0.7115384615384616,CAN,52
14997,CAN_CSV0000000000001487__19.csv,CAN_CSV0000000000001487__8.csv,13,41,0.7592592592592593,CAN,54
14998,CAN_CSV0000000000001487__19.csv,CAN_CSV0000000000001487__11.csv,15,37,0.7115384615384616,CAN,52
14999,CAN_CSV0000000000001487__19.csv,CAN_CSV0000000000001487__6.csv,15,37,0.7115384615384616,CAN,52
15000,CAN_CSV0000000000001487__19.csv,CAN_CSV0000000000001487__10.csv,15,37,0.7115384615384616,CAN,52
15001,CAN_CSV0000000000001487__19.csv,CAN_CSV0000000000027355.csv,18,43,0.7049180327868853,CAN,61
15002,CAN_CSV0000000000001487__19.csv,CAN_CSV0000000000027350.csv,18,43,0.7049180327868853,CAN,61
15003,CAN_CSV0000000000001487__19.csv,CAN_CSV0000000000001874.csv,18,43,0.7049180327868853,CAN,61
15004,CAN_CSV0000000000001487__19.csv,CAN_CSV0000000000027354.csv,18,44,0.7096774193548387,CAN,62
15005,CAN_CSV0000000000001487__19.csv,CAN_CSV0000000000027348.csv,16,47,0.746031746031746,CAN,63
15006,CAN_CSV0000000000001487__19.csv,CAN_CSV0000000000027353.csv,18,44,0.7096774193548387,CAN,62
15007,CAN_CSV0000000000001487__19.csv,CAN_CSV0000000000026622.csv,18,44,0.7096774193548387,CAN,62
15008,CAN_CSV0000000000001487__19.csv,CAN_CSV0000000000001389.csv,18,43,0.7049180327868853,CAN,61
15009,CAN_CSV0000000000001487__19.csv,CAN_CSV0000000000003066.csv,18,43,0.7049180327868853,CAN,61
15010,CAN_CSV0000000000001487__19.csv,CAN_CSV0000000000027349.csv,18,43,0.7049180327868853,CAN,61
15020,CAN_CSV0000000000001487__20.csv,CAN_CSV0000000000001487__7.csv,15,37,0.7115384615384616,CAN,52
15021,CAN_CSV0000000000001487__20.csv,CAN_CSV0000000000001487__11.csv,15,37,0.7115384615384616,CAN,52
15022,CAN_CSV0000000000001487__20.csv,CAN_CSV0000000000001487__6.csv,15,37,0.7115384615384616,CAN,52
15023,CAN_CSV0000000000001487__20.csv,CAN_CSV0000000000027355.csv,18,43,0.7049180327868853,CAN,61
15024,CAN_CSV0000000000001487__20.csv,CAN_CSV0000000000001874.csv,18,43,0.7049180327868853,CAN,61
15025,CAN_CSV0000000000001487__20.csv,CAN_CSV0000000000003066.csv,18,43,0.7049180327868853,CAN,61
15026,CAN_CSV0000000000001487__21.csv,CAN_CSV0000000000001487__9.csv,15,37,0.7115384615384616,CAN,52
15027,CAN_CSV0000000000001487__21.csv,CAN_CSV0000000000001487__7.csv,15,37,0.7115384615384616,CAN,52
15028,CAN_CSV0000000000001487__21.csv,CAN_CSV0000000000001487__8.csv,13,41,0.7592592592592593,CAN,54
15029,CAN_CSV0000000000001487__21.csv,CAN_CSV0000000000001487__11.csv,15,37,0.7115384615384616,CAN,52
15030,CAN_CSV0000000000001487__21.csv,CAN_CSV0000000000001487__6.csv,15,37,0.7115384615384616,CAN,52
15031,CAN_CSV0000000000001487__21.csv,CAN_CSV0000000000001487__10.csv,15,37,0.7115384615384616,CAN,52
15032,CAN_CSV0000000000001487__21.csv,CAN_CSV0000000000027350.csv,18,43,0.7049180327868853,CAN,61
15033,CAN_CSV0000000000001487__21.csv,CAN_CSV0000000000001874.csv,18,43,0.7049180327868853,CAN,61
15034,CAN_CSV0000000000001487__21.csv,CAN_CSV0000000000027354.csv,18,44,0.7096774193548387,CAN,62
15035,CAN_CSV0000000000001487__21.csv,CAN_CSV0000000000027348.csv,16,47,0.746031746031746,CAN,63
15036,CAN_CSV0000000000001487__21.csv,CAN_CSV0000000000026622.csv,18,44,0.7096774193548387,CAN,62
15037,CAN_CSV0000000000001487__21.csv,CAN_CSV0000000000027347.csv,18,43,0.7049180327868853,CAN,61
15038,CAN_CSV0000000000001487__21.csv,CAN_CSV0000000000001389.csv,18,43,0.7049180327868853,CAN,61
15039,CAN_CSV0000000000001487__21.csv,CAN_CSV0000000000027349.csv,18,43,0.7049180327868853,CAN,61
15040,CAN_CSV0000000000001487__22.csv,CAN_CSV0000000000001487__9.csv,15,37,0.7115384615384616,CAN,52
15041,CAN_CSV0000000000001487__22.csv,CAN_CSV0000000000001487__7.csv,15,37,0.7115384615384616,CAN,52
15042,CAN_CSV0000000000001487__22.csv,CAN_CSV0000000000001487__8.csv,13,41,0.7592592592592593,CAN,54
15043,CAN_CSV0000000000001487__22.csv,CAN_CSV0000000000001487__11.csv,15,37,0.7115384615384616,CAN,52
15044,CAN_CSV0000000000001487__22.csv,CAN_CSV0000000000001487__6.csv,15,37,0.7115384615384616,CAN,52
15045,CAN_CSV0000000000001487__22.csv,CAN_CSV0000000000001487__10.csv,15,37,0.7115384615384616,CAN,52
15046,CAN_CSV0000000000001487__22.csv,CAN_CSV0000000000027350.csv,18,43,0.7049180327868853,CAN,61
15047,CAN_CSV0000000000001487__22.csv,CAN_CSV0000000000001874.csv,18,43,0.7049180327868853,CAN,61
15048,CAN_CSV0000000000001487__22.csv,CAN_CSV0000000000027354.csv,18,44,0.7096774193548387,CAN,62
15049,CAN_CSV0000000000001487__22.csv,CAN_CSV0000000000027348.csv,16,47,0.746031746031746,CAN,63
15050,CAN_CSV0000000000001487__22.csv,CAN_CSV0000000000027353.csv,18,44,0.7096774193548387,CAN,62
15051,CAN_CSV0000000000001487__22.csv,CAN_CSV0000000000026622.csv,18,44,0.7096774193548387,CAN,62
15052,CAN_CSV0000000000001487__22.csv,CAN_CSV0000000000027347.csv,18,43,0.7049180327868853,CAN,61
15053,CAN_CSV0000000000001487__22.csv,CAN_CSV0000000000027349.csv,18,43,0.7049180327868853,CAN,61
15054,CAN_CSV0000000000001487__23.csv,CAN_CSV0000000000001487__7.csv,15,37,0.7115384615384616,CAN,52
15055,CAN_CSV0000000000001487__23.csv,CAN_CSV0000000000001487__11.csv,15,37,0.7115384615384616,CAN,52
15056,CAN_CSV0000000000001487__23.csv,CAN_CSV0000000000001487__6.csv,15,37,0.7115384615384616,CAN,52
15060,CAN_CSV0000000000001487__23.csv,CAN_CSV0000000000027349__0.csv,9,32,0.7804878048780488,CAN,41
15061,CAN_CSV0000000000001487__24.csv,CAN_CSV0000000000001487__7.csv,16,41,0.7192982456140351,CAN,57
15062,CAN_CSV0000000000001487__24.csv,CAN_CSV0000000000001487__11.csv,15,43,0.7413793103448276,CAN,58
15063,CAN_CSV0000000000001487__24.csv,CAN_CSV0000000000001487__6.csv,16,41,0.7192982456140351,CAN,57
15064,CAN_CSV0000000000001487__24.csv,CAN_CSV0000000000001874.csv,24,37,0.6065573770491803,CAN,61
15065,CAN_CSV0000000000001487__24.csv,CAN_CSV0000000000027348.csv,23,39,0.6290322580645161,CAN,62
15066,CAN_CSV0000000000001487__24.csv,CAN_CSV0000000000001389.csv,24,37,0.6065573770491803,CAN,61
15067,CAN_CSV0000000000001487__24.csv,CAN_CSV0000000000003066.csv,24,37,0.6065573770491803,CAN,61
15068,CAN_CSV0000000000001487__25.csv,CAN_CSV0000000000027355.csv,23,39,0.6290322580645161,CAN,62
15069,CAN_CSV0000000000001487__25.csv,CAN_CSV0000000000001874.csv,24,37,0.6065573770491803,CAN,61
15070,CAN_CSV0000000000001487__25.csv,CAN_CSV0000000000027348.csv,23,39,0.6290322580645161,CAN,62
15071,CAN_CSV0000000000001487__25.csv,CAN_CSV0000000000027353.csv,24,38,0.6129032258064516,CAN,62
15072,CAN_CSV0000000000001487__25.csv,CAN_CSV0000000000003066.csv,24,37,0.6065573770491803,CAN,61
15073,CAN_CSV0000000000001487__25.csv,CAN_CSV0000000000027349.csv,24,37,0.6065573770491803,CAN,61
15074,CAN_CSV0000000000001487__26.csv,CAN_CSV0000000000001487__7.csv,16,41,0.7192982456140351,CAN,57
15075,CAN_CSV0000000000001487__26.csv,CAN_CSV0000000000027355.csv,22,41,0.6507936507936508,CAN,63
15076,CAN_CSV0000000000001487__26.csv,CAN_CSV0000000000027349__2.csv,12,32,0.7272727272727273,CAN,44
15077,CAN_CSV0000000000001487__26.csv,CAN_CSV0000000000027349__3.csv,12,32,0.7272727272727273,CAN,44
15078,CAN_CSV0000000000001487__26.csv,CAN_CSV0000000000003066.csv,23,39,0.6290322580645161,CAN,62
15079,CAN_CSV0000000000001487__27.csv,CAN_CSV0000000000001487__9.csv,16,41,0.7192982456140351,CAN,57
15080,CAN_CSV0000000000001487__27.csv,CAN_CSV0000000000001487__7.csv,16,41,0.7192982456140351,CAN,57
15082,CAN_CSV0000000000001487__27.csv,CAN_CSV0000000000001487__8.csv,16,41,0.7192982456140351,CAN,57
15083,CAN_CSV0000000000001487__27.csv,CAN_CSV0000000000001487__11.csv,15,43,0.7413793103448276,CAN,58
15084,CAN_CSV0000000000001487__27.csv,CAN_CSV0000000000001487__6.csv,16,41,0.7192982456140351,CAN,57
15085,CAN_CSV0000000000001487__27.csv,CAN_CSV0000000000001487__10.csv,16,41,0.7192982456140351,CAN,57
15087,CAN_CSV0000000000001487__27.csv,CAN_CSV0000000000027354.csv,24,38,0.6129032258064516,CAN,62
15088,CAN_CSV0000000000001487__27.csv,CAN_CSV0000000000026622.csv,24,38,0.6129032258064516,CAN,62
15089,CAN_CSV0000000000001487__27.csv,CAN_CSV0000000000001389.csv,24,37,0.6065573770491803,CAN,61
15090,CAN_CSV0000000000001487__27.csv,CAN_CSV0000000000003066.csv,24,37,0.6065573770491803,CAN,61
15091,CAN_CSV0000000000001487__27.csv,CAN_CSV0000000000027349.csv,24,37,0.6065573770491803,CAN,61
15092,CAN_CSV0000000000001487__28.csv,CAN_CSV0000000000001487__7.csv,16,41,0.7192982456140351,CAN,57
15093,CAN_CSV0000000000001487__28.csv,CAN_CSV0000000000001487__6.csv,16,41,0.7192982456140351,CAN,57
15096,CAN_CSV0000000000001487__28.csv,CAN_CSV0000000000001874.csv,23,39,0.6290322580645161,CAN,62
15097,CAN_CSV0000000000001487__28.csv,CAN_CSV0000000000027348.csv,22,41,0.6507936507936508,CAN,63
15098,CAN_CSV0000000000001487__28.csv,CAN_CSV0000000000027353.csv,23,40,0.6349206349206349,CAN,63
15099,CAN_CSV0000000000001487__28.csv,CAN_CSV0000000000003066.csv,23,39,0.6290322580645161,CAN,62
15100,CAN_CSV0000000000001487__29.csv,CAN_CSV0000000000001874.csv,24,37,0.6065573770491803,CAN,61
15101,CAN_CSV0000000000001487__29.csv,CAN_CSV0000000000027353.csv,24,38,0.6129032258064516,CAN,62
15102,CAN_CSV0000000000001487__29.csv,CAN_CSV0000000000001389.csv,24,37,0.6065573770491803,CAN,61
15103,CAN_CSV0000000000001487__29.csv,CAN_CSV0000000000003066.csv,24,37,0.6065573770491803,CAN,61
15113,CAN_CSV0000000000001487__30.csv,CAN_CSV0000000000001487__7.csv,10,35,0.7777777777777778,CAN,45
15115,CAN_CSV0000000000001487__30.csv,CAN_CSV0000000000001487__6.csv,10,35,0.7777777777777778,CAN,45
15119,CAN_CSV0000000000001487__30.csv,CAN_CSV0000000000001487__10.csv,10,35,0.7777777777777778,CAN,45
15121,CAN_CSV0000000000001487__31.csv,CAN_CSV0000000000001487__7.csv,10,35,0.7777777777777778,CAN,45
15122,CAN_CSV0000000000001487__31.csv,CAN_CSV0000000000001487__8.csv,10,35,0.7777777777777778,CAN,45
15125,CAN_CSV0000000000001487__31.csv,CAN_CSV0000000000001487__10.csv,10,35,0.7777777777777778,CAN,45
15130,CAN_CSV0000000000001487__32.csv,CAN_CSV0000000000001487__8.csv,10,35,0.7777777777777778,CAN,45
15131,CAN_CSV0000000000001487__32.csv,CAN_CSV0000000000001487__11.csv,10,35,0.7777777777777778,CAN,45
15139,CAN_CSV0000000000001487__33.csv,CAN_CSV0000000000001487__11.csv,10,35,0.7777777777777778,CAN,45
15140,CAN_CSV0000000000001487__33.csv,CAN_CSV0000000000001487__6.csv,10,35,0.7777777777777778,CAN,45
15145,CAN_CSV0000000000001487__33.csv,CAN_CSV0000000000001487__10.csv,10,35,0.7777777777777778,CAN,45
15148,CAN_CSV0000000000001487__34.csv,CAN_CSV0000000000001487__8.csv,10,35,0.7777777777777778,CAN,45
15153,CAN_CSV0000000000001487__35.csv,CAN_CSV0000000000001487__6.csv,10,35,0.7777777777777778,CAN,45
15168,CAN_CSV0000000000001487__6.csv,CAN_CSV0000000000001487__24.csv,16,41,0.7192982456140351,CAN,57
15169,CAN_CSV0000000000001487__6.csv,CAN_CSV0000000000001487__26.csv,16,41,0.7192982456140351,CAN,57
15170,CAN_CSV0000000000001487__6.csv,CAN_CSV0000000000001487__27.csv,16,41,0.7192982456140351,CAN,57
15173,CAN_CSV0000000000001487__6.csv,CAN_CSV0000000000001487__29.csv,16,41,0.7192982456140351,CAN,57
15177,CAN_CSV0000000000001487__6.csv,CAN_CSV0000000000027355.csv,27,38,0.5846153846153846,CAN,65
15178,CAN_CSV0000000000001487__6.csv,CAN_CSV0000000000027348.csv,27,38,0.5846153846153846,CAN,65
15179,CAN_CSV0000000000001487__6.csv,CAN_CSV0000000000027353.csv,27,39,0.5909090909090909,CAN,66
15180,CAN_CSV0000000000001487__6.csv,CAN_CSV0000000000027349.csv,27,38,0.5846153846153846,CAN,65
15182,CAN_CSV0000000000001487__7.csv,CAN_CSV0000000000001487__24.csv,16,41,0.7192982456140351,CAN,57
15183,CAN_CSV0000000000001487__7.csv,CAN_CSV0000000000001487__27.csv,16,41,0.7192982456140351,CAN,57
15185,CAN_CSV0000000000001487__7.csv,CAN_CSV0000000000001487__29.csv,16,41,0.7192982456140351,CAN,57
15188,CAN_CSV0000000000001487__7.csv,CAN_CSV0000000000027355.csv,27,38,0.5846153846153846,CAN,65
15189,CAN_CSV0000000000001487__7.csv,CAN_CSV0000000000027348.csv,27,38,0.5846153846153846,CAN,65
15190,CAN_CSV0000000000001487__7.csv,CAN_CSV0000000000001389.csv,27,38,0.5846153846153846,CAN,65
15191,CAN_CSV0000000000001487__7.csv,CAN_CSV0000000000003066.csv,27,38,0.5846153846153846,CAN,65
15192,CAN_CSV0000000000001487__8.csv,CAN_CSV0000000000001487__27.csv,16,41,0.7192982456140351,CAN,57
15196,CAN_CSV0000000000001487__8.csv,CAN_CSV0000000000027355.csv,27,38,0.5846153846153846,CAN,65
15197,CAN_CSV0000000000001487__8.csv,CAN_CSV0000000000027348.csv,27,38,0.5846153846153846,CAN,65
15198,CAN_CSV0000000000001487__8.csv,CAN_CSV0000000000001389.csv,27,38,0.5846153846153846,CAN,65
15199,CAN_CSV0000000000001487__8.csv,CAN_CSV0000000000003066.csv,27,38,0.5846153846153846,CAN,65
15200,CAN_CSV0000000000001487__9.csv,CAN_CSV0000000000001487__24.csv,16,41,0.7192982456140351,CAN,57
15204,CAN_CSV0000000000001487__9.csv,CAN_CSV0000000000001487__29.csv,16,41,0.7192982456140351,CAN,57
15205,CAN_CSV0000000000001487__9.csv,CAN_CSV0000000000001487__32.csv,10,35,0.7777777777777778,CAN,45
15206,CAN_CSV0000000000001487__9.csv,CAN_CSV0000000000001487__30.csv,10,35,0.7777777777777778,CAN,45
15207,CAN_CSV0000000000001487__9.csv,CAN_CSV0000000000027353__1.csv,12,38,0.76,CAN,50
15208,CAN_CSV0000000000001487__9.csv,CAN_CSV0000000000027349__2.csv,11,41,0.7884615384615384,CAN,52
15209,CAN_CSV0000000000001487__9.csv,CAN_CSV0000000000027349__3.csv,11,41,0.7884615384615384,CAN,52
15210,CAN_CSV0000000000001487__9.csv,CAN_CSV0000000000027353__3.csv,12,38,0.76,CAN,50
15668,CAN_CSV0000000000001724__11.csv,CAN_CSV0000000000001797__7.csv,18,67,0.788235294117647,CAN,85
15710,CAN_CSV0000000000001724__14.csv,CAN_CSV0000000000001724__37.csv,18,61,0.7721518987341772,CAN,79
15711,CAN_CSV0000000000001724__14.csv,CAN_CSV0000000000001797__45.csv,18,65,0.7831325301204819,CAN,83
15712,CAN_CSV0000000000001724__15.csv,CAN_CSV0000000000001797__44.csv,18,65,0.7831325301204819,CAN,83
15713,CAN_CSV0000000000001724__15.csv,CAN_CSV0000000000001797__45.csv,18,65,0.7831325301204819,CAN,83
15714,CAN_CSV0000000000001724__16.csv,CAN_CSV0000000000001797__44.csv,18,65,0.7831325301204819,CAN,83
15715,CAN_CSV0000000000001724__16.csv,CAN_CSV0000000000001797__48.csv,18,65,0.7831325301204819,CAN,83
15716,CAN_CSV0000000000001724__16.csv,CAN_CSV0000000000001797__47.csv,18,65,0.7831325301204819,CAN,83
15717,CAN_CSV0000000000001724__17.csv,CAN_CSV0000000000001724__35.csv,18,61,0.7721518987341772,CAN,79
15718,CAN_CSV0000000000001724__17.csv,CAN_CSV0000000000001797__44.csv,18,65,0.7831325301204819,CAN,83
15719,CAN_CSV0000000000001724__17.csv,CAN_CSV0000000000001797__47.csv,18,65,0.7831325301204819,CAN,83
15720,CAN_CSV0000000000001724__18.csv,CAN_CSV0000000000001724__39.csv,18,61,0.7721518987341772,CAN,79
15721,CAN_CSV0000000000001724__18.csv,CAN_CSV0000000000001724__36.csv,18,61,0.7721518987341772,CAN,79
15722,CAN_CSV0000000000001724__18.csv,CAN_CSV0000000000001724__40.csv,18,61,0.7721518987341772,CAN,79
15723,CAN_CSV0000000000001724__18.csv,CAN_CSV0000000000001797__47.csv,18,65,0.7831325301204819,CAN,83
15724,CAN_CSV0000000000001724__18.csv,CAN_CSV0000000000001797__45.csv,18,65,0.7831325301204819,CAN,83
15725,CAN_CSV0000000000001724__19.csv,CAN_CSV0000000000001724__36.csv,18,61,0.7721518987341772,CAN,79
15726,CAN_CSV0000000000001724__19.csv,CAN_CSV0000000000001724__35.csv,18,61,0.7721518987341772,CAN,79
15727,CAN_CSV0000000000001724__19.csv,CAN_CSV0000000000001797__46.csv,18,65,0.7831325301204819,CAN,83
15728,CAN_CSV0000000000001724__19.csv,CAN_CSV0000000000001797__47.csv,18,65,0.7831325301204819,CAN,83
15731,CAN_CSV0000000000001724__20.csv,CAN_CSV0000000000001724__41.csv,18,61,0.7721518987341772,CAN,79
15732,CAN_CSV0000000000001724__20.csv,CAN_CSV0000000000001724__40.csv,18,61,0.7721518987341772,CAN,79
15733,CAN_CSV0000000000001724__20.csv,CAN_CSV0000000000001724__37.csv,18,61,0.7721518987341772,CAN,79
15734,CAN_CSV0000000000001724__20.csv,CAN_CSV0000000000001797__46.csv,18,65,0.7831325301204819,CAN,83
15735,CAN_CSV0000000000001724__20.csv,CAN_CSV0000000000001797__48.csv,18,65,0.7831325301204819,CAN,83
15736,CAN_CSV0000000000001724__20.csv,CAN_CSV0000000000001797__47.csv,18,65,0.7831325301204819,CAN,83
15737,CAN_CSV0000000000001724__20.csv,CAN_CSV0000000000001797__45.csv,18,65,0.7831325301204819,CAN,83
15871,CAN_CSV0000000000001724__35.csv,CAN_CSV0000000000001724__20.csv,18,61,0.7721518987341772,CAN,79
15872,CAN_CSV0000000000001724__35.csv,CAN_CSV0000000000001724__16.csv,18,61,0.7721518987341772,CAN,79
15873,CAN_CSV0000000000001724__36.csv,CAN_CSV0000000000001724__14.csv,18,61,0.7721518987341772,CAN,79
15874,CAN_CSV0000000000001724__36.csv,CAN_CSV0000000000001724__15.csv,18,61,0.7721518987341772,CAN,79
15875,CAN_CSV0000000000001724__36.csv,CAN_CSV0000000000001724__17.csv,18,61,0.7721518987341772,CAN,79
15876,CAN_CSV0000000000001724__36.csv,CAN_CSV0000000000001724__16.csv,18,61,0.7721518987341772,CAN,79
15877,CAN_CSV0000000000001724__37.csv,CAN_CSV0000000000001724__20.csv,18,61,0.7721518987341772,CAN,79
15878,CAN_CSV0000000000001724__37.csv,CAN_CSV0000000000001724__16.csv,18,61,0.7721518987341772,CAN,79
15879,CAN_CSV0000000000001724__37.csv,CAN_CSV0000000000001724__19.csv,18,61,0.7721518987341772,CAN,79
15880,CAN_CSV0000000000001724__37.csv,CAN_CSV0000000000001724__14.csv,18,61,0.7721518987341772,CAN,79
15881,CAN_CSV0000000000001724__38.csv,CAN_CSV0000000000001724__20.csv,18,61,0.7721518987341772,CAN,79
15882,CAN_CSV0000000000001724__38.csv,CAN_CSV0000000000001724__15.csv,18,61,0.7721518987341772,CAN,79
15883,CAN_CSV0000000000001724__39.csv,CAN_CSV0000000000001724__17.csv,18,61,0.7721518987341772,CAN,79
15884,CAN_CSV0000000000001724__39.csv,CAN_CSV0000000000001724__18.csv,18,61,0.7721518987341772,CAN,79
15885,CAN_CSV0000000000001724__39.csv,CAN_CSV0000000000001724__14.csv,18,61,0.7721518987341772,CAN,79
15886,CAN_CSV0000000000001724__39.csv,CAN_CSV0000000000001724__19.csv,18,61,0.7721518987341772,CAN,79
15887,CAN_CSV0000000000001724__39.csv,CAN_CSV0000000000001724__15.csv,18,61,0.7721518987341772,CAN,79
15888,CAN_CSV0000000000001724__40.csv,CAN_CSV0000000000001724__20.csv,18,61,0.7721518987341772,CAN,79
15889,CAN_CSV0000000000001724__40.csv,CAN_CSV0000000000001724__17.csv,18,61,0.7721518987341772,CAN,79
15890,CAN_CSV0000000000001724__40.csv,CAN_CSV0000000000001724__18.csv,18,61,0.7721518987341772,CAN,79
15891,CAN_CSV0000000000001724__41.csv,CAN_CSV0000000000001724__20.csv,18,61,0.7721518987341772,CAN,79
15892,CAN_CSV0000000000001724__41.csv,CAN_CSV0000000000001724__17.csv,18,61,0.7721518987341772,CAN,79
16069,CAN_CSV0000000000001735__0.csv,CAN_CSV0000000000002115__19.csv,13,39,0.75,CAN,52
16070,CAN_CSV0000000000001735__0.csv,CAN_CSV0000000000002115__20.csv,13,39,0.75,CAN,52
16071,CAN_CSV0000000000001735__0.csv,CAN_CSV0000000000002115__18.csv,13,39,0.75,CAN,52
16072,CAN_CSV0000000000001735__0.csv,CAN_CSV0000000000002115__23.csv,13,39,0.75,CAN,52
16081,CAN_CSV0000000000001735__1.csv,CAN_CSV0000000000002115__19.csv,13,39,0.75,CAN,52
16082,CAN_CSV0000000000001735__1.csv,CAN_CSV0000000000002115__20.csv,13,39,0.75,CAN,52
16083,CAN_CSV0000000000001735__1.csv,CAN_CSV0000000000002115__23.csv,13,39,0.75,CAN,52
16112,CAN_CSV0000000000001735__12.csv,CAN_CSV0000000000001971__6.csv,20,35,0.6363636363636364,CAN,55
16113,CAN_CSV0000000000001735__12.csv,CAN_CSV0000000000001971__7.csv,20,35,0.6363636363636364,CAN,55
16125,CAN_CSV0000000000001735__13.csv,CAN_CSV0000000000001971__6.csv,20,35,0.6363636363636364,CAN,55
16126,CAN_CSV0000000000001735__13.csv,CAN_CSV0000000000001971__9.csv,20,35,0.6363636363636364,CAN,55
16128,CAN_CSV0000000000001735__13.csv,CAN_CSV0000000000001971__7.csv,20,35,0.6363636363636364,CAN,55
16129,CAN_CSV0000000000001735__13.csv,CAN_CSV0000000000001971__11.csv,20,35,0.6363636363636364,CAN,55
16144,CAN_CSV0000000000001735__14.csv,CAN_CSV0000000000001971__6.csv,20,35,0.6363636363636364,CAN,55
16145,CAN_CSV0000000000001735__14.csv,CAN_CSV0000000000002115__22.csv,16,45,0.7377049180327869,CAN,61
16146,CAN_CSV0000000000001735__14.csv,CAN_CSV0000000000001971__11.csv,20,35,0.6363636363636364,CAN,55
16159,CAN_CSV0000000000001735__15.csv,CAN_CSV0000000000001971__8.csv,20,35,0.6363636363636364,CAN,55
16160,CAN_CSV0000000000001735__15.csv,CAN_CSV0000000000002115__19.csv,16,45,0.7377049180327869,CAN,61
16161,CAN_CSV0000000000001735__15.csv,CAN_CSV0000000000001971__7.csv,20,35,0.6363636363636364,CAN,55
16173,CAN_CSV0000000000001735__16.csv,CAN_CSV0000000000001971__10.csv,20,35,0.6363636363636364,CAN,55
16174,CAN_CSV0000000000001735__16.csv,CAN_CSV0000000000001971__6.csv,20,35,0.6363636363636364,CAN,55
16175,CAN_CSV0000000000001735__16.csv,CAN_CSV0000000000001971__9.csv,20,35,0.6363636363636364,CAN,55
16176,CAN_CSV0000000000001735__16.csv,CAN_CSV0000000000002115__22.csv,16,45,0.7377049180327869,CAN,61
16186,CAN_CSV0000000000001735__17.csv,CAN_CSV0000000000001971__7.csv,20,35,0.6363636363636364,CAN,55
16188,CAN_CSV0000000000001735__17.csv,CAN_CSV0000000000001971__8.csv,20,35,0.6363636363636364,CAN,55
16210,CAN_CSV0000000000001735__2.csv,CAN_CSV0000000000002115__22.csv,13,39,0.75,CAN,52
16211,CAN_CSV0000000000001735__2.csv,CAN_CSV0000000000002115__21.csv,13,39,0.75,CAN,52
16212,CAN_CSV0000000000001735__2.csv,CAN_CSV0000000000002115__19.csv,13,39,0.75,CAN,52
16213,CAN_CSV0000000000001735__2.csv,CAN_CSV0000000000002115__20.csv,13,39,0.75,CAN,52
16214,CAN_CSV0000000000001735__2.csv,CAN_CSV0000000000002115__18.csv,13,39,0.75,CAN,52
16240,CAN_CSV0000000000001735__24.csv,CAN_CSV0000000000002115__21.csv,11,38,0.7755102040816326,CAN,49
16241,CAN_CSV0000000000001735__24.csv,CAN_CSV0000000000002115__18.csv,11,38,0.7755102040816326,CAN,49
16242,CAN_CSV0000000000001735__24.csv,CAN_CSV0000000000002115__23.csv,11,38,0.7755102040816326,CAN,49
16247,CAN_CSV0000000000001735__25.csv,CAN_CSV0000000000002115__20.csv,11,38,0.7755102040816326,CAN,49
16252,CAN_CSV0000000000001735__26.csv,CAN_CSV0000000000002115__22.csv,11,38,0.7755102040816326,CAN,49
16258,CAN_CSV0000000000001735__27.csv,CAN_CSV0000000000002115__22.csv,11,38,0.7755102040816326,CAN,49
16266,CAN_CSV0000000000001735__28.csv,CAN_CSV0000000000002115__21.csv,11,38,0.7755102040816326,CAN,49
16267,CAN_CSV0000000000001735__28.csv,CAN_CSV0000000000002115__20.csv,11,38,0.7755102040816326,CAN,49
16268,CAN_CSV0000000000001735__28.csv,CAN_CSV0000000000002115__18.csv,11,38,0.7755102040816326,CAN,49
16269,CAN_CSV0000000000001735__28.csv,CAN_CSV0000000000002115__23.csv,11,38,0.7755102040816326,CAN,49
16276,CAN_CSV0000000000001735__29.csv,CAN_CSV0000000000002115__18.csv,11,38,0.7755102040816326,CAN,49
16277,CAN_CSV0000000000001735__29.csv,CAN_CSV0000000000002115__23.csv,11,38,0.7755102040816326,CAN,49
16283,CAN_CSV0000000000001735__3.csv,CAN_CSV0000000000002115__19.csv,13,39,0.75,CAN,52
16284,CAN_CSV0000000000001735__3.csv,CAN_CSV0000000000002115__20.csv,13,39,0.75,CAN,52
16285,CAN_CSV0000000000001735__3.csv,CAN_CSV0000000000002115__18.csv,13,39,0.75,CAN,52
16286,CAN_CSV0000000000001735__3.csv,CAN_CSV0000000000002115__23.csv,13,39,0.75,CAN,52
16292,CAN_CSV0000000000001735__31.csv,CAN_CSV0000000000002115__32.csv,9,35,0.7954545454545454,CAN,44
16295,CAN_CSV0000000000001735__31.csv,CAN_CSV0000000000002115__35.csv,9,35,0.7954545454545454,CAN,44
16297,CAN_CSV0000000000001735__31.csv,CAN_CSV0000000000002115__23.csv,10,34,0.7727272727272727,CAN,44
16300,CAN_CSV0000000000001735__32.csv,CAN_CSV0000000000002115__20.csv,10,34,0.7727272727272727,CAN,44
16301,CAN_CSV0000000000001735__32.csv,CAN_CSV0000000000002115__18.csv,10,34,0.7727272727272727,CAN,44
16315,CAN_CSV0000000000001735__35.csv,CAN_CSV0000000000002115__31.csv,9,35,0.7954545454545454,CAN,44
16316,CAN_CSV0000000000001735__35.csv,CAN_CSV0000000000002115__32.csv,9,35,0.7954545454545454,CAN,44
16317,CAN_CSV0000000000001735__35.csv,CAN_CSV0000000000002115__19.csv,10,34,0.7727272727272727,CAN,44
16319,CAN_CSV0000000000001735__35.csv,CAN_CSV0000000000002115__18.csv,10,34,0.7727272727272727,CAN,44
16320,CAN_CSV0000000000001735__35.csv,CAN_CSV0000000000002115__23.csv,10,34,0.7727272727272727,CAN,44
16326,CAN_CSV0000000000001735__4.csv,CAN_CSV0000000000002115__20.csv,13,39,0.75,CAN,52
16327,CAN_CSV0000000000001735__4.csv,CAN_CSV0000000000002115__18.csv,13,39,0.75,CAN,52
16332,CAN_CSV0000000000001735__5.csv,CAN_CSV0000000000002115__22.csv,13,39,0.75,CAN,52
16333,CAN_CSV0000000000001735__5.csv,CAN_CSV0000000000002115__21.csv,13,39,0.75,CAN,52
16334,CAN_CSV0000000000001735__5.csv,CAN_CSV0000000000002115__19.csv,13,39,0.75,CAN,52
16335,CAN_CSV0000000000001735__5.csv,CAN_CSV0000000000002115__18.csv,13,39,0.75,CAN,52
16402,CAN_CSV0000000000001759__13.csv,CAN_CSV0000000000001759.csv,13,18,0.5806451612903226,CAN,31
16408,CAN_CSV0000000000001759__13.csv,CAN_CSV0000000000001780.csv,13,42,0.7636363636363637,CAN,55
16455,CAN_CSV0000000000001780__0.csv,CAN_CSV0000000000001759.csv,16,23,0.5897435897435898,CAN,39
16459,CAN_CSV0000000000001780__0.csv,CAN_CSV0000000000010640.csv,24,79,0.7669902912621359,CAN,103
16462,CAN_CSV0000000000001780__0.csv,CAN_CSV0000000000010129.csv,24,79,0.7669902912621359,CAN,103
16506,CAN_CSV0000000000001780__13.csv,CAN_CSV0000000000001780.csv,14,41,0.7454545454545455,CAN,55
16537,CAN_CSV0000000000001780__15.csv,CAN_CSV0000000000001780__3.csv,7,25,0.78125,CAN,32
16538,CAN_CSV0000000000001780__15.csv,CAN_CSV0000000000001780__2.csv,7,25,0.78125,CAN,32
16540,CAN_CSV0000000000001780__15.csv,CAN_CSV0000000000001780__4.csv,7,25,0.78125,CAN,32
16542,CAN_CSV0000000000001780__15.csv,CAN_CSV0000000000001780__0.csv,7,25,0.78125,CAN,32
16543,CAN_CSV0000000000001780__15.csv,CAN_CSV0000000000001780__1.csv,7,25,0.78125,CAN,32
16544,CAN_CSV0000000000001780__16.csv,CAN_CSV0000000000001780__3.csv,7,25,0.78125,CAN,32
16546,CAN_CSV0000000000001780__16.csv,CAN_CSV0000000000001780__2.csv,7,25,0.78125,CAN,32
16549,CAN_CSV0000000000001780__16.csv,CAN_CSV0000000000001780__4.csv,7,25,0.78125,CAN,32
16551,CAN_CSV0000000000001780__16.csv,CAN_CSV0000000000001780__0.csv,7,25,0.78125,CAN,32
16554,CAN_CSV0000000000001780__16.csv,CAN_CSV0000000000001780__1.csv,7,25,0.78125,CAN,32
16556,CAN_CSV0000000000001780__17.csv,CAN_CSV0000000000001780__3.csv,7,25,0.78125,CAN,32
16557,CAN_CSV0000000000001780__17.csv,CAN_CSV0000000000001780__2.csv,7,25,0.78125,CAN,32
16558,CAN_CSV0000000000001780__17.csv,CAN_CSV0000000000001780__0.csv,7,25,0.78125,CAN,32
16564,CAN_CSV0000000000001780__18.csv,CAN_CSV0000000000001780__3.csv,7,25,0.78125,CAN,32
16565,CAN_CSV0000000000001780__18.csv,CAN_CSV0000000000001780__2.csv,7,25,0.78125,CAN,32
16567,CAN_CSV0000000000001780__18.csv,CAN_CSV0000000000001780__4.csv,7,25,0.78125,CAN,32
16570,CAN_CSV0000000000001780__18.csv,CAN_CSV0000000000001780__0.csv,7,25,0.78125,CAN,32
16576,CAN_CSV0000000000001780__19.csv,CAN_CSV0000000000001780__3.csv,7,25,0.78125,CAN,32
16577,CAN_CSV0000000000001780__19.csv,CAN_CSV0000000000001780__2.csv,7,25,0.78125,CAN,32
16579,CAN_CSV0000000000001780__19.csv,CAN_CSV0000000000001780__4.csv,7,25,0.78125,CAN,32
16581,CAN_CSV0000000000001780__19.csv,CAN_CSV0000000000001780__0.csv,7,25,0.78125,CAN,32
16582,CAN_CSV0000000000001780__19.csv,CAN_CSV0000000000001780__1.csv,7,25,0.78125,CAN,32
16583,CAN_CSV0000000000001780__2.csv,CAN_CSV0000000000001759.csv,16,23,0.5897435897435898,CAN,39
16587,CAN_CSV0000000000001780__2.csv,CAN_CSV0000000000010640.csv,24,79,0.7669902912621359,CAN,103
16590,CAN_CSV0000000000001780__2.csv,CAN_CSV0000000000010129.csv,24,79,0.7669902912621359,CAN,103
16632,CAN_CSV0000000000001780__3.csv,CAN_CSV0000000000001759.csv,16,23,0.5897435897435898,CAN,39
16636,CAN_CSV0000000000001780__3.csv,CAN_CSV0000000000010640.csv,24,79,0.7669902912621359,CAN,103
16639,CAN_CSV0000000000001780__3.csv,CAN_CSV0000000000010129.csv,24,79,0.7669902912621359,CAN,103
16698,CAN_CSV0000000000001787__10.csv,CAN_CSV0000000000001787__43.csv,17,64,0.7901234567901234,CAN,81
16699,CAN_CSV0000000000001787__10.csv,CAN_CSV0000000000001787__42.csv,17,64,0.7901234567901234,CAN,81
16700,CAN_CSV0000000000001787__10.csv,CAN_CSV0000000000001787__46.csv,17,64,0.7901234567901234,CAN,81
16711,CAN_CSV0000000000001787__11.csv,CAN_CSV0000000000001787__48.csv,17,64,0.7901234567901234,CAN,81
16729,CAN_CSV0000000000001787__12.csv,CAN_CSV0000000000001787__43.csv,17,64,0.7901234567901234,CAN,81
16730,CAN_CSV0000000000001787__12.csv,CAN_CSV0000000000001787__47.csv,17,64,0.7901234567901234,CAN,81
16745,CAN_CSV0000000000001787__13.csv,CAN_CSV0000000000001787__43.csv,17,64,0.7901234567901234,CAN,81
16746,CAN_CSV0000000000001787__13.csv,CAN_CSV0000000000001787__48.csv,17,64,0.7901234567901234,CAN,81
16867,CAN_CSV0000000000001787__35.csv,CAN_CSV0000000000001787__42.csv,18,52,0.7428571428571429,CAN,70
16869,CAN_CSV0000000000001787__35.csv,CAN_CSV0000000000001787__45.csv,18,52,0.7428571428571429,CAN,70
16870,CAN_CSV0000000000001787__35.csv,CAN_CSV0000000000001787__7.csv,12,40,0.7692307692307693,CAN,52
16879,CAN_CSV0000000000001787__36.csv,CAN_CSV0000000000001787__42.csv,18,52,0.7428571428571429,CAN,70
16880,CAN_CSV0000000000001787__36.csv,CAN_CSV0000000000001787__46.csv,18,52,0.7428571428571429,CAN,70
16889,CAN_CSV0000000000001787__37.csv,CAN_CSV0000000000001787__47.csv,18,52,0.7428571428571429,CAN,70
16890,CAN_CSV0000000000001787__37.csv,CAN_CSV0000000000001787__42.csv,18,52,0.7428571428571429,CAN,70
16893,CAN_CSV0000000000001787__37.csv,CAN_CSV0000000000001787__11.csv,12,40,0.7692307692307693,CAN,52
16905,CAN_CSV0000000000001787__38.csv,CAN_CSV0000000000001787__42.csv,18,52,0.7428571428571429,CAN,70
16907,CAN_CSV0000000000001787__38.csv,CAN_CSV0000000000001787__46.csv,18,52,0.7428571428571429,CAN,70
16922,CAN_CSV0000000000001787__39.csv,CAN_CSV0000000000001787__44.csv,18,52,0.7428571428571429,CAN,70
16924,CAN_CSV0000000000001787__39.csv,CAN_CSV0000000000001787__8.csv,12,40,0.7692307692307693,CAN,52
16949,CAN_CSV0000000000001787__40.csv,CAN_CSV0000000000001787__43.csv,18,52,0.7428571428571429,CAN,70
16951,CAN_CSV0000000000001787__40.csv,CAN_CSV0000000000001787__47.csv,18,52,0.7428571428571429,CAN,70
16953,CAN_CSV0000000000001787__40.csv,CAN_CSV0000000000001787__7.csv,12,40,0.7692307692307693,CAN,52
16954,CAN_CSV0000000000001787__40.csv,CAN_CSV0000000000001787__48.csv,18,52,0.7428571428571429,CAN,70
16955,CAN_CSV0000000000001787__40.csv,CAN_CSV0000000000001787__8.csv,12,40,0.7692307692307693,CAN,52
16963,CAN_CSV0000000000001787__42.csv,CAN_CSV0000000000001797__11.csv,28,67,0.7052631578947368,CAN,95
16964,CAN_CSV0000000000001787__42.csv,CAN_CSV0000000000001797__8.csv,28,67,0.7052631578947368,CAN,95
16965,CAN_CSV0000000000001787__42.csv,CAN_CSV0000000000001797__7.csv,28,67,0.7052631578947368,CAN,95
16966,CAN_CSV0000000000001787__42.csv,CAN_CSV0000000000001797__13.csv,28,67,0.7052631578947368,CAN,95
16967,CAN_CSV0000000000001787__42.csv,CAN_CSV0000000000001797__9.csv,28,67,0.7052631578947368,CAN,95
16968,CAN_CSV0000000000001787__43.csv,CAN_CSV0000000000001797__11.csv,28,67,0.7052631578947368,CAN,95
16969,CAN_CSV0000000000001787__43.csv,CAN_CSV0000000000001797__8.csv,28,67,0.7052631578947368,CAN,95
16970,CAN_CSV0000000000001787__43.csv,CAN_CSV0000000000001797__7.csv,28,67,0.7052631578947368,CAN,95
16971,CAN_CSV0000000000001787__43.csv,CAN_CSV0000000000001797__13.csv,28,67,0.7052631578947368,CAN,95
16972,CAN_CSV0000000000001787__43.csv,CAN_CSV0000000000001797__9.csv,28,67,0.7052631578947368,CAN,95
16973,CAN_CSV0000000000001787__44.csv,CAN_CSV0000000000001797__11.csv,28,67,0.7052631578947368,CAN,95
16974,CAN_CSV0000000000001787__44.csv,CAN_CSV0000000000001797__8.csv,28,67,0.7052631578947368,CAN,95
16975,CAN_CSV0000000000001787__44.csv,CAN_CSV0000000000001797__7.csv,28,67,0.7052631578947368,CAN,95
16976,CAN_CSV0000000000001787__44.csv,CAN_CSV0000000000001797__13.csv,28,67,0.7052631578947368,CAN,95
16977,CAN_CSV0000000000001787__44.csv,CAN_CSV0000000000001797__9.csv,28,67,0.7052631578947368,CAN,95
16978,CAN_CSV0000000000001787__45.csv,CAN_CSV0000000000001797__11.csv,28,67,0.7052631578947368,CAN,95
16979,CAN_CSV0000000000001787__45.csv,CAN_CSV0000000000001797__8.csv,28,67,0.7052631578947368,CAN,95
16980,CAN_CSV0000000000001787__45.csv,CAN_CSV0000000000001797__7.csv,28,67,0.7052631578947368,CAN,95
16981,CAN_CSV0000000000001787__45.csv,CAN_CSV0000000000001797__13.csv,28,67,0.7052631578947368,CAN,95
16982,CAN_CSV0000000000001787__45.csv,CAN_CSV0000000000001797__9.csv,28,67,0.7052631578947368,CAN,95
16983,CAN_CSV0000000000001787__45.csv,CAN_CSV0000000000001797__10.csv,28,67,0.7052631578947368,CAN,95
16984,CAN_CSV0000000000001787__46.csv,CAN_CSV0000000000001797__11.csv,28,67,0.7052631578947368,CAN,95
16985,CAN_CSV0000000000001787__46.csv,CAN_CSV0000000000001797__8.csv,28,67,0.7052631578947368,CAN,95
16986,CAN_CSV0000000000001787__46.csv,CAN_CSV0000000000001797__7.csv,28,67,0.7052631578947368,CAN,95
16987,CAN_CSV0000000000001787__46.csv,CAN_CSV0000000000001797__13.csv,28,67,0.7052631578947368,CAN,95
16988,CAN_CSV0000000000001787__46.csv,CAN_CSV0000000000001797__9.csv,28,67,0.7052631578947368,CAN,95
16989,CAN_CSV0000000000001787__46.csv,CAN_CSV0000000000001797__10.csv,28,67,0.7052631578947368,CAN,95
16990,CAN_CSV0000000000001787__47.csv,CAN_CSV0000000000001797__11.csv,28,67,0.7052631578947368,CAN,95
16991,CAN_CSV0000000000001787__47.csv,CAN_CSV0000000000001797__8.csv,28,67,0.7052631578947368,CAN,95
16992,CAN_CSV0000000000001787__47.csv,CAN_CSV0000000000001797__7.csv,28,67,0.7052631578947368,CAN,95
16993,CAN_CSV0000000000001787__47.csv,CAN_CSV0000000000001797__13.csv,28,67,0.7052631578947368,CAN,95
16994,CAN_CSV0000000000001787__47.csv,CAN_CSV0000000000001797__9.csv,28,67,0.7052631578947368,CAN,95
16995,CAN_CSV0000000000001787__48.csv,CAN_CSV0000000000001797__11.csv,28,67,0.7052631578947368,CAN,95
16996,CAN_CSV0000000000001787__48.csv,CAN_CSV0000000000001797__8.csv,28,67,0.7052631578947368,CAN,95
16997,CAN_CSV0000000000001787__48.csv,CAN_CSV0000000000001797__7.csv,28,67,0.7052631578947368,CAN,95
16998,CAN_CSV0000000000001787__48.csv,CAN_CSV0000000000001797__13.csv,28,67,0.7052631578947368,CAN,95
16999,CAN_CSV0000000000001787__48.csv,CAN_CSV0000000000001797__9.csv,28,67,0.7052631578947368,CAN,95
17037,CAN_CSV0000000000001787__7.csv,CAN_CSV0000000000001787__43.csv,17,64,0.7901234567901234,CAN,81
17038,CAN_CSV0000000000001787__7.csv,CAN_CSV0000000000001787__47.csv,17,64,0.7901234567901234,CAN,81
17039,CAN_CSV0000000000001787__7.csv,CAN_CSV0000000000001787__46.csv,17,64,0.7901234567901234,CAN,81
17040,CAN_CSV0000000000001787__7.csv,CAN_CSV0000000000001787__44.csv,17,64,0.7901234567901234,CAN,81
17056,CAN_CSV0000000000001787__8.csv,CAN_CSV0000000000001787__42.csv,17,64,0.7901234567901234,CAN,81
17057,CAN_CSV0000000000001787__8.csv,CAN_CSV0000000000001724__16.csv,15,56,0.7887323943661971,CAN,71
17073,CAN_CSV0000000000001787__9.csv,CAN_CSV0000000000001787__43.csv,17,64,0.7901234567901234,CAN,81
17074,CAN_CSV0000000000001787__9.csv,CAN_CSV0000000000001787__47.csv,17,64,0.7901234567901234,CAN,81
17075,CAN_CSV0000000000001787__9.csv,CAN_CSV0000000000001787__46.csv,17,64,0.7901234567901234,CAN,81
17076,CAN_CSV0000000000001787__9.csv,CAN_CSV0000000000001787__48.csv,17,64,0.7901234567901234,CAN,81
17092,CAN_CSV0000000000001797__0.csv,CAN_CSV0000000000001787__46.csv,21,56,0.7272727272727273,CAN,77
17094,CAN_CSV0000000000001797__0.csv,CAN_CSV0000000000001787__48.csv,21,56,0.7272727272727273,CAN,77
17118,CAN_CSV0000000000001797__1.csv,CAN_CSV0000000000001787__45.csv,21,56,0.7272727272727273,CAN,77
17122,CAN_CSV0000000000001797__10.csv,CAN_CSV0000000000001787__43.csv,28,67,0.7052631578947368,CAN,95
17124,CAN_CSV0000000000001797__10.csv,CAN_CSV0000000000001787__45.csv,28,67,0.7052631578947368,CAN,95
17125,CAN_CSV0000000000001797__10.csv,CAN_CSV0000000000001787__42.csv,28,67,0.7052631578947368,CAN,95
17127,CAN_CSV0000000000001797__11.csv,CAN_CSV0000000000001787__43.csv,28,67,0.7052631578947368,CAN,95
17130,CAN_CSV0000000000001797__12.csv,CAN_CSV0000000000001787__46.csv,28,67,0.7052631578947368,CAN,95
17131,CAN_CSV0000000000001797__12.csv,CAN_CSV0000000000001787__45.csv,28,67,0.7052631578947368,CAN,95
17132,CAN_CSV0000000000001797__12.csv,CAN_CSV0000000000001787__42.csv,28,67,0.7052631578947368,CAN,95
17135,CAN_CSV0000000000001797__13.csv,CAN_CSV0000000000001787__42.csv,28,67,0.7052631578947368,CAN,95
17148,CAN_CSV0000000000001797__15.csv,CAN_CSV0000000000001797__8.csv,16,63,0.7974683544303798,CAN,79
17149,CAN_CSV0000000000001797__15.csv,CAN_CSV0000000000001797__13.csv,16,63,0.7974683544303798,CAN,79
17150,CAN_CSV0000000000001797__15.csv,CAN_CSV0000000000001797__9.csv,16,63,0.7974683544303798,CAN,79
17151,CAN_CSV0000000000001797__15.csv,CAN_CSV0000000000001797__10.csv,16,63,0.7974683544303798,CAN,79
17158,CAN_CSV0000000000001797__16.csv,CAN_CSV0000000000001797__8.csv,16,63,0.7974683544303798,CAN,79
17166,CAN_CSV0000000000001797__17.csv,CAN_CSV0000000000001797__7.csv,16,63,0.7974683544303798,CAN,79
17167,CAN_CSV0000000000001797__17.csv,CAN_CSV0000000000001797__13.csv,16,63,0.7974683544303798,CAN,79
17168,CAN_CSV0000000000001797__17.csv,CAN_CSV0000000000001797__12.csv,16,63,0.7974683544303798,CAN,79
17175,CAN_CSV0000000000001797__18.csv,CAN_CSV0000000000001797__11.csv,16,63,0.7974683544303798,CAN,79
17176,CAN_CSV0000000000001797__18.csv,CAN_CSV0000000000001797__9.csv,16,63,0.7974683544303798,CAN,79
17183,CAN_CSV0000000000001797__19.csv,CAN_CSV0000000000001797__8.csv,16,63,0.7974683544303798,CAN,79
17184,CAN_CSV0000000000001797__19.csv,CAN_CSV0000000000001797__13.csv,16,63,0.7974683544303798,CAN,79
17185,CAN_CSV0000000000001797__19.csv,CAN_CSV0000000000001797__9.csv,16,63,0.7974683544303798,CAN,79
17186,CAN_CSV0000000000001797__19.csv,CAN_CSV0000000000001797__10.csv,16,63,0.7974683544303798,CAN,79
17205,CAN_CSV0000000000001797__20.csv,CAN_CSV0000000000001797__7.csv,16,63,0.7974683544303798,CAN,79
17206,CAN_CSV0000000000001797__20.csv,CAN_CSV0000000000001797__13.csv,16,63,0.7974683544303798,CAN,79
17207,CAN_CSV0000000000001797__20.csv,CAN_CSV0000000000001797__9.csv,16,63,0.7974683544303798,CAN,79
17208,CAN_CSV0000000000001797__20.csv,CAN_CSV0000000000001797__12.csv,16,63,0.7974683544303798,CAN,79
17440,CAN_CSV0000000000001797__5.csv,CAN_CSV0000000000001787__45.csv,21,56,0.7272727272727273,CAN,77
17443,CAN_CSV0000000000001797__5.csv,CAN_CSV0000000000001787__44.csv,21,56,0.7272727272727273,CAN,77
17465,CAN_CSV0000000000001797__7.csv,CAN_CSV0000000000001787__45.csv,28,67,0.7052631578947368,CAN,95
17467,CAN_CSV0000000000001797__7.csv,CAN_CSV0000000000001787__43.csv,28,67,0.7052631578947368,CAN,95
17469,CAN_CSV0000000000001797__8.csv,CAN_CSV0000000000001787__46.csv,28,67,0.7052631578947368,CAN,95
17470,CAN_CSV0000000000001797__8.csv,CAN_CSV0000000000001787__42.csv,28,67,0.7052631578947368,CAN,95
17471,CAN_CSV0000000000001797__8.csv,CAN_CSV0000000000001787__47.csv,28,67,0.7052631578947368,CAN,95
17474,CAN_CSV0000000000001797__9.csv,CAN_CSV0000000000001787__46.csv,28,67,0.7052631578947368,CAN,95
17477,CAN_CSV0000000000001797__9.csv,CAN_CSV0000000000001787__42.csv,28,67,0.7052631578947368,CAN,95
17493,CAN_CSV0000000000001874.csv,CAN_CSV0000000000027348.csv,48,8,0.1428571428571428,CAN,56
17498,CAN_CSV0000000000001908.csv,CAN_CSV0000000000002036.csv,30,9,0.2307692307692307,CAN,39
17502,CAN_CSV0000000000001908.csv,CAN_CSV0000000000002039.csv,30,9,0.2307692307692307,CAN,39
17503,CAN_CSV0000000000001908.csv,CAN_CSV0000000000001770.csv,30,10,0.25,CAN,40
17505,CAN_CSV0000000000001908.csv,CAN_CSV0000000000002034.csv,30,9,0.2307692307692307,CAN,39
17509,CAN_CSV0000000000001908.csv,CAN_CSV0000000000002040.csv,30,9,0.2307692307692307,CAN,39
17511,CAN_CSV0000000000001908.csv,CAN_CSV0000000000002035.csv,29,11,0.275,CAN,40
17521,CAN_CSV0000000000001909__1.csv,CAN_CSV0000000000001961.csv,18,24,0.5714285714285714,CAN,42
17522,CAN_CSV0000000000001909__10.csv,CAN_CSV0000000000001816.csv,14,28,0.6666666666666666,CAN,42
17523,CAN_CSV0000000000001909__10.csv,CAN_CSV0000000000027389.csv,14,28,0.6666666666666666,CAN,42
17524,CAN_CSV0000000000001909__10.csv,CAN_CSV0000000000027371.csv,14,28,0.6666666666666666,CAN,42
17525,CAN_CSV0000000000001909__11.csv,CAN_CSV0000000000001816.csv,14,28,0.6666666666666666,CAN,42
17526,CAN_CSV0000000000001909__11.csv,CAN_CSV0000000000027389.csv,14,28,0.6666666666666666,CAN,42
17527,CAN_CSV0000000000001909__11.csv,CAN_CSV0000000000027371.csv,14,28,0.6666666666666666,CAN,42
17536,CAN_CSV0000000000001909__2.csv,CAN_CSV0000000000001961.csv,18,24,0.5714285714285714,CAN,42
17541,CAN_CSV0000000000001909__3.csv,CAN_CSV0000000000001961.csv,18,24,0.5714285714285714,CAN,42
17542,CAN_CSV0000000000001909__6.csv,CAN_CSV0000000000001816.csv,11,31,0.7380952380952381,CAN,42
17543,CAN_CSV0000000000001909__6.csv,CAN_CSV0000000000027371.csv,11,31,0.7380952380952381,CAN,42
17544,CAN_CSV0000000000001909__6.csv,CAN_CSV0000000000001961.csv,11,31,0.7380952380952381,CAN,42
17546,CAN_CSV0000000000001909__7.csv,CAN_CSV0000000000001865.csv,11,31,0.7380952380952381,CAN,42
17547,CAN_CSV0000000000001909__7.csv,CAN_CSV0000000000027119.csv,11,31,0.7380952380952381,CAN,42
17548,CAN_CSV0000000000001909__7.csv,CAN_CSV0000000000001816.csv,10,33,0.7674418604651163,CAN,43
17549,CAN_CSV0000000000001909__7.csv,CAN_CSV0000000000002143.csv,11,31,0.7380952380952381,CAN,42
17550,CAN_CSV0000000000001909__7.csv,CAN_CSV0000000000001909.csv,11,31,0.7380952380952381,CAN,42
17551,CAN_CSV0000000000001909__7.csv,CAN_CSV0000000000027373.csv,11,31,0.7380952380952381,CAN,42
17555,CAN_CSV0000000000001909__7.csv,CAN_CSV0000000000001960.csv,11,31,0.7380952380952381,CAN,42
17556,CAN_CSV0000000000001909__7.csv,CAN_CSV0000000000027389.csv,11,31,0.7380952380952381,CAN,42
17557,CAN_CSV0000000000001909__7.csv,CAN_CSV0000000000027371.csv,10,33,0.7674418604651163,CAN,43
17558,CAN_CSV0000000000001909__9.csv,CAN_CSV0000000000001816.csv,14,28,0.6666666666666666,CAN,42
17559,CAN_CSV0000000000001909__9.csv,CAN_CSV0000000000027389.csv,14,28,0.6666666666666666,CAN,42
17560,CAN_CSV0000000000001909__9.csv,CAN_CSV0000000000027371.csv,14,28,0.6666666666666666,CAN,42
17561,CAN_CSV0000000000001926__0.csv,CAN_CSV0000000000027405.csv,8,23,0.7419354838709677,CAN,31
17566,CAN_CSV0000000000001926__1.csv,CAN_CSV0000000000027405.csv,8,23,0.7419354838709677,CAN,31
17596,CAN_CSV0000000000001926__2.csv,CAN_CSV0000000000027405.csv,8,23,0.7419354838709677,CAN,31
17601,CAN_CSV0000000000001926__3.csv,CAN_CSV0000000000027405.csv,8,23,0.7419354838709677,CAN,31
17628,CAN_CSV0000000000001960__1.csv,CAN_CSV0000000000027389.csv,18,24,0.5714285714285714,CAN,42
17629,CAN_CSV0000000000001960__1.csv,CAN_CSV0000000000027371.csv,18,24,0.5714285714285714,CAN,42
17630,CAN_CSV0000000000001960__1.csv,CAN_CSV0000000000001961.csv,18,24,0.5714285714285714,CAN,42
17631,CAN_CSV0000000000001960__10.csv,CAN_CSV0000000000001816.csv,17,25,0.5952380952380952,CAN,42
17632,CAN_CSV0000000000001960__10.csv,CAN_CSV0000000000027371.csv,17,25,0.5952380952380952,CAN,42
17633,CAN_CSV0000000000001960__10.csv,CAN_CSV0000000000027389.csv,17,25,0.5952380952380952,CAN,42
17634,CAN_CSV0000000000001960__10.csv,CAN_CSV0000000000001961.csv,17,25,0.5952380952380952,CAN,42
17635,CAN_CSV0000000000001960__11.csv,CAN_CSV0000000000001816.csv,17,25,0.5952380952380952,CAN,42
17636,CAN_CSV0000000000001960__11.csv,CAN_CSV0000000000027371.csv,17,25,0.5952380952380952,CAN,42
17637,CAN_CSV0000000000001960__11.csv,CAN_CSV0000000000027389.csv,17,25,0.5952380952380952,CAN,42
17638,CAN_CSV0000000000001960__11.csv,CAN_CSV0000000000001961.csv,17,25,0.5952380952380952,CAN,42
17659,CAN_CSV0000000000001960__2.csv,CAN_CSV0000000000001816.csv,18,24,0.5714285714285714,CAN,42
17660,CAN_CSV0000000000001960__2.csv,CAN_CSV0000000000027389.csv,18,24,0.5714285714285714,CAN,42
17661,CAN_CSV0000000000001960__2.csv,CAN_CSV0000000000027371.csv,18,24,0.5714285714285714,CAN,42
17662,CAN_CSV0000000000001960__2.csv,CAN_CSV0000000000001961.csv,18,24,0.5714285714285714,CAN,42
17667,CAN_CSV0000000000001960__3.csv,CAN_CSV0000000000001816.csv,18,24,0.5714285714285714,CAN,42
17668,CAN_CSV0000000000001960__3.csv,CAN_CSV0000000000027389.csv,18,24,0.5714285714285714,CAN,42
17669,CAN_CSV0000000000001960__3.csv,CAN_CSV0000000000027371.csv,18,24,0.5714285714285714,CAN,42
17670,CAN_CSV0000000000001960__3.csv,CAN_CSV0000000000001961.csv,18,24,0.5714285714285714,CAN,42
17671,CAN_CSV0000000000001960__8.csv,CAN_CSV0000000000001816.csv,17,25,0.5952380952380952,CAN,42
17672,CAN_CSV0000000000001960__8.csv,CAN_CSV0000000000027371.csv,17,25,0.5952380952380952,CAN,42
17673,CAN_CSV0000000000001960__8.csv,CAN_CSV0000000000027389.csv,17,25,0.5952380952380952,CAN,42
17674,CAN_CSV0000000000001960__8.csv,CAN_CSV0000000000001961.csv,17,25,0.5952380952380952,CAN,42
17675,CAN_CSV0000000000001960__9.csv,CAN_CSV0000000000001816.csv,17,25,0.5952380952380952,CAN,42
17676,CAN_CSV0000000000001960__9.csv,CAN_CSV0000000000027371.csv,17,25,0.5952380952380952,CAN,42
17677,CAN_CSV0000000000001960__9.csv,CAN_CSV0000000000027389.csv,17,25,0.5952380952380952,CAN,42
17678,CAN_CSV0000000000001960__9.csv,CAN_CSV0000000000001961.csv,17,25,0.5952380952380952,CAN,42
17723,CAN_CSV0000000000001971__10.csv,CAN_CSV0000000000002115__20.csv,19,40,0.6779661016949152,CAN,59
17732,CAN_CSV0000000000001971__11.csv,CAN_CSV0000000000001971__25.csv,20,38,0.6551724137931034,CAN,58
17733,CAN_CSV0000000000001971__11.csv,CAN_CSV0000000000001971__24.csv,20,38,0.6551724137931034,CAN,58
17734,CAN_CSV0000000000001971__11.csv,CAN_CSV0000000000001971__26.csv,20,38,0.6551724137931034,CAN,58
17735,CAN_CSV0000000000001971__11.csv,CAN_CSV0000000000001971__28.csv,20,38,0.6551724137931034,CAN,58
17798,CAN_CSV0000000000001971__18.csv,CAN_CSV0000000000001971__27.csv,10,39,0.7959183673469388,CAN,49
17799,CAN_CSV0000000000001971__18.csv,CAN_CSV0000000000001971__26.csv,10,39,0.7959183673469388,CAN,49
17800,CAN_CSV0000000000001971__18.csv,CAN_CSV0000000000001971__28.csv,10,39,0.7959183673469388,CAN,49
17808,CAN_CSV0000000000001971__19.csv,CAN_CSV0000000000001971__25.csv,10,39,0.7959183673469388,CAN,49
17809,CAN_CSV0000000000001971__19.csv,CAN_CSV0000000000001971__27.csv,10,39,0.7959183673469388,CAN,49
17810,CAN_CSV0000000000001971__19.csv,CAN_CSV0000000000001971__26.csv,10,39,0.7959183673469388,CAN,49
17836,CAN_CSV0000000000001971__20.csv,CAN_CSV0000000000001971__24.csv,10,39,0.7959183673469388,CAN,49
17837,CAN_CSV0000000000001971__20.csv,CAN_CSV0000000000001971__27.csv,10,39,0.7959183673469388,CAN,49
17838,CAN_CSV0000000000001971__20.csv,CAN_CSV0000000000001971__29.csv,10,39,0.7959183673469388,CAN,49
17846,CAN_CSV0000000000001971__21.csv,CAN_CSV0000000000001971__25.csv,10,39,0.7959183673469388,CAN,49
17847,CAN_CSV0000000000001971__21.csv,CAN_CSV0000000000001971__27.csv,10,39,0.7959183673469388,CAN,49
17848,CAN_CSV0000000000001971__21.csv,CAN_CSV0000000000001971__29.csv,10,39,0.7959183673469388,CAN,49
17849,CAN_CSV0000000000001971__21.csv,CAN_CSV0000000000001971__28.csv,10,39,0.7959183673469388,CAN,49
17859,CAN_CSV0000000000001971__22.csv,CAN_CSV0000000000001971__25.csv,10,39,0.7959183673469388,CAN,49
17860,CAN_CSV0000000000001971__22.csv,CAN_CSV0000000000001971__24.csv,10,39,0.7959183673469388,CAN,49
17861,CAN_CSV0000000000001971__22.csv,CAN_CSV0000000000001971__27.csv,10,39,0.7959183673469388,CAN,49
17871,CAN_CSV0000000000001971__23.csv,CAN_CSV0000000000001971__25.csv,10,39,0.7959183673469388,CAN,49
17872,CAN_CSV0000000000001971__23.csv,CAN_CSV0000000000001971__24.csv,10,39,0.7959183673469388,CAN,49
17873,CAN_CSV0000000000001971__23.csv,CAN_CSV0000000000001971__26.csv,10,39,0.7959183673469388,CAN,49
18034,CAN_CSV0000000000001971__7.csv,CAN_CSV0000000000001971__25.csv,20,38,0.6551724137931034,CAN,58
18035,CAN_CSV0000000000001971__7.csv,CAN_CSV0000000000001971__24.csv,20,38,0.6551724137931034,CAN,58
18036,CAN_CSV0000000000001971__7.csv,CAN_CSV0000000000001971__27.csv,20,38,0.6551724137931034,CAN,58
18044,CAN_CSV0000000000001971__8.csv,CAN_CSV0000000000002115__19.csv,19,40,0.6779661016949152,CAN,59
18045,CAN_CSV0000000000001971__8.csv,CAN_CSV0000000000002115__22.csv,19,40,0.6779661016949152,CAN,59
18046,CAN_CSV0000000000001971__8.csv,CAN_CSV0000000000001971__25.csv,20,38,0.6551724137931034,CAN,58
18047,CAN_CSV0000000000001971__8.csv,CAN_CSV0000000000001971__24.csv,20,38,0.6551724137931034,CAN,58
18048,CAN_CSV0000000000001971__8.csv,CAN_CSV0000000000001971__26.csv,20,38,0.6551724137931034,CAN,58
18049,CAN_CSV0000000000001971__8.csv,CAN_CSV0000000000001971__28.csv,20,38,0.6551724137931034,CAN,58
18057,CAN_CSV0000000000001971__9.csv,CAN_CSV0000000000002115__20.csv,19,40,0.6779661016949152,CAN,59
18058,CAN_CSV0000000000002034.csv,CAN_CSV0000000000015841.csv,29,11,0.275,CAN,40
18059,CAN_CSV0000000000002034.csv,CAN_CSV0000000000001448.csv,29,11,0.275,CAN,40
18060,CAN_CSV0000000000002034.csv,CAN_CSV0000000000002131.csv,29,11,0.275,CAN,40
18061,CAN_CSV0000000000002034.csv,CAN_CSV0000000000001826.csv,29,11,0.275,CAN,40
18062,CAN_CSV0000000000002034.csv,CAN_CSV0000000000009940.csv,30,9,0.2307692307692307,CAN,39
18063,CAN_CSV0000000000002034.csv,CAN_CSV0000000000001475.csv,29,11,0.275,CAN,40
18064,CAN_CSV0000000000002034.csv,CAN_CSV0000000000001908.csv,30,9,0.2307692307692307,CAN,39
18065,CAN_CSV0000000000002034.csv,CAN_CSV0000000000001463.csv,30,9,0.2307692307692307,CAN,39
18066,CAN_CSV0000000000002034.csv,CAN_CSV0000000000027043.csv,29,11,0.275,CAN,40
18067,CAN_CSV0000000000002034.csv,CAN_CSV0000000000001985.csv,29,11,0.275,CAN,40
18068,CAN_CSV0000000000002034.csv,CAN_CSV0000000000001956.csv,29,11,0.275,CAN,40
18069,CAN_CSV0000000000002034.csv,CAN_CSV0000000000027041.csv,29,11,0.275,CAN,40
18070,CAN_CSV0000000000002034.csv,CAN_CSV0000000000027410.csv,30,9,0.2307692307692307,CAN,39
18072,CAN_CSV0000000000002034.csv,CAN_CSV0000000000001477.csv,31,9,0.225,CAN,40
18077,CAN_CSV0000000000002115__0.csv,CAN_CSV0000000000001735__0.csv,8,27,0.7714285714285715,CAN,35
18088,CAN_CSV0000000000002115__1.csv,CAN_CSV0000000000001735__3.csv,8,27,0.7714285714285715,CAN,35
18251,CAN_CSV0000000000002115__18.csv,CAN_CSV0000000000001971__9.csv,19,40,0.6779661016949152,CAN,59
18279,CAN_CSV0000000000002115__2.csv,CAN_CSV0000000000001735__3.csv,8,27,0.7714285714285715,CAN,35
18280,CAN_CSV0000000000002115__2.csv,CAN_CSV0000000000001735__1.csv,8,27,0.7714285714285715,CAN,35
18300,CAN_CSV0000000000002115__20.csv,CAN_CSV0000000000001971__6.csv,19,40,0.6779661016949152,CAN,59
18302,CAN_CSV0000000000002115__20.csv,CAN_CSV0000000000001971__11.csv,19,40,0.6779661016949152,CAN,59
18315,CAN_CSV0000000000002115__21.csv,CAN_CSV0000000000001971__11.csv,19,40,0.6779661016949152,CAN,59
18329,CAN_CSV0000000000002115__22.csv,CAN_CSV0000000000001971__6.csv,19,40,0.6779661016949152,CAN,59
18366,CAN_CSV0000000000002115__24.csv,CAN_CSV0000000000002115__20.csv,14,46,0.7666666666666667,CAN,60
18368,CAN_CSV0000000000002115__24.csv,CAN_CSV0000000000002115__23.csv,14,46,0.7666666666666667,CAN,60
18379,CAN_CSV0000000000002115__25.csv,CAN_CSV0000000000002115__35.csv,16,41,0.7192982456140351,CAN,57
18385,CAN_CSV0000000000002115__25.csv,CAN_CSV0000000000002115__23.csv,14,46,0.7666666666666667,CAN,60
18397,CAN_CSV0000000000002115__26.csv,CAN_CSV0000000000002115__35.csv,16,41,0.7192982456140351,CAN,57
18401,CAN_CSV0000000000002115__26.csv,CAN_CSV0000000000002115__20.csv,14,46,0.7666666666666667,CAN,60
18414,CAN_CSV0000000000002115__27.csv,CAN_CSV0000000000002115__33.csv,16,41,0.7192982456140351,CAN,57
18418,CAN_CSV0000000000002115__27.csv,CAN_CSV0000000000002115__20.csv,14,46,0.7666666666666667,CAN,60
18419,CAN_CSV0000000000002115__27.csv,CAN_CSV0000000000002115__18.csv,14,46,0.7666666666666667,CAN,60
18432,CAN_CSV0000000000002115__28.csv,CAN_CSV0000000000002115__33.csv,16,41,0.7192982456140351,CAN,57
18434,CAN_CSV0000000000002115__28.csv,CAN_CSV0000000000002115__21.csv,14,46,0.7666666666666667,CAN,60
18447,CAN_CSV0000000000002115__29.csv,CAN_CSV0000000000002115__30.csv,16,41,0.7192982456140351,CAN,57
18450,CAN_CSV0000000000002115__29.csv,CAN_CSV0000000000002115__21.csv,14,46,0.7666666666666667,CAN,60
18452,CAN_CSV0000000000002115__29.csv,CAN_CSV0000000000002115__18.csv,14,46,0.7666666666666667,CAN,60
18454,CAN_CSV0000000000002115__29.csv,CAN_CSV0000000000002115__23.csv,14,46,0.7666666666666667,CAN,60
18459,CAN_CSV0000000000002115__3.csv,CAN_CSV0000000000001735__3.csv,8,27,0.7714285714285715,CAN,35
18460,CAN_CSV0000000000002115__3.csv,CAN_CSV0000000000001735__0.csv,8,27,0.7714285714285715,CAN,35
18461,CAN_CSV0000000000002115__3.csv,CAN_CSV0000000000001735__1.csv,8,27,0.7714285714285715,CAN,35
18469,CAN_CSV0000000000002115__3.csv,CAN_CSV0000000000001735__2.csv,8,27,0.7714285714285715,CAN,35
18476,CAN_CSV0000000000002115__30.csv,CAN_CSV0000000000001971__11.csv,20,37,0.6491228070175439,CAN,57
18477,CAN_CSV0000000000002115__30.csv,CAN_CSV0000000000001971__9.csv,20,37,0.6491228070175439,CAN,57
18478,CAN_CSV0000000000002115__30.csv,CAN_CSV0000000000002115__18.csv,20,39,0.6610169491525424,CAN,59
18479,CAN_CSV0000000000002115__30.csv,CAN_CSV0000000000001971__6.csv,20,37,0.6491228070175439,CAN,57
18480,CAN_CSV0000000000002115__30.csv,CAN_CSV0000000000001971__24.csv,20,39,0.6610169491525424,CAN,59
18491,CAN_CSV0000000000002115__31.csv,CAN_CSV0000000000002115__18.csv,20,39,0.6610169491525424,CAN,59
18492,CAN_CSV0000000000002115__31.csv,CAN_CSV0000000000001971__10.csv,20,37,0.6491228070175439,CAN,57
18493,CAN_CSV0000000000002115__31.csv,CAN_CSV0000000000001971__7.csv,20,37,0.6491228070175439,CAN,57
18494,CAN_CSV0000000000002115__31.csv,CAN_CSV0000000000001971__9.csv,20,37,0.6491228070175439,CAN,57
18505,CAN_CSV0000000000002115__32.csv,CAN_CSV0000000000001971__9.csv,20,37,0.6491228070175439,CAN,57
18506,CAN_CSV0000000000002115__32.csv,CAN_CSV0000000000001971__10.csv,20,37,0.6491228070175439,CAN,57
18507,CAN_CSV0000000000002115__32.csv,CAN_CSV0000000000001971__27.csv,20,39,0.6610169491525424,CAN,59
18517,CAN_CSV0000000000002115__33.csv,CAN_CSV0000000000001971__10.csv,20,37,0.6491228070175439,CAN,57
18518,CAN_CSV0000000000002115__33.csv,CAN_CSV0000000000001971__7.csv,20,37,0.6491228070175439,CAN,57
18519,CAN_CSV0000000000002115__33.csv,CAN_CSV0000000000001971__25.csv,20,39,0.6610169491525424,CAN,59
18530,CAN_CSV0000000000002115__34.csv,CAN_CSV0000000000001971__28.csv,20,39,0.6610169491525424,CAN,59
18531,CAN_CSV0000000000002115__34.csv,CAN_CSV0000000000001971__6.csv,20,37,0.6491228070175439,CAN,57
18532,CAN_CSV0000000000002115__34.csv,CAN_CSV0000000000001971__9.csv,20,37,0.6491228070175439,CAN,57
18533,CAN_CSV0000000000002115__34.csv,CAN_CSV0000000000001971__24.csv,20,39,0.6610169491525424,CAN,59
18544,CAN_CSV0000000000002115__35.csv,CAN_CSV0000000000001971__28.csv,20,39,0.6610169491525424,CAN,59
18545,CAN_CSV0000000000002115__35.csv,CAN_CSV0000000000001971__27.csv,20,39,0.6610169491525424,CAN,59
18563,CAN_CSV0000000000002115__5.csv,CAN_CSV0000000000001735__3.csv,8,27,0.7714285714285715,CAN,35
18955,CAN_CSV0000000000003066.csv,CAN_CSV0000000000027348.csv,48,8,0.1428571428571428,CAN,56
23496,CAN_CSV0000000000010053.csv,CAN_CSV0000000000024784.csv,10,23,0.696969696969697,CAN,33
26508,CAN_CSV0000000000019127.csv,CAN_CSV0000000000001857.csv,17,59,0.7763157894736842,CAN,76
26509,CAN_CSV0000000000019127.csv,CAN_CSV0000000000027420.csv,17,59,0.7763157894736842,CAN,76
26510,CAN_CSV0000000000019127.csv,CAN_CSV0000000000002088.csv,17,59,0.7763157894736842,CAN,76
26511,CAN_CSV0000000000019127.csv,CAN_CSV0000000000001967.csv,17,59,0.7763157894736842,CAN,76
26512,CAN_CSV0000000000019127.csv,CAN_CSV0000000000027341.csv,17,59,0.7763157894736842,CAN,76
26513,CAN_CSV0000000000019127.csv,CAN_CSV0000000000008055.csv,18,58,0.7631578947368421,CAN,76
26514,CAN_CSV0000000000019127.csv,CAN_CSV0000000000002097.csv,39,14,0.2641509433962264,CAN,53
26515,CAN_CSV0000000000019127.csv,CAN_CSV0000000000001406.csv,41,12,0.2264150943396226,CAN,53
26516,CAN_CSV0000000000019127.csv,CAN_CSV0000000000001998.csv,39,14,0.2641509433962264,CAN,53
26517,CAN_CSV0000000000019127.csv,CAN_CSV0000000000027338.csv,17,59,0.7763157894736842,CAN,76
26518,CAN_CSV0000000000019127.csv,CAN_CSV0000000000021150.csv,40,10,0.2,CAN,50
26601,CAN_CSV0000000000021313.csv,CAN_CSV0000000000024784.csv,10,23,0.696969696969697,CAN,33
26742,CAN_CSV0000000000024789.csv,CAN_CSV0000000000002729.csv,10,21,0.6774193548387096,CAN,31
26833,CAN_CSV0000000000026480.csv,CAN_CSV0000000000001868.csv,29,4,0.1212121212121212,CAN,33
26834,CAN_CSV0000000000026480.csv,CAN_CSV0000000000001775.csv,29,4,0.1212121212121212,CAN,33
26836,CAN_CSV0000000000026622.csv,CAN_CSV0000000000027348.csv,48,9,0.1578947368421052,CAN,57
26838,CAN_CSV0000000000026622.csv,CAN_CSV0000000000027346.csv,52,33,0.388235294117647,CAN,85
26839,CAN_CSV0000000000026622.csv,CAN_CSV0000000000008201.csv,52,37,0.4157303370786517,CAN,89
27495,CAN_CSV0000000000027346__30.csv,CAN_CSV0000000000001874.csv,25,42,0.6268656716417911,CAN,67
27496,CAN_CSV0000000000027346__30.csv,CAN_CSV0000000000027353__5.csv,10,36,0.782608695652174,CAN,46
27497,CAN_CSV0000000000027346__30.csv,CAN_CSV0000000000027353.csv,25,43,0.6323529411764706,CAN,68
27498,CAN_CSV0000000000027346__30.csv,CAN_CSV0000000000001389.csv,25,42,0.6268656716417911,CAN,67
27499,CAN_CSV0000000000027346__30.csv,CAN_CSV0000000000027349.csv,25,42,0.6268656716417911,CAN,67
27507,CAN_CSV0000000000027346__31.csv,CAN_CSV0000000000027350.csv,26,40,0.6060606060606061,CAN,66
27508,CAN_CSV0000000000027346__31.csv,CAN_CSV0000000000001874.csv,26,40,0.6060606060606061,CAN,66
27509,CAN_CSV0000000000027346__31.csv,CAN_CSV0000000000027348.csv,22,48,0.6857142857142857,CAN,70
27510,CAN_CSV0000000000027346__31.csv,CAN_CSV0000000000027353.csv,26,41,0.6119402985074627,CAN,67
27511,CAN_CSV0000000000027346__31.csv,CAN_CSV0000000000001389.csv,26,40,0.6060606060606061,CAN,66
27512,CAN_CSV0000000000027346__31.csv,CAN_CSV0000000000003066.csv,26,40,0.6060606060606061,CAN,66
27513,CAN_CSV0000000000027346__31.csv,CAN_CSV0000000000027349.csv,26,40,0.6060606060606061,CAN,66
27517,CAN_CSV0000000000027346__32.csv,CAN_CSV0000000000001487__23.csv,13,41,0.7592592592592593,CAN,54
27518,CAN_CSV0000000000027346__32.csv,CAN_CSV0000000000027353__6.csv,10,36,0.782608695652174,CAN,46
27521,CAN_CSV0000000000027346__32.csv,CAN_CSV0000000000001389.csv,26,40,0.6060606060606061,CAN,66
27530,CAN_CSV0000000000027346__33.csv,CAN_CSV0000000000027350.csv,26,40,0.6060606060606061,CAN,66
27531,CAN_CSV0000000000027346__33.csv,CAN_CSV0000000000027348.csv,22,48,0.6857142857142857,CAN,70
27532,CAN_CSV0000000000027346__33.csv,CAN_CSV0000000000027353.csv,26,41,0.6119402985074627,CAN,67
27533,CAN_CSV0000000000027346__33.csv,CAN_CSV0000000000001389.csv,26,40,0.6060606060606061,CAN,66
27534,CAN_CSV0000000000027346__33.csv,CAN_CSV0000000000003066.csv,26,40,0.6060606060606061,CAN,66
27535,CAN_CSV0000000000027346__33.csv,CAN_CSV0000000000027349.csv,26,40,0.6060606060606061,CAN,66
27543,CAN_CSV0000000000027346__34.csv,CAN_CSV0000000000001874.csv,26,40,0.6060606060606061,CAN,66
27544,CAN_CSV0000000000027346__34.csv,CAN_CSV0000000000027348.csv,22,48,0.6857142857142857,CAN,70
27545,CAN_CSV0000000000027346__34.csv,CAN_CSV0000000000003066.csv,26,40,0.6060606060606061,CAN,66
27546,CAN_CSV0000000000027346__34.csv,CAN_CSV0000000000027349.csv,26,40,0.6060606060606061,CAN,66
27550,CAN_CSV0000000000027346__35.csv,CAN_CSV0000000000027349__19.csv,12,37,0.7551020408163265,CAN,49
27588,CAN_CSV0000000000027347.csv,CAN_CSV0000000000027348.csv,48,8,0.1428571428571428,CAN,56
27591,CAN_CSV0000000000027348.csv,CAN_CSV0000000000027354.csv,47,11,0.1896551724137931,CAN,58
27592,CAN_CSV0000000000027348.csv,CAN_CSV0000000000027353.csv,48,9,0.1578947368421052,CAN,57
27593,CAN_CSV0000000000027348.csv,CAN_CSV0000000000027353__4.csv,20,34,0.6296296296296297,CAN,54
27594,CAN_CSV0000000000027348.csv,CAN_CSV0000000000027355.csv,47,10,0.175438596491228,CAN,57
27595,CAN_CSV0000000000027348.csv,CAN_CSV0000000000027353__1.csv,20,34,0.6296296296296297,CAN,54
27596,CAN_CSV0000000000027348.csv,CAN_CSV0000000000027346.csv,48,40,0.4545454545454545,CAN,88
27597,CAN_CSV0000000000027348.csv,CAN_CSV0000000000027353__3.csv,20,34,0.6296296296296297,CAN,54
27598,CAN_CSV0000000000027348.csv,CAN_CSV0000000000008201.csv,48,44,0.4782608695652174,CAN,92
27599,CAN_CSV0000000000027348.csv,CAN_CSV0000000000027350.csv,48,8,0.1428571428571428,CAN,56
27600,CAN_CSV0000000000027348.csv,CAN_CSV0000000000001874.csv,48,8,0.1428571428571428,CAN,56
27601,CAN_CSV0000000000027348.csv,CAN_CSV0000000000027353__0.csv,20,34,0.6296296296296297,CAN,54
27602,CAN_CSV0000000000027348.csv,CAN_CSV0000000000001389.csv,48,8,0.1428571428571428,CAN,56
27604,CAN_CSV0000000000027349.csv,CAN_CSV0000000000027348.csv,48,8,0.1428571428571428,CAN,56
27607,CAN_CSV0000000000027349__0.csv,CAN_CSV0000000000027353__2.csv,9,27,0.75,CAN,36
27608,CAN_CSV0000000000027349__0.csv,CAN_CSV0000000000027348.csv,22,31,0.5849056603773585,CAN,53
27609,CAN_CSV0000000000027349__0.csv,CAN_CSV0000000000027349__21.csv,10,25,0.7142857142857143,CAN,35
27611,CAN_CSV0000000000027349__1.csv,CAN_CSV0000000000027353__1.csv,9,27,0.75,CAN,36
27612,CAN_CSV0000000000027349__1.csv,CAN_CSV0000000000027348.csv,22,31,0.5849056603773585,CAN,53
27613,CAN_CSV0000000000027349__1.csv,CAN_CSV0000000000027349__23.csv,10,25,0.7142857142857143,CAN,35
27620,CAN_CSV0000000000027349__10.csv,CAN_CSV0000000000027348.csv,12,43,0.7818181818181819,CAN,55
27641,CAN_CSV0000000000027349__12.csv,CAN_CSV0000000000027348.csv,12,43,0.7818181818181819,CAN,55
27660,CAN_CSV0000000000027349__14.csv,CAN_CSV0000000000027348.csv,12,43,0.7818181818181819,CAN,55
27667,CAN_CSV0000000000027349__15.csv,CAN_CSV0000000000027348.csv,18,37,0.6727272727272727,CAN,55
27668,CAN_CSV0000000000027349__15.csv,CAN_CSV0000000000027355.csv,20,33,0.6226415094339622,CAN,53
27677,CAN_CSV0000000000027349__16.csv,CAN_CSV0000000000027355.csv,19,35,0.6481481481481481,CAN,54
27678,CAN_CSV0000000000027349__16.csv,CAN_CSV0000000000027350.csv,20,33,0.6226415094339622,CAN,53
27679,CAN_CSV0000000000027349__16.csv,CAN_CSV0000000000027354.csv,20,34,0.6296296296296297,CAN,54
27680,CAN_CSV0000000000027349__16.csv,CAN_CSV0000000000027348.csv,18,37,0.6727272727272727,CAN,55
27681,CAN_CSV0000000000027349__16.csv,CAN_CSV0000000000027353.csv,20,34,0.6296296296296297,CAN,54
27682,CAN_CSV0000000000027349__16.csv,CAN_CSV0000000000027347.csv,20,33,0.6226415094339622,CAN,53
27683,CAN_CSV0000000000027349__16.csv,CAN_CSV0000000000001389.csv,20,33,0.6226415094339622,CAN,53
27684,CAN_CSV0000000000027349__16.csv,CAN_CSV0000000000003066.csv,20,33,0.6226415094339622,CAN,53
27685,CAN_CSV0000000000027349__16.csv,CAN_CSV0000000000027349.csv,20,33,0.6226415094339622,CAN,53
27688,CAN_CSV0000000000027349__17.csv,CAN_CSV0000000000027348.csv,18,37,0.6727272727272727,CAN,55
27689,CAN_CSV0000000000027349__17.csv,CAN_CSV0000000000027355.csv,20,33,0.6226415094339622,CAN,53
27693,CAN_CSV0000000000027349__18.csv,CAN_CSV0000000000027348.csv,18,37,0.6727272727272727,CAN,55
27694,CAN_CSV0000000000027349__18.csv,CAN_CSV0000000000027355.csv,20,33,0.6226415094339622,CAN,53
27699,CAN_CSV0000000000027349__19.csv,CAN_CSV0000000000027355.csv,20,33,0.6226415094339622,CAN,53
27701,CAN_CSV0000000000027349__2.csv,CAN_CSV0000000000027353__4.csv,9,27,0.75,CAN,36
27702,CAN_CSV0000000000027349__2.csv,CAN_CSV0000000000027353__0.csv,9,27,0.75,CAN,36
27703,CAN_CSV0000000000027349__2.csv,CAN_CSV0000000000027349__21.csv,10,25,0.7142857142857143,CAN,35
27704,CAN_CSV0000000000027349__2.csv,CAN_CSV0000000000027349__23.csv,10,25,0.7142857142857143,CAN,35
27705,CAN_CSV0000000000027349__20.csv,CAN_CSV0000000000027346__34.csv,12,38,0.76,CAN,50
27710,CAN_CSV0000000000027349__20.csv,CAN_CSV0000000000027346__35.csv,12,38,0.76,CAN,50
27711,CAN_CSV0000000000027349__20.csv,CAN_CSV0000000000027346__32.csv,12,38,0.76,CAN,50
27712,CAN_CSV0000000000027349__20.csv,CAN_CSV0000000000001487__7.csv,11,40,0.7843137254901961,CAN,51
27713,CAN_CSV0000000000027349__20.csv,CAN_CSV0000000000027349__15.csv,11,21,0.65625,CAN,32
27714,CAN_CSV0000000000027349__20.csv,CAN_CSV0000000000027349__2.csv,10,25,0.7142857142857143,CAN,35
27716,CAN_CSV0000000000027349__20.csv,CAN_CSV0000000000027349__17.csv,11,21,0.65625,CAN,32
27717,CAN_CSV0000000000027349__20.csv,CAN_CSV0000000000027349__0.csv,10,25,0.7142857142857143,CAN,35
27718,CAN_CSV0000000000027349__21.csv,CAN_CSV0000000000001487__7.csv,11,40,0.7843137254901961,CAN,51
27720,CAN_CSV0000000000027349__21.csv,CAN_CSV0000000000001487__8.csv,11,40,0.7843137254901961,CAN,51
27722,CAN_CSV0000000000027349__21.csv,CAN_CSV0000000000001487__6.csv,11,40,0.7843137254901961,CAN,51
27723,CAN_CSV0000000000027349__21.csv,CAN_CSV0000000000001487__10.csv,11,40,0.7843137254901961,CAN,51
27726,CAN_CSV0000000000027349__21.csv,CAN_CSV0000000000027353__13.csv,9,23,0.71875,CAN,32
27727,CAN_CSV0000000000027349__21.csv,CAN_CSV0000000000001487__24.csv,11,33,0.75,CAN,44
27728,CAN_CSV0000000000027349__21.csv,CAN_CSV0000000000027349__15.csv,11,21,0.65625,CAN,32
27730,CAN_CSV0000000000027349__21.csv,CAN_CSV0000000000027353__12.csv,9,23,0.71875,CAN,32
27736,CAN_CSV0000000000027349__22.csv,CAN_CSV0000000000027346__31.csv,12,38,0.76,CAN,50
27737,CAN_CSV0000000000027349__22.csv,CAN_CSV0000000000027348.csv,19,36,0.6545454545454545,CAN,55
27738,CAN_CSV0000000000027349__22.csv,CAN_CSV0000000000027349__4.csv,9,27,0.75,CAN,36
27742,CAN_CSV0000000000027349__23.csv,CAN_CSV0000000000001487__8.csv,11,40,0.7843137254901961,CAN,51
27743,CAN_CSV0000000000027349__23.csv,CAN_CSV0000000000027348.csv,19,36,0.6545454545454545,CAN,55
27744,CAN_CSV0000000000027349__23.csv,CAN_CSV0000000000027349__2.csv,10,25,0.7142857142857143,CAN,35
27745,CAN_CSV0000000000027349__23.csv,CAN_CSV0000000000027349__1.csv,10,25,0.7142857142857143,CAN,35
27750,CAN_CSV0000000000027349__24.csv,CAN_CSV0000000000027346__35.csv,12,38,0.76,CAN,50
27751,CAN_CSV0000000000027349__24.csv,CAN_CSV0000000000001487__10.csv,11,40,0.7843137254901961,CAN,51
27752,CAN_CSV0000000000027349__24.csv,CAN_CSV0000000000027349__4.csv,9,27,0.75,CAN,36
27753,CAN_CSV0000000000027349__24.csv,CAN_CSV0000000000027349__2.csv,10,25,0.7142857142857143,CAN,35
27754,CAN_CSV0000000000027349__24.csv,CAN_CSV0000000000027349__3.csv,10,25,0.7142857142857143,CAN,35
27755,CAN_CSV0000000000027349__24.csv,CAN_CSV0000000000027349__1.csv,10,25,0.7142857142857143,CAN,35
27758,CAN_CSV0000000000027349__3.csv,CAN_CSV0000000000027353__3.csv,9,27,0.75,CAN,36
27759,CAN_CSV0000000000027349__3.csv,CAN_CSV0000000000027353__2.csv,9,27,0.75,CAN,36
27760,CAN_CSV0000000000027349__3.csv,CAN_CSV0000000000027348.csv,22,31,0.5849056603773585,CAN,53
27761,CAN_CSV0000000000027349__3.csv,CAN_CSV0000000000027349__21.csv,10,25,0.7142857142857143,CAN,35
27762,CAN_CSV0000000000027349__3.csv,CAN_CSV0000000000027349__24.csv,10,25,0.7142857142857143,CAN,35
27767,CAN_CSV0000000000027349__4.csv,CAN_CSV0000000000027353__2.csv,8,29,0.7837837837837838,CAN,37
27768,CAN_CSV0000000000027349__4.csv,CAN_CSV0000000000027353__1.csv,8,29,0.7837837837837838,CAN,37
27769,CAN_CSV0000000000027349__4.csv,CAN_CSV0000000000027355.csv,21,33,0.6111111111111112,CAN,54
27770,CAN_CSV0000000000027349__4.csv,CAN_CSV0000000000027350.csv,21,33,0.6111111111111112,CAN,54
27771,CAN_CSV0000000000027349__4.csv,CAN_CSV0000000000001874.csv,21,33,0.6111111111111112,CAN,54
27772,CAN_CSV0000000000027349__4.csv,CAN_CSV0000000000027348.csv,20,35,0.6363636363636364,CAN,55
27773,CAN_CSV0000000000027349__4.csv,CAN_CSV0000000000008201.csv,21,69,0.7666666666666667,CAN,90
27774,CAN_CSV0000000000027349__4.csv,CAN_CSV0000000000027353.csv,21,34,0.6181818181818182,CAN,55
27775,CAN_CSV0000000000027349__4.csv,CAN_CSV0000000000001389.csv,21,33,0.6111111111111112,CAN,54
27776,CAN_CSV0000000000027349__4.csv,CAN_CSV0000000000027349__21.csv,9,27,0.75,CAN,36
27777,CAN_CSV0000000000027349__4.csv,CAN_CSV0000000000027349__23.csv,9,27,0.75,CAN,36
27778,CAN_CSV0000000000027349__4.csv,CAN_CSV0000000000027349__24.csv,9,27,0.75,CAN,36
27780,CAN_CSV0000000000027350.csv,CAN_CSV0000000000027348.csv,48,8,0.1428571428571428,CAN,56
27784,CAN_CSV0000000000027353.csv,CAN_CSV0000000000027348.csv,48,9,0.1578947368421052,CAN,57
27786,CAN_CSV0000000000027353.csv,CAN_CSV0000000000027346.csv,52,33,0.388235294117647,CAN,85
27787,CAN_CSV0000000000027353.csv,CAN_CSV0000000000008201.csv,52,37,0.4157303370786517,CAN,89
27790,CAN_CSV0000000000027353__0.csv,CAN_CSV0000000000027349__4.csv,8,29,0.7837837837837838,CAN,37
27791,CAN_CSV0000000000027353__0.csv,CAN_CSV0000000000027349__2.csv,9,27,0.75,CAN,36
27792,CAN_CSV0000000000027353__0.csv,CAN_CSV0000000000027349__3.csv,9,27,0.75,CAN,36
27793,CAN_CSV0000000000027353__0.csv,CAN_CSV0000000000027349__1.csv,9,27,0.75,CAN,36
27794,CAN_CSV0000000000027353__0.csv,CAN_CSV0000000000027349__0.csv,9,27,0.75,CAN,36
27795,CAN_CSV0000000000027353__0.csv,CAN_CSV0000000000027355.csv,21,32,0.6037735849056604,CAN,53
27796,CAN_CSV0000000000027353__0.csv,CAN_CSV0000000000027354.csv,21,33,0.6111111111111112,CAN,54
27797,CAN_CSV0000000000027353__0.csv,CAN_CSV0000000000027348.csv,20,34,0.6296296296296297,CAN,54
27798,CAN_CSV0000000000027353__1.csv,CAN_CSV0000000000027349__4.csv,8,29,0.7837837837837838,CAN,37
27799,CAN_CSV0000000000027353__1.csv,CAN_CSV0000000000027349__2.csv,9,27,0.75,CAN,36
27800,CAN_CSV0000000000027353__1.csv,CAN_CSV0000000000027349__3.csv,9,27,0.75,CAN,36
27801,CAN_CSV0000000000027353__1.csv,CAN_CSV0000000000027349__1.csv,9,27,0.75,CAN,36
27802,CAN_CSV0000000000027353__1.csv,CAN_CSV0000000000027349__0.csv,9,27,0.75,CAN,36
27803,CAN_CSV0000000000027353__1.csv,CAN_CSV0000000000027355.csv,21,32,0.6037735849056604,CAN,53
27804,CAN_CSV0000000000027353__1.csv,CAN_CSV0000000000027354.csv,21,33,0.6111111111111112,CAN,54
27805,CAN_CSV0000000000027353__10.csv,CAN_CSV0000000000001389.csv,18,35,0.660377358490566,CAN,53
27806,CAN_CSV0000000000027353__10.csv,CAN_CSV0000000000027354.csv,17,38,0.6909090909090909,CAN,55
27807,CAN_CSV0000000000027353__10.csv,CAN_CSV0000000000003066.csv,18,35,0.660377358490566,CAN,53
27808,CAN_CSV0000000000027353__10.csv,CAN_CSV0000000000008201.csv,18,71,0.797752808988764,CAN,89
27809,CAN_CSV0000000000027353__10.csv,CAN_CSV0000000000001487.csv,18,67,0.788235294117647,CAN,85
27810,CAN_CSV0000000000027353__10.csv,CAN_CSV0000000000027350.csv,18,35,0.660377358490566,CAN,53
27811,CAN_CSV0000000000027353__10.csv,CAN_CSV0000000000027355.csv,18,35,0.660377358490566,CAN,53
27812,CAN_CSV0000000000027353__10.csv,CAN_CSV0000000000027349.csv,18,35,0.660377358490566,CAN,53
27813,CAN_CSV0000000000027353__11.csv,CAN_CSV0000000000001389.csv,18,35,0.660377358490566,CAN,53
27814,CAN_CSV0000000000027353__11.csv,CAN_CSV0000000000027354.csv,17,38,0.6909090909090909,CAN,55
27815,CAN_CSV0000000000027353__11.csv,CAN_CSV0000000000003066.csv,18,35,0.660377358490566,CAN,53
27816,CAN_CSV0000000000027353__11.csv,CAN_CSV0000000000001487.csv,18,67,0.788235294117647,CAN,85
27817,CAN_CSV0000000000027353__11.csv,CAN_CSV0000000000008201.csv,18,71,0.797752808988764,CAN,89
27818,CAN_CSV0000000000027353__11.csv,CAN_CSV0000000000027355.csv,18,35,0.660377358490566,CAN,53
27819,CAN_CSV0000000000027353__11.csv,CAN_CSV0000000000027346.csv,18,67,0.788235294117647,CAN,85
27820,CAN_CSV0000000000027353__11.csv,CAN_CSV0000000000027350.csv,18,35,0.660377358490566,CAN,53
27821,CAN_CSV0000000000027353__11.csv,CAN_CSV0000000000027349.csv,18,35,0.660377358490566,CAN,53
27822,CAN_CSV0000000000027353__12.csv,CAN_CSV0000000000001389.csv,18,35,0.660377358490566,CAN,53
27823,CAN_CSV0000000000027353__12.csv,CAN_CSV0000000000027354.csv,17,38,0.6909090909090909,CAN,55
27824,CAN_CSV0000000000027353__12.csv,CAN_CSV0000000000003066.csv,18,35,0.660377358490566,CAN,53
27825,CAN_CSV0000000000027353__12.csv,CAN_CSV0000000000027348.csv,14,43,0.7543859649122807,CAN,57
27826,CAN_CSV0000000000027353__12.csv,CAN_CSV0000000000001487.csv,18,67,0.788235294117647,CAN,85
27827,CAN_CSV0000000000027353__12.csv,CAN_CSV0000000000008201.csv,18,71,0.797752808988764,CAN,89
27828,CAN_CSV0000000000027353__12.csv,CAN_CSV0000000000027355.csv,18,35,0.660377358490566,CAN,53
27829,CAN_CSV0000000000027353__12.csv,CAN_CSV0000000000027350.csv,18,35,0.660377358490566,CAN,53
27830,CAN_CSV0000000000027353__13.csv,CAN_CSV0000000000003066.csv,18,35,0.660377358490566,CAN,53
27831,CAN_CSV0000000000027353__13.csv,CAN_CSV0000000000027354.csv,17,38,0.6909090909090909,CAN,55
27832,CAN_CSV0000000000027353__13.csv,CAN_CSV0000000000008201.csv,18,71,0.797752808988764,CAN,89
27833,CAN_CSV0000000000027353__13.csv,CAN_CSV0000000000027348.csv,14,43,0.7543859649122807,CAN,57
27834,CAN_CSV0000000000027353__13.csv,CAN_CSV0000000000027350.csv,18,35,0.660377358490566,CAN,53
27835,CAN_CSV0000000000027353__13.csv,CAN_CSV0000000000027355.csv,18,35,0.660377358490566,CAN,53
27836,CAN_CSV0000000000027353__13.csv,CAN_CSV0000000000027346.csv,18,67,0.788235294117647,CAN,85
27837,CAN_CSV0000000000027353__13.csv,CAN_CSV0000000000001874.csv,18,35,0.660377358490566,CAN,53
27838,CAN_CSV0000000000027353__14.csv,CAN_CSV0000000000027355.csv,18,35,0.660377358490566,CAN,53
27839,CAN_CSV0000000000027353__14.csv,CAN_CSV0000000000027350.csv,18,35,0.660377358490566,CAN,53
27840,CAN_CSV0000000000027353__14.csv,CAN_CSV0000000000001874.csv,18,35,0.660377358490566,CAN,53
27841,CAN_CSV0000000000027353__14.csv,CAN_CSV0000000000008201.csv,18,71,0.797752808988764,CAN,89
27842,CAN_CSV0000000000027353__14.csv,CAN_CSV0000000000027346.csv,18,67,0.788235294117647,CAN,85
27843,CAN_CSV0000000000027353__14.csv,CAN_CSV0000000000001487.csv,18,67,0.788235294117647,CAN,85
27844,CAN_CSV0000000000027353__14.csv,CAN_CSV0000000000027347.csv,18,35,0.660377358490566,CAN,53
27845,CAN_CSV0000000000027353__14.csv,CAN_CSV0000000000001389.csv,18,35,0.660377358490566,CAN,53
27846,CAN_CSV0000000000027353__14.csv,CAN_CSV0000000000003066.csv,18,35,0.660377358490566,CAN,53
27857,CAN_CSV0000000000027353__2.csv,CAN_CSV0000000000027349__2.csv,9,27,0.75,CAN,36
27858,CAN_CSV0000000000027353__2.csv,CAN_CSV0000000000027349__3.csv,9,27,0.75,CAN,36
27859,CAN_CSV0000000000027353__2.csv,CAN_CSV0000000000027349__1.csv,9,27,0.75,CAN,36
27860,CAN_CSV0000000000027353__2.csv,CAN_CSV0000000000027349__0.csv,9,27,0.75,CAN,36
27861,CAN_CSV0000000000027353__2.csv,CAN_CSV0000000000027355.csv,21,32,0.6037735849056604,CAN,53
27867,CAN_CSV0000000000027353__20.csv,CAN_CSV0000000000001874.csv,11,42,0.7924528301886793,CAN,53
27868,CAN_CSV0000000000027353__20.csv,CAN_CSV0000000000027354.csv,11,43,0.7962962962962963,CAN,54
27872,CAN_CSV0000000000027353__20.csv,CAN_CSV0000000000001389.csv,11,42,0.7924528301886793,CAN,53
27873,CAN_CSV0000000000027353__20.csv,CAN_CSV0000000000003066.csv,11,42,0.7924528301886793,CAN,53
27874,CAN_CSV0000000000027353__20.csv,CAN_CSV0000000000027349.csv,11,42,0.7924528301886793,CAN,53
27880,CAN_CSV0000000000027353__21.csv,CAN_CSV0000000000027355.csv,11,42,0.7924528301886793,CAN,53
27881,CAN_CSV0000000000027353__21.csv,CAN_CSV0000000000001874.csv,11,42,0.7924528301886793,CAN,53
27882,CAN_CSV0000000000027353__21.csv,CAN_CSV0000000000027350.csv,11,42,0.7924528301886793,CAN,53
27883,CAN_CSV0000000000027353__21.csv,CAN_CSV0000000000027354.csv,11,43,0.7962962962962963,CAN,54
27884,CAN_CSV0000000000027353__21.csv,CAN_CSV0000000000027348.csv,11,42,0.7924528301886793,CAN,53
27886,CAN_CSV0000000000027353__21.csv,CAN_CSV0000000000027347.csv,11,42,0.7924528301886793,CAN,53
27887,CAN_CSV0000000000027353__21.csv,CAN_CSV0000000000001389.csv,11,42,0.7924528301886793,CAN,53
27893,CAN_CSV0000000000027353__22.csv,CAN_CSV0000000000001874.csv,11,42,0.7924528301886793,CAN,53
27894,CAN_CSV0000000000027353__22.csv,CAN_CSV0000000000027350.csv,11,42,0.7924528301886793,CAN,53
27895,CAN_CSV0000000000027353__22.csv,CAN_CSV0000000000027354.csv,11,43,0.7962962962962963,CAN,54
27899,CAN_CSV0000000000027353__22.csv,CAN_CSV0000000000001389.csv,11,42,0.7924528301886793,CAN,53
27900,CAN_CSV0000000000027353__22.csv,CAN_CSV0000000000003066.csv,11,42,0.7924528301886793,CAN,53
27901,CAN_CSV0000000000027353__22.csv,CAN_CSV0000000000027349.csv,11,42,0.7924528301886793,CAN,53
27902,CAN_CSV0000000000027353__23.csv,CAN_CSV0000000000027355.csv,11,42,0.7924528301886793,CAN,53
27903,CAN_CSV0000000000027353__23.csv,CAN_CSV0000000000027348.csv,11,42,0.7924528301886793,CAN,53
27906,CAN_CSV0000000000027353__23.csv,CAN_CSV0000000000001389.csv,11,42,0.7924528301886793,CAN,53
27907,CAN_CSV0000000000027353__23.csv,CAN_CSV0000000000003066.csv,11,42,0.7924528301886793,CAN,53
27908,CAN_CSV0000000000027353__23.csv,CAN_CSV0000000000027349.csv,11,42,0.7924528301886793,CAN,53
27914,CAN_CSV0000000000027353__24.csv,CAN_CSV0000000000027355.csv,11,42,0.7924528301886793,CAN,53
27915,CAN_CSV0000000000027353__24.csv,CAN_CSV0000000000001874.csv,11,42,0.7924528301886793,CAN,53
27916,CAN_CSV0000000000027353__24.csv,CAN_CSV0000000000027348.csv,11,42,0.7924528301886793,CAN,53
27920,CAN_CSV0000000000027353__24.csv,CAN_CSV0000000000001389.csv,11,42,0.7924528301886793,CAN,53
27921,CAN_CSV0000000000027353__24.csv,CAN_CSV0000000000003066.csv,11,42,0.7924528301886793,CAN,53
27922,CAN_CSV0000000000027353__3.csv,CAN_CSV0000000000027349__4.csv,8,29,0.7837837837837838,CAN,37
27923,CAN_CSV0000000000027353__3.csv,CAN_CSV0000000000027349__2.csv,9,27,0.75,CAN,36
27924,CAN_CSV0000000000027353__3.csv,CAN_CSV0000000000027349__3.csv,9,27,0.75,CAN,36
27925,CAN_CSV0000000000027353__3.csv,CAN_CSV0000000000027349__1.csv,9,27,0.75,CAN,36
27926,CAN_CSV0000000000027353__3.csv,CAN_CSV0000000000027349__0.csv,9,27,0.75,CAN,36
27927,CAN_CSV0000000000027353__3.csv,CAN_CSV0000000000027355.csv,21,32,0.6037735849056604,CAN,53
27928,CAN_CSV0000000000027353__3.csv,CAN_CSV0000000000027348.csv,20,34,0.6296296296296297,CAN,54
27929,CAN_CSV0000000000027353__4.csv,CAN_CSV0000000000027349__4.csv,8,29,0.7837837837837838,CAN,37
27930,CAN_CSV0000000000027353__4.csv,CAN_CSV0000000000027349__2.csv,9,27,0.75,CAN,36
27931,CAN_CSV0000000000027353__4.csv,CAN_CSV0000000000027349__3.csv,9,27,0.75,CAN,36
27932,CAN_CSV0000000000027353__4.csv,CAN_CSV0000000000027349__1.csv,9,27,0.75,CAN,36
27933,CAN_CSV0000000000027353__4.csv,CAN_CSV0000000000027349__0.csv,9,27,0.75,CAN,36
27934,CAN_CSV0000000000027353__4.csv,CAN_CSV0000000000027355.csv,21,32,0.6037735849056604,CAN,53
27935,CAN_CSV0000000000027353__4.csv,CAN_CSV0000000000027348.csv,20,34,0.6296296296296297,CAN,54
27939,CAN_CSV0000000000027353__5.csv,CAN_CSV0000000000027348.csv,14,40,0.7407407407407407,CAN,54
27945,CAN_CSV0000000000027353__6.csv,CAN_CSV0000000000027355.csv,15,38,0.7169811320754716,CAN,53
27946,CAN_CSV0000000000027353__6.csv,CAN_CSV0000000000027350.csv,15,38,0.7169811320754716,CAN,53
27947,CAN_CSV0000000000027353__6.csv,CAN_CSV0000000000001874.csv,15,38,0.7169811320754716,CAN,53
27948,CAN_CSV0000000000027353__6.csv,CAN_CSV0000000000027354.csv,15,39,0.7222222222222222,CAN,54
27950,CAN_CSV0000000000027353__6.csv,CAN_CSV0000000000027353.csv,15,39,0.7222222222222222,CAN,54
27953,CAN_CSV0000000000027353__6.csv,CAN_CSV0000000000001389.csv,15,38,0.7169811320754716,CAN,53
27954,CAN_CSV0000000000027353__6.csv,CAN_CSV0000000000003066.csv,15,38,0.7169811320754716,CAN,53
27957,CAN_CSV0000000000027353__7.csv,CAN_CSV0000000000027348.csv,14,40,0.7407407407407407,CAN,54
27965,CAN_CSV0000000000027353__9.csv,CAN_CSV0000000000027348.csv,14,40,0.7407407407407407,CAN,54
27967,CAN_CSV0000000000027354.csv,CAN_CSV0000000000027348.csv,47,11,0.1896551724137931,CAN,58
27969,CAN_CSV0000000000027354.csv,CAN_CSV0000000000027353__4.csv,21,33,0.6111111111111112,CAN,54
27971,CAN_CSV0000000000027354.csv,CAN_CSV0000000000027353__1.csv,21,33,0.6111111111111112,CAN,54
27972,CAN_CSV0000000000027354.csv,CAN_CSV0000000000027346.csv,51,35,0.4069767441860465,CAN,86
27973,CAN_CSV0000000000027354.csv,CAN_CSV0000000000027353__3.csv,21,33,0.6111111111111112,CAN,54
27974,CAN_CSV0000000000027354.csv,CAN_CSV0000000000008201.csv,51,39,0.4333333333333333,CAN,90
27977,CAN_CSV0000000000027354.csv,CAN_CSV0000000000027353__0.csv,21,33,0.6111111111111112,CAN,54
27986,CAN_CSV0000000000027354__0.csv,CAN_CSV0000000000027348.csv,13,41,0.7592592592592593,CAN,54
27989,CAN_CSV0000000000027354__0.csv,CAN_CSV0000000000003066.csv,14,39,0.7358490566037735,CAN,53
27997,CAN_CSV0000000000027354__1.csv,CAN_CSV0000000000027355.csv,13,41,0.7592592592592593,CAN,54
27998,CAN_CSV0000000000027354__1.csv,CAN_CSV0000000000027350.csv,14,39,0.7358490566037735,CAN,53
27999,CAN_CSV0000000000027354__1.csv,CAN_CSV0000000000001874.csv,14,39,0.7358490566037735,CAN,53
28001,CAN_CSV0000000000027354__1.csv,CAN_CSV0000000000027354.csv,14,40,0.7407407407407407,CAN,54
28002,CAN_CSV0000000000027354__1.csv,CAN_CSV0000000000027348.csv,13,41,0.7592592592592593,CAN,54
28028,CAN_CSV0000000000027354__2.csv,CAN_CSV0000000000027355.csv,13,41,0.7592592592592593,CAN,54
28029,CAN_CSV0000000000027354__2.csv,CAN_CSV0000000000027354.csv,14,40,0.7407407407407407,CAN,54
28030,CAN_CSV0000000000027354__2.csv,CAN_CSV0000000000027348.csv,13,41,0.7592592592592593,CAN,54
28032,CAN_CSV0000000000027354__2.csv,CAN_CSV0000000000001389.csv,14,39,0.7358490566037735,CAN,53
28034,CAN_CSV0000000000027354__2.csv,CAN_CSV0000000000003066.csv,14,39,0.7358490566037735,CAN,53
28035,CAN_CSV0000000000027354__20.csv,CAN_CSV0000000000027355.csv,13,40,0.7547169811320755,CAN,53
28036,CAN_CSV0000000000027354__20.csv,CAN_CSV0000000000027354.csv,13,41,0.7592592592592593,CAN,54
28037,CAN_CSV0000000000027354__20.csv,CAN_CSV0000000000027348.csv,13,40,0.7547169811320755,CAN,53
28038,CAN_CSV0000000000027354__21.csv,CAN_CSV0000000000027355.csv,13,40,0.7547169811320755,CAN,53
28039,CAN_CSV0000000000027354__21.csv,CAN_CSV0000000000027348.csv,13,40,0.7547169811320755,CAN,53
28040,CAN_CSV0000000000027354__22.csv,CAN_CSV0000000000027348.csv,13,40,0.7547169811320755,CAN,53
28041,CAN_CSV0000000000027354__22.csv,CAN_CSV0000000000027355.csv,13,40,0.7547169811320755,CAN,53
28042,CAN_CSV0000000000027354__23.csv,CAN_CSV0000000000027354.csv,13,41,0.7592592592592593,CAN,54
28043,CAN_CSV0000000000027354__23.csv,CAN_CSV0000000000027348.csv,13,40,0.7547169811320755,CAN,53
28044,CAN_CSV0000000000027354__23.csv,CAN_CSV0000000000027355.csv,13,40,0.7547169811320755,CAN,53
28045,CAN_CSV0000000000027354__24.csv,CAN_CSV0000000000027355.csv,13,40,0.7547169811320755,CAN,53
28054,CAN_CSV0000000000027354__3.csv,CAN_CSV0000000000027355.csv,13,41,0.7592592592592593,CAN,54
28055,CAN_CSV0000000000027354__3.csv,CAN_CSV0000000000027350.csv,14,39,0.7358490566037735,CAN,53
28058,CAN_CSV0000000000027354__3.csv,CAN_CSV0000000000027354.csv,14,40,0.7407407407407407,CAN,54
28059,CAN_CSV0000000000027354__3.csv,CAN_CSV0000000000027348.csv,13,41,0.7592592592592593,CAN,54
28069,CAN_CSV0000000000027354__4.csv,CAN_CSV0000000000027355.csv,13,41,0.7592592592592593,CAN,54
28070,CAN_CSV0000000000027354__4.csv,CAN_CSV0000000000001874.csv,14,39,0.7358490566037735,CAN,53
28072,CAN_CSV0000000000027354__4.csv,CAN_CSV0000000000027348.csv,13,41,0.7592592592592593,CAN,54
28110,CAN_CSV0000000000027355.csv,CAN_CSV0000000000027348.csv,47,10,0.175438596491228,CAN,57
28112,CAN_CSV0000000000027355.csv,CAN_CSV0000000000027353__4.csv,21,32,0.6037735849056604,CAN,53
28113,CAN_CSV0000000000027355.csv,CAN_CSV0000000000027353__1.csv,21,32,0.6037735849056604,CAN,53
28114,CAN_CSV0000000000027355.csv,CAN_CSV0000000000027346.csv,51,34,0.4,CAN,85
28115,CAN_CSV0000000000027355.csv,CAN_CSV0000000000027353__3.csv,21,32,0.6037735849056604,CAN,53
28116,CAN_CSV0000000000027355.csv,CAN_CSV0000000000008201.csv,51,38,0.4269662921348314,CAN,89
28119,CAN_CSV0000000000027355.csv,CAN_CSV0000000000027353__0.csv,21,32,0.6037735849056604,CAN,53
28139,CAN_CSV0000000000027355__10.csv,CAN_CSV0000000000027355.csv,12,41,0.7735849056603774,CAN,53
28165,CAN_CSV0000000000027355__12.csv,CAN_CSV0000000000027355.csv,12,41,0.7735849056603774,CAN,53
28322,CAN_CSV0000000000027405__4.csv,CAN_CSV0000000000027405.csv,11,20,0.6451612903225806,CAN,31
28327,CAN_CSV0000000000027405__6.csv,CAN_CSV0000000000027405.csv,11,20,0.6451612903225806,CAN,31
28332,CAN_CSV0000000000027405__7.csv,CAN_CSV0000000000027405.csv,11,20,0.6451612903225806,CAN,31
28367,CAN_CSV0000000000027440__11.csv,CAN_CSV0000000000001289.csv,7,24,0.7741935483870968,CAN,31
28449,UK_CSV0000000000006676__2.csv,UK_CSV0000000000006676__10.csv,12,39,0.7647058823529411,UK,51
28450,UK_CSV0000000000002010__6.csv,UK_CSV0000000000006676__5.csv,12,45,0.7894736842105263,UK,57
28451,UK_CSV0000000000006676__34.csv,UK_CSV0000000000006676__22.csv,11,33,0.75,UK,44
28459,UK_CSV0000000000003896__3.csv,UK_CSV0000000000003896__8.csv,12,42,0.7777777777777778,UK,54
28476,UK_CSV0000000000005854__10.csv,UK_CSV0000000000005854__16.csv,12,36,0.75,UK,48
28481,UK_CSV0000000000002010__6.csv,UK_CSV0000000000002010__30.csv,12,37,0.7551020408163265,UK,49
28482,UK_CSV0000000000002010__31.csv,UK_CSV0000000000002010__9.csv,12,37,0.7551020408163265,UK,49
28483,UK_CSV0000000000006676__34.csv,UK_CSV0000000000002010.csv,19,73,0.7934782608695652,UK,92
28484,UK_CSV0000000000005854__10.csv,UK_CSV0000000000005854__25.csv,14,37,0.7254901960784313,UK,51
28485,UK_CSV0000000000005854__10.csv,UK_CSV0000000000005854__22.csv,17,39,0.6964285714285714,UK,56
28486,UK_CSV0000000000003896__4.csv,UK_CSV0000000000003896__8.csv,12,42,0.7777777777777778,UK,54
28489,UK_CSV0000000000003896__7.csv,UK_CSV0000000000003896__19.csv,18,37,0.6727272727272727,UK,55
28495,UK_CSV0000000000002183__16.csv,UK_CSV0000000000002183__18.csv,28,4,0.125,UK,32
28500,UK_CSV0000000000003896__1.csv,UK_CSV0000000000003896__18.csv,15,37,0.7115384615384616,UK,52
28512,UK_CSV0000000000003896__7.csv,UK_CSV0000000000003896__14.csv,10,36,0.782608695652174,UK,46
28513,UK_CSV0000000000003896__7.csv,UK_CSV0000000000003896__13.csv,10,36,0.782608695652174,UK,46
28519,UK_CSV0000000000003896__7.csv,UK_CSV0000000000003896__12.csv,10,36,0.782608695652174,UK,46
28524,UK_CSV0000000000003896__7.csv,UK_CSV0000000000003896__18.csv,18,37,0.6727272727272727,UK,55
28532,UK_CSV0000000000003896__0.csv,UK_CSV0000000000003896__18.csv,15,37,0.7115384615384616,UK,52
28544,UK_CSV0000000000003896__0.csv,UK_CSV0000000000003896__15.csv,15,37,0.7115384615384616,UK,52
28559,UK_CSV0000000000003896__0.csv,UK_CSV0000000000003896.csv,29,51,0.6375,UK,80
28570,UK_CSV0000000000003896__0.csv,UK_CSV0000000000003896__8.csv,12,42,0.7777777777777778,UK,54
28571,UK_CSV0000000000003896__0.csv,UK_CSV0000000000003896__6.csv,12,42,0.7777777777777778,UK,54
28590,UK_CSV0000000000006676__2.csv,UK_CSV0000000000002010__6.csv,12,45,0.7894736842105263,UK,57
28591,UK_CSV0000000000006676__2.csv,UK_CSV0000000000002010__7.csv,12,45,0.7894736842105263,UK,57
28592,UK_CSV0000000000006676__2.csv,UK_CSV0000000000006676__6.csv,14,35,0.7142857142857143,UK,49
28596,UK_CSV0000000000006676__2.csv,UK_CSV0000000000006676__7.csv,14,35,0.7142857142857143,UK,49
28605,UK_CSV0000000000006676__2.csv,UK_CSV0000000000006676__11.csv,14,35,0.7142857142857143,UK,49
28606,UK_CSV0000000000006676__2.csv,UK_CSV0000000000006676__8.csv,14,35,0.7142857142857143,UK,49
28621,UK_CSV0000000000006676__2.csv,UK_CSV0000000000002010__9.csv,12,45,0.7894736842105263,UK,57
28622,UK_CSV0000000000006676__2.csv,UK_CSV0000000000006676__9.csv,14,35,0.7142857142857143,UK,49
28623,UK_CSV0000000000006676__2.csv,UK_CSV0000000000002010__8.csv,12,45,0.7894736842105263,UK,57
28626,UK_CSV0000000000002010__6.csv,UK_CSV0000000000006676__1.csv,12,45,0.7894736842105263,UK,57
28631,UK_CSV0000000000002010__6.csv,UK_CSV0000000000006676__2.csv,12,45,0.7894736842105263,UK,57
28636,UK_CSV0000000000002010__6.csv,UK_CSV0000000000006676__4.csv,12,45,0.7894736842105263,UK,57
28638,UK_CSV0000000000002010__6.csv,UK_CSV0000000000007396.csv,24,49,0.6712328767123288,UK,73
28641,UK_CSV0000000000002010__6.csv,UK_CSV0000000000002010__35.csv,12,37,0.7551020408163265,UK,49
28660,UK_CSV0000000000006676__34.csv,UK_CSV0000000000006676__18.csv,11,33,0.75,UK,44
28680,UK_CSV0000000000006676__34.csv,UK_CSV0000000000006676__19.csv,11,33,0.75,UK,44
28694,UK_CSV0000000000007396__12.csv,UK_CSV0000000000007396.csv,17,44,0.7213114754098361,UK,61
28718,UK_CSV0000000000007396__10.csv,UK_CSV0000000000007396.csv,18,42,0.7,UK,60
28768,UK_CSV0000000000003896__3.csv,UK_CSV0000000000003896__18.csv,15,37,0.7115384615384616,UK,52
28769,UK_CSV0000000000003896__3.csv,UK_CSV0000000000003896__6.csv,12,42,0.7777777777777778,UK,54
28778,UK_CSV0000000000006676__9.csv,UK_CSV0000000000006676__15.csv,13,27,0.675,UK,40
28784,UK_CSV0000000000006676__9.csv,UK_CSV0000000000006676__13.csv,13,27,0.675,UK,40
28786,UK_CSV0000000000006676__9.csv,UK_CSV0000000000006676__18.csv,10,37,0.7872340425531915,UK,47
28788,UK_CSV0000000000006676__9.csv,UK_CSV0000000000006676__22.csv,10,37,0.7872340425531915,UK,47
28796,UK_CSV0000000000006676__9.csv,UK_CSV0000000000006676__1.csv,14,35,0.7142857142857143,UK,49
28797,UK_CSV0000000000006676__9.csv,UK_CSV0000000000006676__2.csv,14,35,0.7142857142857143,UK,49
28798,UK_CSV0000000000006676__9.csv,UK_CSV0000000000006676__4.csv,14,35,0.7142857142857143,UK,49
28820,UK_CSV0000000000003896__3.csv,UK_CSV0000000000003896__15.csv,15,37,0.7115384615384616,UK,52
28825,UK_CSV0000000000005854__10.csv,UK_CSV0000000000005854__19.csv,17,39,0.6964285714285714,UK,56
28826,UK_CSV0000000000005854__10.csv,UK_CSV0000000000005854__18.csv,17,39,0.6964285714285714,UK,56
28827,UK_CSV0000000000005854__10.csv,UK_CSV0000000000005854__20.csv,17,39,0.6964285714285714,UK,56
28828,UK_CSV0000000000005854__10.csv,UK_CSV0000000000005854__21.csv,17,39,0.6964285714285714,UK,56
28829,UK_CSV0000000000005854__10.csv,UK_CSV0000000000005854__23.csv,17,39,0.6964285714285714,UK,56
28842,UK_CSV0000000000002010__9.csv,UK_CSV0000000000007396.csv,25,47,0.6527777777777778,UK,72
28860,UK_CSV0000000000007396__13.csv,UK_CSV0000000000007396.csv,18,42,0.7,UK,60
28939,UK_CSV0000000000002010__31.csv,UK_CSV0000000000007396.csv,15,52,0.7761194029850746,UK,67
28940,UK_CSV0000000000002010__31.csv,UK_CSV0000000000002010__6.csv,12,37,0.7551020408163265,UK,49
28941,UK_CSV0000000000002010__31.csv,UK_CSV0000000000002010__7.csv,12,37,0.7551020408163265,UK,49
28971,UK_CSV0000000000006676__9.csv,UK_CSV0000000000006676__14.csv,13,27,0.675,UK,40
28972,UK_CSV0000000000006676__9.csv,UK_CSV0000000000006676__5.csv,14,35,0.7142857142857143,UK,49
28973,UK_CSV0000000000006676__9.csv,UK_CSV0000000000006676__3.csv,14,35,0.7142857142857143,UK,49
28982,UK_CSV0000000000006676__9.csv,UK_CSV0000000000006676__10.csv,30,4,0.1176470588235294,UK,34
28984,UK_CSV0000000000006676__9.csv,UK_CSV0000000000006676__12.csv,13,27,0.675,UK,40
28985,UK_CSV0000000000006676__9.csv,UK_CSV0000000000006676__0.csv,14,35,0.7142857142857143,UK,49
28999,UK_CSV0000000000002010__31.csv,UK_CSV0000000000002010__8.csv,12,37,0.7551020408163265,UK,49
29009,UK_CSV0000000000006676__5.csv,UK_CSV0000000000002010__6.csv,12,45,0.7894736842105263,UK,57
29010,UK_CSV0000000000006676__5.csv,UK_CSV0000000000002010__7.csv,12,45,0.7894736842105263,UK,57
29011,UK_CSV0000000000006676__5.csv,UK_CSV0000000000006676__6.csv,14,35,0.7142857142857143,UK,49
29016,UK_CSV0000000000006676__5.csv,UK_CSV0000000000006676__7.csv,14,35,0.7142857142857143,UK,49
29017,UK_CSV0000000000006676__5.csv,UK_CSV0000000000006676__11.csv,14,35,0.7142857142857143,UK,49
29018,UK_CSV0000000000006676__5.csv,UK_CSV0000000000006676__8.csv,14,35,0.7142857142857143,UK,49
29043,UK_CSV0000000000006676__5.csv,UK_CSV0000000000002010__9.csv,12,45,0.7894736842105263,UK,57
29045,UK_CSV0000000000006676__5.csv,UK_CSV0000000000002010__8.csv,12,45,0.7894736842105263,UK,57
29050,UK_CSV0000000000006676__5.csv,UK_CSV0000000000002010__11.csv,12,45,0.7894736842105263,UK,57
29051,UK_CSV0000000000005854__10.csv,UK_CSV0000000000005854__28.csv,14,37,0.7254901960784313,UK,51
29052,UK_CSV0000000000005854__10.csv,UK_CSV0000000000005854__24.csv,14,37,0.7254901960784313,UK,51
29053,UK_CSV0000000000005854__10.csv,UK_CSV0000000000005854__14.csv,12,36,0.75,UK,48
29054,UK_CSV0000000000005854__10.csv,UK_CSV0000000000005854__12.csv,12,36,0.75,UK,48
29055,UK_CSV0000000000005854__10.csv,UK_CSV0000000000005854__15.csv,12,36,0.75,UK,48
29056,UK_CSV0000000000005854__10.csv,UK_CSV0000000000005854__13.csv,12,36,0.75,UK,48
29057,UK_CSV0000000000005854__10.csv,UK_CSV0000000000005854__17.csv,12,36,0.75,UK,48
29064,UK_CSV0000000000002010__10.csv,UK_CSV0000000000007396.csv,24,49,0.6712328767123288,UK,73
29098,UK_CSV0000000000002010__8.csv,UK_CSV0000000000007396.csv,25,47,0.6527777777777778,UK,72
29124,UK_CSV0000000000002010__31.csv,UK_CSV0000000000002010__10.csv,11,39,0.78,UK,50
29126,UK_CSV0000000000002010__6.csv,UK_CSV0000000000002010__33.csv,12,37,0.7551020408163265,UK,49
29127,UK_CSV0000000000002010__6.csv,UK_CSV0000000000002010__31.csv,12,37,0.7551020408163265,UK,49
29128,UK_CSV0000000000002010__6.csv,UK_CSV0000000000002010__34.csv,12,37,0.7551020408163265,UK,49
29129,UK_CSV0000000000002010__6.csv,UK_CSV0000000000002010__32.csv,12,37,0.7551020408163265,UK,49
29130,UK_CSV0000000000002010__6.csv,UK_CSV0000000000006676.csv,26,67,0.7204301075268817,UK,93
29137,UK_CSV0000000000002010__31.csv,UK_CSV0000000000002010__11.csv,12,37,0.7551020408163265,UK,49
29146,UK_CSV0000000000005854__10.csv,UK_CSV0000000000005854__26.csv,14,37,0.7254901960784313,UK,51
29147,UK_CSV0000000000005854__10.csv,UK_CSV0000000000005854__29.csv,14,37,0.7254901960784313,UK,51
29148,UK_CSV0000000000005854__10.csv,UK_CSV0000000000005854__27.csv,14,37,0.7254901960784313,UK,51
29149,UK_CSV0000000000006676__5.csv,UK_CSV0000000000006676__9.csv,14,35,0.7142857142857143,UK,49
29161,UK_CSV0000000000003896__4.csv,UK_CSV0000000000003896__18.csv,15,37,0.7115384615384616,UK,52
29162,UK_CSV0000000000003896__4.csv,UK_CSV0000000000003896__6.csv,12,42,0.7777777777777778,UK,54
29171,UK_CSV0000000000003896__4.csv,UK_CSV0000000000003896__15.csv,15,37,0.7115384615384616,UK,52
29185,UK_CSV0000000000002010__9.csv,UK_CSV0000000000006676__1.csv,12,45,0.7894736842105263,UK,57
29186,UK_CSV0000000000002010__9.csv,UK_CSV0000000000006676__2.csv,12,45,0.7894736842105263,UK,57
29202,UK_CSV0000000000003896__7.csv,UK_CSV0000000000003896__3.csv,12,42,0.7777777777777778,UK,54
29206,UK_CSV0000000000003896__7.csv,UK_CSV0000000000003896__15.csv,18,37,0.6727272727272727,UK,55
29211,UK_CSV0000000000003896__7.csv,UK_CSV0000000000003896__2.csv,12,42,0.7777777777777778,UK,54
29229,UK_CSV0000000000002010__8.csv,UK_CSV0000000000006676__1.csv,12,45,0.7894736842105263,UK,57
29230,UK_CSV0000000000002010__8.csv,UK_CSV0000000000006676__2.csv,12,45,0.7894736842105263,UK,57
29232,UK_CSV0000000000002010__8.csv,UK_CSV0000000000006676__4.csv,12,45,0.7894736842105263,UK,57
29294,UK_CSV0000000000002183__16.csv,UK_CSV0000000000002183__19.csv,28,4,0.125,UK,32
29297,UK_CSV0000000000002183__16.csv,UK_CSV0000000000002183__8.csv,14,31,0.6888888888888889,UK,45
29299,UK_CSV0000000000002183__16.csv,UK_CSV0000000000002183__7.csv,14,31,0.6888888888888889,UK,45
29301,UK_CSV0000000000002183__16.csv,UK_CSV0000000000002183__9.csv,14,31,0.6888888888888889,UK,45
29310,UK_CSV0000000000002183__16.csv,UK_CSV0000000000002183__5.csv,14,31,0.6888888888888889,UK,45
29311,UK_CSV0000000000002183__16.csv,UK_CSV0000000000002183__6.csv,14,31,0.6888888888888889,UK,45
29316,UK_CSV0000000000002183__8.csv,UK_CSV0000000000002183__1.csv,11,41,0.7884615384615384,UK,52
29318,UK_CSV0000000000002183__8.csv,UK_CSV0000000000002183__4.csv,11,41,0.7884615384615384,UK,52
29324,UK_CSV0000000000002183__8.csv,UK_CSV0000000000002183__10.csv,8,30,0.7894736842105263,UK,38
29325,UK_CSV0000000000002183__8.csv,UK_CSV0000000000002183__2.csv,11,41,0.7884615384615384,UK,52
29326,UK_CSV0000000000002183__8.csv,UK_CSV0000000000002183__12.csv,8,30,0.7894736842105263,UK,38
29327,UK_CSV0000000000002183__8.csv,UK_CSV0000000000002183__13.csv,8,30,0.7894736842105263,UK,38
29328,UK_CSV0000000000002183__8.csv,UK_CSV0000000000002183__14.csv,8,30,0.7894736842105263,UK,38
29329,UK_CSV0000000000002183__8.csv,UK_CSV0000000000002183__15.csv,14,31,0.6888888888888889,UK,45
29330,UK_CSV0000000000002183__8.csv,UK_CSV0000000000002183__18.csv,13,33,0.717391304347826,UK,46
29331,UK_CSV0000000000002183__8.csv,UK_CSV0000000000002183__17.csv,14,31,0.6888888888888889,UK,45
29332,UK_CSV0000000000002183__8.csv,UK_CSV0000000000002183__11.csv,8,30,0.7894736842105263,UK,38
29333,UK_CSV0000000000002183__8.csv,UK_CSV0000000000002183__16.csv,14,31,0.6888888888888889,UK,45
29334,UK_CSV0000000000002183__8.csv,UK_CSV0000000000002183__0.csv,11,41,0.7884615384615384,UK,52
29335,UK_CSV0000000000002183__8.csv,UK_CSV0000000000002183__19.csv,13,33,0.717391304347826,UK,46
29341,UK_CSV0000000000005854__14.csv,UK_CSV0000000000005854__7.csv,12,36,0.75,UK,48
29342,UK_CSV0000000000005854__14.csv,UK_CSV0000000000005854__10.csv,12,36,0.75,UK,48
29343,UK_CSV0000000000005854__14.csv,UK_CSV0000000000005854__6.csv,12,36,0.75,UK,48
29344,UK_CSV0000000000005854__14.csv,UK_CSV0000000000005854__8.csv,12,36,0.75,UK,48
29345,UK_CSV0000000000005854__14.csv,UK_CSV0000000000005854__11.csv,12,36,0.75,UK,48
29346,UK_CSV0000000000005854__14.csv,UK_CSV0000000000005854__9.csv,12,36,0.75,UK,48
29354,UK_CSV0000000000003467__16.csv,UK_CSV0000000000003467__20.csv,10,26,0.7222222222222222,UK,36
29356,UK_CSV0000000000003467__16.csv,UK_CSV0000000000003467__23.csv,10,26,0.7222222222222222,UK,36
29359,UK_CSV0000000000003467__16.csv,UK_CSV0000000000003467__24.csv,10,26,0.7222222222222222,UK,36
29361,UK_CSV0000000000003467__16.csv,UK_CSV0000000000003467__21.csv,10,26,0.7222222222222222,UK,36
29362,UK_CSV0000000000003467__16.csv,UK_CSV0000000000003467__22.csv,10,26,0.7222222222222222,UK,36
29368,UK_CSV0000000000003896__13.csv,UK_CSV0000000000003896__8.csv,10,36,0.782608695652174,UK,46
29369,UK_CSV0000000000003896__13.csv,UK_CSV0000000000003896__6.csv,10,36,0.782608695652174,UK,46
29411,UK_CSV0000000000003896__8.csv,UK_CSV0000000000003896__14.csv,10,36,0.782608695652174,UK,46
29412,UK_CSV0000000000003896__8.csv,UK_CSV0000000000003896__13.csv,10,36,0.782608695652174,UK,46
29418,UK_CSV0000000000003896__8.csv,UK_CSV0000000000003896__12.csv,10,36,0.782608695652174,UK,46
29424,UK_CSV0000000000003896__8.csv,UK_CSV0000000000003896__18.csv,18,37,0.6727272727272727,UK,55
29441,UK_CSV0000000000003896__8.csv,UK_CSV0000000000003896__3.csv,12,42,0.7777777777777778,UK,54
29442,UK_CSV0000000000003896__8.csv,UK_CSV0000000000003896__15.csv,18,37,0.6727272727272727,UK,55
29454,UK_CSV0000000000003896__8.csv,UK_CSV0000000000003896__2.csv,12,42,0.7777777777777778,UK,54
29506,UK_CSV0000000000002183__1.csv,UK_CSV0000000000002183__8.csv,11,41,0.7884615384615384,UK,52
29508,UK_CSV0000000000002183__1.csv,UK_CSV0000000000002183__7.csv,11,41,0.7884615384615384,UK,52
29509,UK_CSV0000000000002183__1.csv,UK_CSV0000000000002183__9.csv,11,41,0.7884615384615384,UK,52
29511,UK_CSV0000000000002183__1.csv,UK_CSV0000000000002183__5.csv,11,41,0.7884615384615384,UK,52
29515,UK_CSV0000000000002183__1.csv,UK_CSV0000000000002183__6.csv,11,41,0.7884615384615384,UK,52
29575,UK_CSV0000000000003896__1.csv,UK_CSV0000000000003896__8.csv,12,42,0.7777777777777778,UK,54
29577,UK_CSV0000000000003896__1.csv,UK_CSV0000000000003896__6.csv,12,42,0.7777777777777778,UK,54
29589,UK_CSV0000000000003896__1.csv,UK_CSV0000000000003896__15.csv,15,37,0.7115384615384616,UK,52
29634,UK_CSV0000000000002010__30.csv,UK_CSV0000000000007396.csv,15,52,0.7761194029850746,UK,67
29643,UK_CSV0000000000002010__30.csv,UK_CSV0000000000002010__6.csv,12,37,0.7551020408163265,UK,49
29644,UK_CSV0000000000002010__30.csv,UK_CSV0000000000002010__7.csv,12,37,0.7551020408163265,UK,49
29649,UK_CSV0000000000002010__30.csv,UK_CSV0000000000002010__9.csv,12,37,0.7551020408163265,UK,49
29659,UK_CSV0000000000002010__30.csv,UK_CSV0000000000002010__8.csv,12,37,0.7551020408163265,UK,49
29661,UK_CSV0000000000002010__30.csv,UK_CSV0000000000002010__10.csv,11,39,0.78,UK,50
29675,UK_CSV0000000000002010__30.csv,UK_CSV0000000000002010__11.csv,12,37,0.7551020408163265,UK,49
29699,UK_CSV0000000000003896__16.csv,UK_CSV0000000000003896__8.csv,18,37,0.6727272727272727,UK,55
29701,UK_CSV0000000000003896__16.csv,UK_CSV0000000000003896__6.csv,18,37,0.6727272727272727,UK,55
29712,UK_CSV0000000000003896__16.csv,UK_CSV0000000000003896__3.csv,15,37,0.7115384615384616,UK,52
29771,UK_CSV0000000000002183__4.csv,UK_CSV0000000000002183__9.csv,11,41,0.7884615384615384,UK,52
29772,UK_CSV0000000000002183__4.csv,UK_CSV0000000000002183__7.csv,11,41,0.7884615384615384,UK,52
29773,UK_CSV0000000000002183__4.csv,UK_CSV0000000000002183__5.csv,11,41,0.7884615384615384,UK,52
29774,UK_CSV0000000000002183__4.csv,UK_CSV0000000000002183__8.csv,11,41,0.7884615384615384,UK,52
29775,UK_CSV0000000000002183__4.csv,UK_CSV0000000000002183__6.csv,11,41,0.7884615384615384,UK,52
29822,UK_CSV0000000000002183__9.csv,UK_CSV0000000000002183__1.csv,11,41,0.7884615384615384,UK,52
29824,UK_CSV0000000000002183__9.csv,UK_CSV0000000000002183__4.csv,11,41,0.7884615384615384,UK,52
29832,UK_CSV0000000000002183__9.csv,UK_CSV0000000000002183__10.csv,8,30,0.7894736842105263,UK,38
29833,UK_CSV0000000000002183__9.csv,UK_CSV0000000000002183__2.csv,11,41,0.7884615384615384,UK,52
29834,UK_CSV0000000000002183__9.csv,UK_CSV0000000000002183__12.csv,8,30,0.7894736842105263,UK,38
29835,UK_CSV0000000000002183__9.csv,UK_CSV0000000000002183__13.csv,8,30,0.7894736842105263,UK,38
29836,UK_CSV0000000000002183__9.csv,UK_CSV0000000000002183__14.csv,8,30,0.7894736842105263,UK,38
29837,UK_CSV0000000000002183__9.csv,UK_CSV0000000000002183__11.csv,8,30,0.7894736842105263,UK,38
29838,UK_CSV0000000000002183__9.csv,UK_CSV0000000000002183__0.csv,11,41,0.7884615384615384,UK,52
29844,UK_CSV0000000000002183__9.csv,UK_CSV0000000000002183__15.csv,14,31,0.6888888888888889,UK,45
29845,UK_CSV0000000000002183__9.csv,UK_CSV0000000000002183__18.csv,13,33,0.717391304347826,UK,46
29846,UK_CSV0000000000002183__9.csv,UK_CSV0000000000002183__17.csv,14,31,0.6888888888888889,UK,45
30029,UK_CSV0000000000002010.csv,UK_CSV0000000000006676__3.csv,19,74,0.7956989247311828,UK,93
30030,UK_CSV0000000000002010.csv,UK_CSV0000000000006676__2.csv,19,74,0.7956989247311828,UK,93
30031,UK_CSV0000000000002010.csv,UK_CSV0000000000006676__0.csv,19,74,0.7956989247311828,UK,93
30032,UK_CSV0000000000002010.csv,UK_CSV0000000000006676.csv,52,58,0.5272727272727272,UK,110
30033,UK_CSV0000000000002010.csv,UK_CSV0000000000006676__5.csv,19,74,0.7956989247311828,UK,93
30034,UK_CSV0000000000002010.csv,UK_CSV0000000000006676__1.csv,19,74,0.7956989247311828,UK,93
30035,UK_CSV0000000000002010.csv,UK_CSV0000000000006676__4.csv,19,74,0.7956989247311828,UK,93
30052,UK_CSV0000000000002010__10.csv,UK_CSV0000000000002010.csv,37,45,0.5487804878048781,UK,82
30054,UK_CSV0000000000002010__10.csv,UK_CSV0000000000006676.csv,26,67,0.7204301075268817,UK,93
30059,UK_CSV0000000000002010__11.csv,UK_CSV0000000000007396.csv,24,49,0.6712328767123288,UK,73
30061,UK_CSV0000000000002010__11.csv,UK_CSV0000000000002010.csv,37,45,0.5487804878048781,UK,82
30062,UK_CSV0000000000002010__11.csv,UK_CSV0000000000006676.csv,26,67,0.7204301075268817,UK,93
30234,UK_CSV0000000000002010__24.csv,UK_CSV0000000000007396.csv,13,49,0.7903225806451613,UK,62
30257,UK_CSV0000000000002010__25.csv,UK_CSV0000000000007396.csv,13,49,0.7903225806451613,UK,62
30263,UK_CSV0000000000002010__26.csv,UK_CSV0000000000007396.csv,13,49,0.7903225806451613,UK,62
30275,UK_CSV0000000000002010__27.csv,UK_CSV0000000000007396.csv,13,49,0.7903225806451613,UK,62
30287,UK_CSV0000000000002010__28.csv,UK_CSV0000000000007396.csv,13,49,0.7903225806451613,UK,62
30297,UK_CSV0000000000002010__29.csv,UK_CSV0000000000007396.csv,13,49,0.7903225806451613,UK,62
30321,UK_CSV0000000000002010__32.csv,UK_CSV0000000000002010__6.csv,12,37,0.7551020408163265,UK,49
30325,UK_CSV0000000000002010__33.csv,UK_CSV0000000000007396.csv,15,52,0.7761194029850746,UK,67
30333,UK_CSV0000000000002010__33.csv,UK_CSV0000000000002010__7.csv,12,37,0.7551020408163265,UK,49
30335,UK_CSV0000000000002010__34.csv,UK_CSV0000000000007396.csv,15,52,0.7761194029850746,UK,67
30343,UK_CSV0000000000002010__34.csv,UK_CSV0000000000002010__11.csv,12,37,0.7551020408163265,UK,49
30347,UK_CSV0000000000002010__35.csv,UK_CSV0000000000007396.csv,15,52,0.7761194029850746,UK,67
30355,UK_CSV0000000000002010__35.csv,UK_CSV0000000000002010__7.csv,12,37,0.7551020408163265,UK,49
30356,UK_CSV0000000000002010__35.csv,UK_CSV0000000000002010__11.csv,12,37,0.7551020408163265,UK,49
30384,UK_CSV0000000000002010__6.csv,UK_CSV0000000000002010.csv,37,45,0.5487804878048781,UK,82
30386,UK_CSV0000000000002010__7.csv,UK_CSV0000000000007396.csv,25,47,0.6527777777777778,UK,72
30388,UK_CSV0000000000002010__7.csv,UK_CSV0000000000006676.csv,27,65,0.7065217391304348,UK,92
30404,UK_CSV0000000000002010__8.csv,UK_CSV0000000000006676.csv,27,65,0.7065217391304348,UK,92
30412,UK_CSV0000000000002010__9.csv,UK_CSV0000000000006676.csv,27,65,0.7065217391304348,UK,92
30468,UK_CSV0000000000002064__9.csv,UK_CSV0000000000002064.csv,11,20,0.6451612903225806,UK,31
30477,UK_CSV0000000000002183.csv,UK_CSV0000000000002183__18.csv,28,51,0.6455696202531646,UK,79
30478,UK_CSV0000000000002183.csv,UK_CSV0000000000002183__19.csv,28,51,0.6455696202531646,UK,79
30513,UK_CSV0000000000002183__15.csv,UK_CSV0000000000002183__19.csv,28,4,0.125,UK,32
30514,UK_CSV0000000000002183__15.csv,UK_CSV0000000000002183__18.csv,28,4,0.125,UK,32
30520,UK_CSV0000000000002183__15.csv,UK_CSV0000000000002183__8.csv,14,31,0.6888888888888889,UK,45
30521,UK_CSV0000000000002183__15.csv,UK_CSV0000000000002183__6.csv,14,31,0.6888888888888889,UK,45
30523,UK_CSV0000000000002183__17.csv,UK_CSV0000000000002183__19.csv,28,4,0.125,UK,32
30524,UK_CSV0000000000002183__17.csv,UK_CSV0000000000002183__18.csv,28,4,0.125,UK,32
30530,UK_CSV0000000000002183__17.csv,UK_CSV0000000000002183__9.csv,14,31,0.6888888888888889,UK,45
30531,UK_CSV0000000000002183__18.csv,UK_CSV0000000000002183__19.csv,26,8,0.2352941176470588,UK,34
30534,UK_CSV0000000000002183__18.csv,UK_CSV0000000000002183__15.csv,28,4,0.125,UK,32
30535,UK_CSV0000000000002183__18.csv,UK_CSV0000000000002183__16.csv,28,4,0.125,UK,32
30536,UK_CSV0000000000002183__18.csv,UK_CSV0000000000002183.csv,28,51,0.6455696202531646,UK,79
30537,UK_CSV0000000000002183__18.csv,UK_CSV0000000000002183__17.csv,28,4,0.125,UK,32
30541,UK_CSV0000000000002183__18.csv,UK_CSV0000000000002183__7.csv,13,33,0.717391304347826,UK,46
30542,UK_CSV0000000000002183__19.csv,UK_CSV0000000000002183__18.csv,26,8,0.2352941176470588,UK,34
30543,UK_CSV0000000000002183__19.csv,UK_CSV0000000000002183__15.csv,28,4,0.125,UK,32
30544,UK_CSV0000000000002183__19.csv,UK_CSV0000000000002183__16.csv,28,4,0.125,UK,32
30545,UK_CSV0000000000002183__19.csv,UK_CSV0000000000002183__17.csv,28,4,0.125,UK,32
30546,UK_CSV0000000000002183__19.csv,UK_CSV0000000000002183__7.csv,13,33,0.717391304347826,UK,46
30549,UK_CSV0000000000002183__19.csv,UK_CSV0000000000002183.csv,28,51,0.6455696202531646,UK,79
30589,UK_CSV0000000000002183__3.csv,UK_CSV0000000000002183.csv,33,45,0.5769230769230769,UK,78
30594,UK_CSV0000000000002183__5.csv,UK_CSV0000000000002183__0.csv,11,41,0.7884615384615384,UK,52
30596,UK_CSV0000000000002183__5.csv,UK_CSV0000000000002183__4.csv,11,41,0.7884615384615384,UK,52
30597,UK_CSV0000000000002183__5.csv,UK_CSV0000000000002183__1.csv,11,41,0.7884615384615384,UK,52
30598,UK_CSV0000000000002183__5.csv,UK_CSV0000000000002183__2.csv,11,41,0.7884615384615384,UK,52
30599,UK_CSV0000000000002183__6.csv,UK_CSV0000000000002183__0.csv,11,41,0.7884615384615384,UK,52
30601,UK_CSV0000000000002183__6.csv,UK_CSV0000000000002183__4.csv,11,41,0.7884615384615384,UK,52
30602,UK_CSV0000000000002183__6.csv,UK_CSV0000000000002183__1.csv,11,41,0.7884615384615384,UK,52
30603,UK_CSV0000000000002183__6.csv,UK_CSV0000000000002183__2.csv,11,41,0.7884615384615384,UK,52
30604,UK_CSV0000000000002183__7.csv,UK_CSV0000000000002183__0.csv,11,41,0.7884615384615384,UK,52
30606,UK_CSV0000000000002183__7.csv,UK_CSV0000000000002183__4.csv,11,41,0.7884615384615384,UK,52
30607,UK_CSV0000000000002183__7.csv,UK_CSV0000000000002183__1.csv,11,41,0.7884615384615384,UK,52
30608,UK_CSV0000000000002183__7.csv,UK_CSV0000000000002183__2.csv,11,41,0.7884615384615384,UK,52
30609,UK_CSV0000000000002183__7.csv,UK_CSV0000000000002183__19.csv,13,33,0.717391304347826,UK,46
30610,UK_CSV0000000000002183__7.csv,UK_CSV0000000000002183__18.csv,13,33,0.717391304347826,UK,46
30696,UK_CSV0000000000003467__13.csv,UK_CSV0000000000003467__20.csv,11,34,0.7555555555555555,UK,45
30697,UK_CSV0000000000003467__13.csv,UK_CSV0000000000003467__21.csv,11,34,0.7555555555555555,UK,45
30699,UK_CSV0000000000003467__13.csv,UK_CSV0000000000003467__23.csv,11,34,0.7555555555555555,UK,45
30700,UK_CSV0000000000003467__13.csv,UK_CSV0000000000003467__24.csv,11,34,0.7555555555555555,UK,45
30701,UK_CSV0000000000003467__13.csv,UK_CSV0000000000003467__22.csv,11,34,0.7555555555555555,UK,45
30702,UK_CSV0000000000003467__14.csv,UK_CSV0000000000003467__20.csv,10,36,0.782608695652174,UK,46
30704,UK_CSV0000000000003467__14.csv,UK_CSV0000000000003467__21.csv,10,36,0.782608695652174,UK,46
30705,UK_CSV0000000000003467__14.csv,UK_CSV0000000000003467__23.csv,10,36,0.782608695652174,UK,46
30706,UK_CSV0000000000003467__14.csv,UK_CSV0000000000003467__24.csv,10,36,0.782608695652174,UK,46
30707,UK_CSV0000000000003467__14.csv,UK_CSV0000000000003467__22.csv,10,36,0.782608695652174,UK,46
30711,UK_CSV0000000000003467__14.csv,UK_CSV0000000000003467.csv,30,36,0.5454545454545454,UK,66
30743,UK_CSV0000000000003467__20.csv,UK_CSV0000000000003467__12.csv,11,34,0.7555555555555555,UK,45
30744,UK_CSV0000000000003467__20.csv,UK_CSV0000000000003467__14.csv,10,36,0.782608695652174,UK,46
30745,UK_CSV0000000000003467__20.csv,UK_CSV0000000000003467__13.csv,11,34,0.7555555555555555,UK,45
30746,UK_CSV0000000000003467__20.csv,UK_CSV0000000000003467__11.csv,11,34,0.7555555555555555,UK,45
30747,UK_CSV0000000000003467__20.csv,UK_CSV0000000000003467__10.csv,11,34,0.7555555555555555,UK,45
30748,UK_CSV0000000000003467__21.csv,UK_CSV0000000000003467__12.csv,11,34,0.7555555555555555,UK,45
30749,UK_CSV0000000000003467__21.csv,UK_CSV0000000000003467__14.csv,10,36,0.782608695652174,UK,46
30750,UK_CSV0000000000003467__21.csv,UK_CSV0000000000003467__13.csv,11,34,0.7555555555555555,UK,45
30751,UK_CSV0000000000003467__21.csv,UK_CSV0000000000003467__11.csv,11,34,0.7555555555555555,UK,45
30752,UK_CSV0000000000003467__21.csv,UK_CSV0000000000003467__10.csv,11,34,0.7555555555555555,UK,45
30754,UK_CSV0000000000003467__22.csv,UK_CSV0000000000003467__12.csv,11,34,0.7555555555555555,UK,45
30755,UK_CSV0000000000003467__22.csv,UK_CSV0000000000003467__14.csv,10,36,0.782608695652174,UK,46
30756,UK_CSV0000000000003467__22.csv,UK_CSV0000000000003467__13.csv,11,34,0.7555555555555555,UK,45
30757,UK_CSV0000000000003467__22.csv,UK_CSV0000000000003467__11.csv,11,34,0.7555555555555555,UK,45
30758,UK_CSV0000000000003467__22.csv,UK_CSV0000000000003467__10.csv,11,34,0.7555555555555555,UK,45
30761,UK_CSV0000000000003467__23.csv,UK_CSV0000000000003467__12.csv,11,34,0.7555555555555555,UK,45
30762,UK_CSV0000000000003467__23.csv,UK_CSV0000000000003467__14.csv,10,36,0.782608695652174,UK,46
30763,UK_CSV0000000000003467__23.csv,UK_CSV0000000000003467__13.csv,11,34,0.7555555555555555,UK,45
30764,UK_CSV0000000000003467__23.csv,UK_CSV0000000000003467__11.csv,11,34,0.7555555555555555,UK,45
30765,UK_CSV0000000000003467__23.csv,UK_CSV0000000000003467__10.csv,11,34,0.7555555555555555,UK,45
30766,UK_CSV0000000000003467__24.csv,UK_CSV0000000000003467__12.csv,11,34,0.7555555555555555,UK,45
30767,UK_CSV0000000000003467__24.csv,UK_CSV0000000000003467__14.csv,10,36,0.782608695652174,UK,46
30768,UK_CSV0000000000003467__24.csv,UK_CSV0000000000003467__13.csv,11,34,0.7555555555555555,UK,45
30769,UK_CSV0000000000003467__24.csv,UK_CSV0000000000003467__11.csv,11,34,0.7555555555555555,UK,45
30770,UK_CSV0000000000003467__24.csv,UK_CSV0000000000003467__10.csv,11,34,0.7555555555555555,UK,45
30883,UK_CSV0000000000003896.csv,UK_CSV0000000000002010.csv,29,102,0.7786259541984732,UK,131
30889,UK_CSV0000000000003896__0.csv,UK_CSV0000000000003896__9.csv,12,42,0.7777777777777778,UK,54
30890,UK_CSV0000000000003896__0.csv,UK_CSV0000000000003896__5.csv,12,42,0.7777777777777778,UK,54
30892,UK_CSV0000000000003896__0.csv,UK_CSV0000000000003896__16.csv,15,37,0.7115384615384616,UK,52
30894,UK_CSV0000000000003896__1.csv,UK_CSV0000000000003896__16.csv,15,37,0.7115384615384616,UK,52
30896,UK_CSV0000000000003896__1.csv,UK_CSV0000000000003896__17.csv,15,37,0.7115384615384616,UK,52
30897,UK_CSV0000000000003896__1.csv,UK_CSV0000000000003896__19.csv,15,37,0.7115384615384616,UK,52
30904,UK_CSV0000000000003896__10.csv,UK_CSV0000000000003896__7.csv,10,36,0.782608695652174,UK,46
30905,UK_CSV0000000000003896__10.csv,UK_CSV0000000000003896__8.csv,10,36,0.782608695652174,UK,46
30906,UK_CSV0000000000003896__10.csv,UK_CSV0000000000003896__5.csv,10,36,0.782608695652174,UK,46
30908,UK_CSV0000000000003896__10.csv,UK_CSV0000000000003896__6.csv,10,36,0.782608695652174,UK,46
30931,UK_CSV0000000000003896__11.csv,UK_CSV0000000000003896.csv,19,61,0.7625,UK,80
30948,UK_CSV0000000000003896__12.csv,UK_CSV0000000000003896__7.csv,10,36,0.782608695652174,UK,46
30950,UK_CSV0000000000003896__12.csv,UK_CSV0000000000003896__8.csv,10,36,0.782608695652174,UK,46
30951,UK_CSV0000000000003896__12.csv,UK_CSV0000000000003896__5.csv,10,36,0.782608695652174,UK,46
30953,UK_CSV0000000000003896__12.csv,UK_CSV0000000000003896__6.csv,10,36,0.782608695652174,UK,46
30970,UK_CSV0000000000003896__13.csv,UK_CSV0000000000003896__7.csv,10,36,0.782608695652174,UK,46
30972,UK_CSV0000000000003896__13.csv,UK_CSV0000000000003896__5.csv,10,36,0.782608695652174,UK,46
30985,UK_CSV0000000000003896__14.csv,UK_CSV0000000000003896__7.csv,10,36,0.782608695652174,UK,46
30986,UK_CSV0000000000003896__14.csv,UK_CSV0000000000003896__8.csv,10,36,0.782608695652174,UK,46
30987,UK_CSV0000000000003896__14.csv,UK_CSV0000000000003896__5.csv,10,36,0.782608695652174,UK,46
30989,UK_CSV0000000000003896__14.csv,UK_CSV0000000000003896__6.csv,10,36,0.782608695652174,UK,46
31004,UK_CSV0000000000003896__15.csv,UK_CSV0000000000003896__7.csv,18,37,0.6727272727272727,UK,55
31005,UK_CSV0000000000003896__15.csv,UK_CSV0000000000003896__8.csv,18,37,0.6727272727272727,UK,55
31006,UK_CSV0000000000003896__15.csv,UK_CSV0000000000003896__9.csv,18,37,0.6727272727272727,UK,55
31009,UK_CSV0000000000003896__15.csv,UK_CSV0000000000003896__5.csv,18,37,0.6727272727272727,UK,55
31011,UK_CSV0000000000003896__15.csv,UK_CSV0000000000003896__6.csv,18,37,0.6727272727272727,UK,55
31015,UK_CSV0000000000003896__16.csv,UK_CSV0000000000003896__9.csv,18,37,0.6727272727272727,UK,55
31016,UK_CSV0000000000003896__16.csv,UK_CSV0000000000003896__7.csv,18,37,0.6727272727272727,UK,55
31018,UK_CSV0000000000003896__16.csv,UK_CSV0000000000003896__5.csv,18,37,0.6727272727272727,UK,55
31020,UK_CSV0000000000003896__17.csv,UK_CSV0000000000003896__7.csv,18,37,0.6727272727272727,UK,55
31021,UK_CSV0000000000003896__17.csv,UK_CSV0000000000003896__8.csv,18,37,0.6727272727272727,UK,55
31022,UK_CSV0000000000003896__17.csv,UK_CSV0000000000003896__9.csv,18,37,0.6727272727272727,UK,55
31025,UK_CSV0000000000003896__17.csv,UK_CSV0000000000003896__5.csv,18,37,0.6727272727272727,UK,55
31027,UK_CSV0000000000003896__17.csv,UK_CSV0000000000003896__6.csv,18,37,0.6727272727272727,UK,55
31032,UK_CSV0000000000003896__18.csv,UK_CSV0000000000003896__7.csv,18,37,0.6727272727272727,UK,55
31035,UK_CSV0000000000003896__18.csv,UK_CSV0000000000003896__8.csv,18,37,0.6727272727272727,UK,55
31036,UK_CSV0000000000003896__18.csv,UK_CSV0000000000003896__9.csv,18,37,0.6727272727272727,UK,55
31038,UK_CSV0000000000003896__18.csv,UK_CSV0000000000003896__5.csv,18,37,0.6727272727272727,UK,55
31041,UK_CSV0000000000003896__18.csv,UK_CSV0000000000003896__6.csv,18,37,0.6727272727272727,UK,55
31042,UK_CSV0000000000003896__18.csv,UK_CSV0000000000003896.csv,36,44,0.55,UK,80
31048,UK_CSV0000000000003896__19.csv,UK_CSV0000000000003896__9.csv,18,37,0.6727272727272727,UK,55
31049,UK_CSV0000000000003896__19.csv,UK_CSV0000000000003896__8.csv,18,37,0.6727272727272727,UK,55
31050,UK_CSV0000000000003896__19.csv,UK_CSV0000000000003896__7.csv,18,37,0.6727272727272727,UK,55
31052,UK_CSV0000000000003896__19.csv,UK_CSV0000000000003896__5.csv,18,37,0.6727272727272727,UK,55
31054,UK_CSV0000000000003896__19.csv,UK_CSV0000000000003896__6.csv,18,37,0.6727272727272727,UK,55
31060,UK_CSV0000000000003896__2.csv,UK_CSV0000000000003896__16.csv,15,37,0.7115384615384616,UK,52
31061,UK_CSV0000000000003896__2.csv,UK_CSV0000000000003896__15.csv,15,37,0.7115384615384616,UK,52
31063,UK_CSV0000000000003896__2.csv,UK_CSV0000000000003896__17.csv,15,37,0.7115384615384616,UK,52
31064,UK_CSV0000000000003896__2.csv,UK_CSV0000000000003896__19.csv,15,37,0.7115384615384616,UK,52
31065,UK_CSV0000000000003896__2.csv,UK_CSV0000000000003896__18.csv,15,37,0.7115384615384616,UK,52
31122,UK_CSV0000000000003896__3.csv,UK_CSV0000000000003896__7.csv,12,42,0.7777777777777778,UK,54
31128,UK_CSV0000000000003896__4.csv,UK_CSV0000000000003896__9.csv,12,42,0.7777777777777778,UK,54
31129,UK_CSV0000000000003896__4.csv,UK_CSV0000000000003896__5.csv,12,42,0.7777777777777778,UK,54
31130,UK_CSV0000000000003896__4.csv,UK_CSV0000000000003896__7.csv,12,42,0.7777777777777778,UK,54
31131,UK_CSV0000000000003896__4.csv,UK_CSV0000000000003896__19.csv,15,37,0.7115384615384616,UK,52
31132,UK_CSV0000000000003896__4.csv,UK_CSV0000000000003896__16.csv,15,37,0.7115384615384616,UK,52
31134,UK_CSV0000000000003896__4.csv,UK_CSV0000000000003896__17.csv,15,37,0.7115384615384616,UK,52
31136,UK_CSV0000000000003896__5.csv,UK_CSV0000000000003896__16.csv,18,37,0.6727272727272727,UK,55
31138,UK_CSV0000000000003896__5.csv,UK_CSV0000000000003896__15.csv,18,37,0.6727272727272727,UK,55
31140,UK_CSV0000000000003896__5.csv,UK_CSV0000000000003896__17.csv,18,37,0.6727272727272727,UK,55
31141,UK_CSV0000000000003896__5.csv,UK_CSV0000000000003896__19.csv,18,37,0.6727272727272727,UK,55
31142,UK_CSV0000000000003896__5.csv,UK_CSV0000000000003896__18.csv,18,37,0.6727272727272727,UK,55
31146,UK_CSV0000000000003896__6.csv,UK_CSV0000000000003896__15.csv,18,37,0.6727272727272727,UK,55
31147,UK_CSV0000000000003896__6.csv,UK_CSV0000000000003896__16.csv,18,37,0.6727272727272727,UK,55
31149,UK_CSV0000000000003896__6.csv,UK_CSV0000000000003896__17.csv,18,37,0.6727272727272727,UK,55
31150,UK_CSV0000000000003896__6.csv,UK_CSV0000000000003896__19.csv,18,37,0.6727272727272727,UK,55
31151,UK_CSV0000000000003896__6.csv,UK_CSV0000000000003896__18.csv,18,37,0.6727272727272727,UK,55
31155,UK_CSV0000000000003896__7.csv,UK_CSV0000000000003896__16.csv,18,37,0.6727272727272727,UK,55
31157,UK_CSV0000000000003896__7.csv,UK_CSV0000000000003896__17.csv,18,37,0.6727272727272727,UK,55
31159,UK_CSV0000000000003896__8.csv,UK_CSV0000000000003896__16.csv,18,37,0.6727272727272727,UK,55
31161,UK_CSV0000000000003896__8.csv,UK_CSV0000000000003896__17.csv,18,37,0.6727272727272727,UK,55
31162,UK_CSV0000000000003896__8.csv,UK_CSV0000000000003896__19.csv,18,37,0.6727272727272727,UK,55
31165,UK_CSV0000000000003896__9.csv,UK_CSV0000000000003896__15.csv,18,37,0.6727272727272727,UK,55
31166,UK_CSV0000000000003896__9.csv,UK_CSV0000000000003896__16.csv,18,37,0.6727272727272727,UK,55
31170,UK_CSV0000000000003896__9.csv,UK_CSV0000000000003896__17.csv,18,37,0.6727272727272727,UK,55
31171,UK_CSV0000000000003896__9.csv,UK_CSV0000000000003896__19.csv,18,37,0.6727272727272727,UK,55
31172,UK_CSV0000000000003896__9.csv,UK_CSV0000000000003896__18.csv,18,37,0.6727272727272727,UK,55
31174,UK_CSV0000000000003896__9.csv,UK_CSV0000000000003896.csv,35,45,0.5625,UK,80
31245,UK_CSV0000000000004838__4.csv,UK_CSV0000000000007304.csv,11,30,0.7317073170731707,UK,41
31251,UK_CSV0000000000004838__4.csv,UK_CSV0000000000007227.csv,11,35,0.7608695652173914,UK,46
31252,UK_CSV0000000000004838__4.csv,UK_CSV0000000000009738.csv,11,28,0.717948717948718,UK,39
31255,UK_CSV0000000000004838__5.csv,UK_CSV0000000000007304.csv,11,30,0.7317073170731707,UK,41
31259,UK_CSV0000000000004838__5.csv,UK_CSV0000000000007227.csv,11,35,0.7608695652173914,UK,46
31260,UK_CSV0000000000004838__5.csv,UK_CSV0000000000009738.csv,11,28,0.717948717948718,UK,39
31262,UK_CSV0000000000004838__6.csv,UK_CSV0000000000007304.csv,11,30,0.7317073170731707,UK,41
31268,UK_CSV0000000000004838__6.csv,UK_CSV0000000000007227.csv,11,35,0.7608695652173914,UK,46
31269,UK_CSV0000000000004838__6.csv,UK_CSV0000000000009738.csv,11,28,0.717948717948718,UK,39
31271,UK_CSV0000000000004838__7.csv,UK_CSV0000000000007304.csv,11,30,0.7317073170731707,UK,41
31275,UK_CSV0000000000004838__7.csv,UK_CSV0000000000007227.csv,11,35,0.7608695652173914,UK,46
31276,UK_CSV0000000000004838__7.csv,UK_CSV0000000000009738.csv,11,28,0.717948717948718,UK,39
31296,UK_CSV0000000000005605__0.csv,UK_CSV0000000000005605__13.csv,8,24,0.75,UK,32
31297,UK_CSV0000000000005605__0.csv,UK_CSV0000000000005605__11.csv,8,24,0.75,UK,32
31298,UK_CSV0000000000005605__0.csv,UK_CSV0000000000005605__14.csv,8,24,0.75,UK,32
31299,UK_CSV0000000000005605__0.csv,UK_CSV0000000000005605__12.csv,8,24,0.75,UK,32
31300,UK_CSV0000000000005605__0.csv,UK_CSV0000000000005605__10.csv,8,24,0.75,UK,32
31303,UK_CSV0000000000005605__1.csv,UK_CSV0000000000005605__13.csv,8,24,0.75,UK,32
31305,UK_CSV0000000000005605__1.csv,UK_CSV0000000000005605__11.csv,8,24,0.75,UK,32
31306,UK_CSV0000000000005605__1.csv,UK_CSV0000000000005605__14.csv,8,24,0.75,UK,32
31308,UK_CSV0000000000005605__1.csv,UK_CSV0000000000005605__12.csv,8,24,0.75,UK,32
31309,UK_CSV0000000000005605__1.csv,UK_CSV0000000000005605__10.csv,8,24,0.75,UK,32
31313,UK_CSV0000000000005605__10.csv,UK_CSV0000000000005605__24.csv,12,34,0.7391304347826086,UK,46
31314,UK_CSV0000000000005605__10.csv,UK_CSV0000000000005605__21.csv,12,34,0.7391304347826086,UK,46
31315,UK_CSV0000000000005605__10.csv,UK_CSV0000000000005605__22.csv,12,34,0.7391304347826086,UK,46
31316,UK_CSV0000000000005605__10.csv,UK_CSV0000000000005605__23.csv,12,34,0.7391304347826086,UK,46
31317,UK_CSV0000000000005605__10.csv,UK_CSV0000000000005605__20.csv,12,34,0.7391304347826086,UK,46
31321,UK_CSV0000000000005605__10.csv,UK_CSV0000000000005605__2.csv,8,24,0.75,UK,32
31322,UK_CSV0000000000005605__10.csv,UK_CSV0000000000005605__4.csv,8,24,0.75,UK,32
31323,UK_CSV0000000000005605__11.csv,UK_CSV0000000000005605__24.csv,12,34,0.7391304347826086,UK,46
31324,UK_CSV0000000000005605__11.csv,UK_CSV0000000000005605__21.csv,12,34,0.7391304347826086,UK,46
31325,UK_CSV0000000000005605__11.csv,UK_CSV0000000000005605__22.csv,12,34,0.7391304347826086,UK,46
31326,UK_CSV0000000000005605__11.csv,UK_CSV0000000000005605__23.csv,12,34,0.7391304347826086,UK,46
31327,UK_CSV0000000000005605__11.csv,UK_CSV0000000000005605__20.csv,12,34,0.7391304347826086,UK,46
31329,UK_CSV0000000000005605__11.csv,UK_CSV0000000000005605__3.csv,8,24,0.75,UK,32
31330,UK_CSV0000000000005605__11.csv,UK_CSV0000000000005605__2.csv,8,24,0.75,UK,32
31333,UK_CSV0000000000005605__11.csv,UK_CSV0000000000005605__0.csv,8,24,0.75,UK,32
31334,UK_CSV0000000000005605__11.csv,UK_CSV0000000000005605__1.csv,8,24,0.75,UK,32
31335,UK_CSV0000000000005605__12.csv,UK_CSV0000000000005605__24.csv,12,34,0.7391304347826086,UK,46
31336,UK_CSV0000000000005605__12.csv,UK_CSV0000000000005605__21.csv,12,34,0.7391304347826086,UK,46
31337,UK_CSV0000000000005605__12.csv,UK_CSV0000000000005605__22.csv,12,34,0.7391304347826086,UK,46
31338,UK_CSV0000000000005605__12.csv,UK_CSV0000000000005605__23.csv,12,34,0.7391304347826086,UK,46
31339,UK_CSV0000000000005605__12.csv,UK_CSV0000000000005605__20.csv,12,34,0.7391304347826086,UK,46
31340,UK_CSV0000000000005605__12.csv,UK_CSV0000000000005605__1.csv,8,24,0.75,UK,32
31343,UK_CSV0000000000005605__12.csv,UK_CSV0000000000005605__0.csv,8,24,0.75,UK,32
31345,UK_CSV0000000000005605__12.csv,UK_CSV0000000000005605__3.csv,8,24,0.75,UK,32
31346,UK_CSV0000000000005605__12.csv,UK_CSV0000000000005605__2.csv,8,24,0.75,UK,32
31349,UK_CSV0000000000005605__13.csv,UK_CSV0000000000005605__24.csv,12,34,0.7391304347826086,UK,46
31350,UK_CSV0000000000005605__13.csv,UK_CSV0000000000005605__21.csv,12,34,0.7391304347826086,UK,46
31351,UK_CSV0000000000005605__13.csv,UK_CSV0000000000005605__22.csv,12,34,0.7391304347826086,UK,46
31352,UK_CSV0000000000005605__13.csv,UK_CSV0000000000005605__23.csv,12,34,0.7391304347826086,UK,46
31353,UK_CSV0000000000005605__13.csv,UK_CSV0000000000005605__20.csv,12,34,0.7391304347826086,UK,46
31354,UK_CSV0000000000005605__13.csv,UK_CSV0000000000005605__0.csv,8,24,0.75,UK,32
31356,UK_CSV0000000000005605__13.csv,UK_CSV0000000000005605__3.csv,8,24,0.75,UK,32
31357,UK_CSV0000000000005605__13.csv,UK_CSV0000000000005605__2.csv,8,24,0.75,UK,32
31358,UK_CSV0000000000005605__13.csv,UK_CSV0000000000005605__1.csv,8,24,0.75,UK,32
31359,UK_CSV0000000000005605__13.csv,UK_CSV0000000000005605__4.csv,8,24,0.75,UK,32
31362,UK_CSV0000000000005605__14.csv,UK_CSV0000000000005605__24.csv,12,34,0.7391304347826086,UK,46
31363,UK_CSV0000000000005605__14.csv,UK_CSV0000000000005605__21.csv,12,34,0.7391304347826086,UK,46
31364,UK_CSV0000000000005605__14.csv,UK_CSV0000000000005605__22.csv,12,34,0.7391304347826086,UK,46
31365,UK_CSV0000000000005605__14.csv,UK_CSV0000000000005605__23.csv,12,34,0.7391304347826086,UK,46
31366,UK_CSV0000000000005605__14.csv,UK_CSV0000000000005605__20.csv,12,34,0.7391304347826086,UK,46
31368,UK_CSV0000000000005605__14.csv,UK_CSV0000000000005605__1.csv,8,24,0.75,UK,32
31370,UK_CSV0000000000005605__14.csv,UK_CSV0000000000005605__3.csv,8,24,0.75,UK,32
31394,UK_CSV0000000000005605__2.csv,UK_CSV0000000000005605__13.csv,8,24,0.75,UK,32
31396,UK_CSV0000000000005605__2.csv,UK_CSV0000000000005605__11.csv,8,24,0.75,UK,32
31397,UK_CSV0000000000005605__2.csv,UK_CSV0000000000005605__14.csv,8,24,0.75,UK,32
31399,UK_CSV0000000000005605__2.csv,UK_CSV0000000000005605__12.csv,8,24,0.75,UK,32
31400,UK_CSV0000000000005605__2.csv,UK_CSV0000000000005605__10.csv,8,24,0.75,UK,32
31404,UK_CSV0000000000005605__20.csv,UK_CSV0000000000005605__13.csv,12,34,0.7391304347826086,UK,46
31405,UK_CSV0000000000005605__20.csv,UK_CSV0000000000005605__11.csv,12,34,0.7391304347826086,UK,46
31406,UK_CSV0000000000005605__20.csv,UK_CSV0000000000005605__14.csv,12,34,0.7391304347826086,UK,46
31407,UK_CSV0000000000005605__20.csv,UK_CSV0000000000005605__12.csv,12,34,0.7391304347826086,UK,46
31408,UK_CSV0000000000005605__20.csv,UK_CSV0000000000005605__10.csv,12,34,0.7391304347826086,UK,46
31409,UK_CSV0000000000005605__21.csv,UK_CSV0000000000005605__13.csv,12,34,0.7391304347826086,UK,46
31410,UK_CSV0000000000005605__21.csv,UK_CSV0000000000005605__11.csv,12,34,0.7391304347826086,UK,46
31411,UK_CSV0000000000005605__21.csv,UK_CSV0000000000005605__14.csv,12,34,0.7391304347826086,UK,46
31412,UK_CSV0000000000005605__21.csv,UK_CSV0000000000005605__12.csv,12,34,0.7391304347826086,UK,46
31413,UK_CSV0000000000005605__21.csv,UK_CSV0000000000005605__10.csv,12,34,0.7391304347826086,UK,46
31414,UK_CSV0000000000005605__22.csv,UK_CSV0000000000005605__13.csv,12,34,0.7391304347826086,UK,46
31415,UK_CSV0000000000005605__22.csv,UK_CSV0000000000005605__11.csv,12,34,0.7391304347826086,UK,46
31416,UK_CSV0000000000005605__22.csv,UK_CSV0000000000005605__14.csv,12,34,0.7391304347826086,UK,46
31417,UK_CSV0000000000005605__22.csv,UK_CSV0000000000005605__12.csv,12,34,0.7391304347826086,UK,46
31418,UK_CSV0000000000005605__22.csv,UK_CSV0000000000005605__10.csv,12,34,0.7391304347826086,UK,46
31419,UK_CSV0000000000005605__23.csv,UK_CSV0000000000005605__13.csv,12,34,0.7391304347826086,UK,46
31420,UK_CSV0000000000005605__23.csv,UK_CSV0000000000005605__11.csv,12,34,0.7391304347826086,UK,46
31421,UK_CSV0000000000005605__23.csv,UK_CSV0000000000005605__14.csv,12,34,0.7391304347826086,UK,46
31422,UK_CSV0000000000005605__23.csv,UK_CSV0000000000005605__12.csv,12,34,0.7391304347826086,UK,46
31423,UK_CSV0000000000005605__23.csv,UK_CSV0000000000005605__10.csv,12,34,0.7391304347826086,UK,46
31424,UK_CSV0000000000005605__24.csv,UK_CSV0000000000005605__13.csv,12,34,0.7391304347826086,UK,46
31425,UK_CSV0000000000005605__24.csv,UK_CSV0000000000005605__11.csv,12,34,0.7391304347826086,UK,46
31426,UK_CSV0000000000005605__24.csv,UK_CSV0000000000005605__14.csv,12,34,0.7391304347826086,UK,46
31427,UK_CSV0000000000005605__24.csv,UK_CSV0000000000005605__12.csv,12,34,0.7391304347826086,UK,46
31428,UK_CSV0000000000005605__24.csv,UK_CSV0000000000005605__10.csv,12,34,0.7391304347826086,UK,46
31429,UK_CSV0000000000005605__3.csv,UK_CSV0000000000005605__13.csv,8,24,0.75,UK,32
31431,UK_CSV0000000000005605__3.csv,UK_CSV0000000000005605__11.csv,8,24,0.75,UK,32
31432,UK_CSV0000000000005605__3.csv,UK_CSV0000000000005605__14.csv,8,24,0.75,UK,32
31434,UK_CSV0000000000005605__3.csv,UK_CSV0000000000005605__12.csv,8,24,0.75,UK,32
31435,UK_CSV0000000000005605__3.csv,UK_CSV0000000000005605__10.csv,8,24,0.75,UK,32
31439,UK_CSV0000000000005605__4.csv,UK_CSV0000000000005605__13.csv,8,24,0.75,UK,32
31441,UK_CSV0000000000005605__4.csv,UK_CSV0000000000005605__11.csv,8,24,0.75,UK,32
31442,UK_CSV0000000000005605__4.csv,UK_CSV0000000000005605__14.csv,8,24,0.75,UK,32
31444,UK_CSV0000000000005605__4.csv,UK_CSV0000000000005605__12.csv,8,24,0.75,UK,32
31445,UK_CSV0000000000005605__4.csv,UK_CSV0000000000005605__10.csv,8,24,0.75,UK,32
31518,UK_CSV0000000000005621__0.csv,UK_CSV0000000000011359.csv,15,27,0.6428571428571429,UK,42
31521,UK_CSV0000000000005621__0.csv,UK_CSV0000000000005621.csv,15,24,0.6153846153846154,UK,39
31594,UK_CSV0000000000005827__12.csv,UK_CSV0000000000008461.csv,9,22,0.7096774193548387,UK,31
31601,UK_CSV0000000000005827__12.csv,UK_CSV0000000000012002.csv,9,22,0.7096774193548387,UK,31
31602,UK_CSV0000000000005827__13.csv,UK_CSV0000000000008461.csv,9,22,0.7096774193548387,UK,31
31609,UK_CSV0000000000005827__13.csv,UK_CSV0000000000012002.csv,9,22,0.7096774193548387,UK,31
31610,UK_CSV0000000000005827__14.csv,UK_CSV0000000000008461.csv,9,22,0.7096774193548387,UK,31
31617,UK_CSV0000000000005827__14.csv,UK_CSV0000000000012002.csv,9,22,0.7096774193548387,UK,31
31618,UK_CSV0000000000005827__15.csv,UK_CSV0000000000008461.csv,9,22,0.7096774193548387,UK,31
31625,UK_CSV0000000000005827__15.csv,UK_CSV0000000000012002.csv,9,22,0.7096774193548387,UK,31
31674,UK_CSV0000000000005854__11.csv,UK_CSV0000000000005854__18.csv,17,39,0.6964285714285714,UK,56
31675,UK_CSV0000000000005854__11.csv,UK_CSV0000000000005854__19.csv,17,39,0.6964285714285714,UK,56
31676,UK_CSV0000000000005854__11.csv,UK_CSV0000000000005854__22.csv,17,39,0.6964285714285714,UK,56
31677,UK_CSV0000000000005854__11.csv,UK_CSV0000000000005854__21.csv,17,39,0.6964285714285714,UK,56
31678,UK_CSV0000000000005854__11.csv,UK_CSV0000000000005854__20.csv,17,39,0.6964285714285714,UK,56
31679,UK_CSV0000000000005854__11.csv,UK_CSV0000000000005854__23.csv,17,39,0.6964285714285714,UK,56
31816,UK_CSV0000000000006676.csv,UK_CSV0000000000006676__10.csv,30,53,0.6385542168674698,UK,83
31833,UK_CSV0000000000006676__34.csv,UK_CSV0000000000006676__23.csv,11,33,0.75,UK,44
31836,UK_CSV0000000000006676__5.csv,UK_CSV0000000000006676__10.csv,12,39,0.7647058823529411,UK,51
31844,UK_CSV0000000000006676__9.csv,UK_CSV0000000000006676__23.csv,10,37,0.7872340425531915,UK,47
31846,UK_CSV0000000000006676__9.csv,UK_CSV0000000000006676__20.csv,10,37,0.7872340425531915,UK,47
31847,UK_CSV0000000000006676__9.csv,UK_CSV0000000000006676__19.csv,10,37,0.7872340425531915,UK,47
31848,UK_CSV0000000000006676__9.csv,UK_CSV0000000000006676__21.csv,10,37,0.7872340425531915,UK,47
31853,UK_CSV0000000000007396.csv,UK_CSV0000000000002010.csv,58,24,0.2926829268292683,UK,82
31901,UK_CSV0000000000007396__12.csv,UK_CSV0000000000002010.csv,18,64,0.7804878048780488,UK,82
