id,titulo
8cbb528f-2875-4744-bc43-31de0dc0e180,05. Consultas Ambulatoriais
deea8a7c-1342-4215-a147-dd887ab53287,06. Internações Hospitalares
69552778-f1fa-420c-86cb-132ddc450a03,07. Transfusões de Hemocomponentes
a272dbe9-cad7-48e7-9a72-c391aed9c59b,11. Atendimento de Laboratório de Análises Clínicas
27462991-304b-49cd-8f43-04a30a7bf3fb,11. Docentes do estágio obrigatório
0ea78800-f767-4274-8f10-c52c7dcbc383,12. Atas Registro de Preços
c138d94a-6009-48ea-a7e4-1bc117326d48,13. Contratos
7fe124cf-a34b-4394-8556-ecdace6e272d,15. Inexigibilidades de Licitações
37e6cba0-5020-4c05-b4b1-54e56b479bfe,16. Licitações Eletrônicas
3c3f3106-465b-4d30-a4a7-20faecdf5a09,17. Receitas e Despesas
9ce1cc10-22b2-435e-a3b8-25645ef7b12e,18. Bens Permanentes Adquiridos
c19a5454-8a6b-45f0-ae59-aab300ea87cf,19. Execução Orçamentária e Financeira
b1f05367-af2b-4188-9d8b-61d750235fc8,21. Empregados Terceirizados
6734a0d0-c156-4b15-beb6-c38212a18277,22. Empregados CLT - Ebserh
089ac2d1-9712-4fe0-a90c-a1383ac820b2,23. Servidores RJU - UFRN
3aba5e7d-a5d7-40e0-9300-5e7e59780c92,25. Ocupantes de função gratificada ou de cargo comissionado
237b0a67-921b-4712-8137-f70e939d9160,27. Eventos de Capacitação
f344f4a5-7f5e-4349-b910-3e709a7d48e4,28. Processamento de Roupas
f7d84510-d5b9-4a23-bee3-fc6b38d52f3a,29. Resíduos
5acd5ca9-b877-4da3-924f-f7f9dd08a0f9,3. Alunos do estágio obrigatório do HUJM
8ccfe67c-07b6-4bcf-9ef6-265d8dc61098,32. Vagas ofertadas em Programa de Pós-Graduação HUJM
844d2a1e-908e-450a-b771-e7f866bfecd2,ACADÊMICO
d0f1c696-4e41-4213-bafd-20b4f1c2121b,AIH - Dados das Autorizações de Internação Hospitalar
88462f01-5f71-4f9b-ba4f-cc8701e36fb4,ALUNOS BENEFICIADOS DA ASSISTÊNCIA ESTUDANTIL
9384cf9b-d021-41b3-a48e-7a28288dc3a2,ALUNOS COM DEFICIÊNCIA
5e24bd65-0d02-4555-b93d-894957a313b1,ALUNOS DA GRADUACAO
6b486f50-fe5d-4025-9f5b-63cb30cfb2c2,ALUNOS DO ENSINO TÉCNICO
216f6d3f-a7f3-465c-9b7e-722f04e3f1bc,APACHE
22ba8b04-8d79-4bff-a271-357714062ef7,ARRECADAÇÃO SOLIDÁRIA
1162931b-514e-4659-ba3c-c3cf43292fbd,ASSISTÊNCIA ESTUDANTIL NO IFPR
83b5c621-659c-4c2c-9067-6bd04ae44f66,AVALIAÇÃO DE DESEMPENHO
8f86ad0a-f848-4b03-ba7c-08e21b067e56,Abono de ativos e cedidos
f50177a8-a070-479d-9b76-ebd62f81e664,Acervo (Exemplares) - Biblioteca UFU
a909f3a6-631f-4efa-9a46-17d14e85b5b2,Acervo Bibliográfico
1880cd72-77db-4b08-a651-f436736b141b,Acervo Bibliográfico
a31d21a7-457c-4903-90fa-b716b61a2068,Acervo Biblioteca
9c8b872d-bc37-4e8d-ac86-5504105696af,Acervo Museológico
9827ec6f-1ea9-415f-a08b-010cf2ca6e5d,Acervo bibliográfico
70f60b2a-7b79-44e0-9685-ae52cb16610f,Acervo bibliográfico adquirido
06641eab-7f73-46a4-85b7-181ab55dcae0,Acervo da Biblioteca
0950e013-455f-445d-b400-055a7fb03aee,Acervo da Biblioteca
d548a51d-bc72-4573-aca8-c0441e375a2e,Acervo da Coleção Viva
7ed4bdcf-416c-4ac7-b4db-1e867501e813,Acervo das Bibliotecas - UFOB
25cb5062-6c5c-46e5-961b-9afa66966c11,Acervo de Dados Técnicos
165f967f-70ec-4e4c-ba7c-26fe98912643,Acervo de Periódicos - Biblioteca UFU
8f66a6bb-ceb3-45f8-af8d-c5730edaff56,Acervo do Repositório Institucional - Biblioteca UFU
34932bf8-a4f1-4842-aff1-83072a593241,Acervo/Acessos - Biblioteca UFU
41f85685-bbeb-44a8-9587-c966540100ca,Acesso ao Website - Biblioteca UFU
6082de96-21fb-4959-b351-f19ba4f7b6a0,Acessos por velocidade contratada (banda larga fixa)
ef0171a8-f0df-4817-a4ed-b4ff94d87194,Acidentes
b3945d83-c2f8-470a-8693-cc87b43169fc,Acidentes Ferroviários
8a57b663-2302-405a-bf5a-cbece12c13d1,Acidentes por Quilômetro
8f245916-82f8-4055-938b-4cae7a4a41b0,Acompanhamento da Execução Orçamentária 2023
1df75c4d-9353-42a3-96c7-83f9c1c1223f,Acompanhamento da Execução Orçamentária referente ao período de janeiro a março de 2025
1ec559a3-489c-4d88-b113-82a6715fec85,Acompanhamento da execução físico-financeira das obras públicas de ferrovias
c4415424-bdff-4bda-ae7a-1a3eec60f74a,Acompanhamento de Egressos
cc40b0f9-6de3-4908-9f3a-aec574aaeda2,Acordos de Cooperação PRX
da3a696f-aa67-4882-8142-32f4c006b18d,Acordos de Cooperação Técnica
f739f038-be66-4072-a5e2-e2de17baf3b0,Acordos de Cooperação Técnica (ACTs)
93b8400d-d1af-4f4a-8578-060e4e0439ce,Acordos de Cooperações Técnicas Cientifico
3d0986a1-f24c-4f26-b194-6b26d4c7536e,Acordos de Parceria (Pesquisa e Inovação)
046348d7-82a3-48c7-bfa6-6a30559b0710,Acordos de cooperação nacional e internacional
8eb7da5f-20cd-43ce-81c1-2c5b40273f08,Adesão ao Conecta Gov.br - programa de interoperabilidade do Poder Executivo Federal
0a1d3873-5c92-469f-89fe-9f16d5de588c,Adesão – Ata de registro de preços
1103c397-482d-4b92-97a4-5e72763104d7,Administração
38bd7012-6535-4815-ba5c-91ff84fb5e4e,Administração - Contratos da UFMS
9aa74c6f-9fe8-489b-95a2-33c0e8e6a9a8,Administração - Espaços Físicos da UFMS
d7a190a8-822f-4064-ae9d-7d9b97b3c131,Administração - Lista de Nomeações dos Concursos da UFMS
1f27cae2-5ed4-47ca-8975-456d78070cc3,Administração - Pessoal Terceirizados da UFMS
fbc4fd90-8794-4b76-9de3-29e11da93638,Administração - Retribuições Pecuniárias
cf7ea0b5-0757-413f-ae44-e87f403550b1,Administração - Servidores Aposentados da UFMS
adec6b2c-7834-454a-bfca-fe6680850268,Administração - Servidores Ativos da UFMS
7ad9c1cd-6b22-4066-899a-788c27baa128,"Administração - Servidores com cargo de direção, função gratificada e função de coordenador de curso da UFMS"
89b82a3b-c3b5-4a23-ad12-04fd3162b8fa,Administração - Vagas para concurso servidores da UFMS
bc0a883c-80fe-444d-9f7e-f8105843960b,Afastamento de servidores
c420cc21-6511-4c0e-98f1-f8747424bb47,Afastamentos
11f8325e-810f-49de-9c0d-f7a5811f7c5f,Afastamentos e Licenças
73c279f9-2505-4c83-bc28-d9a80bb2c966,Agenda Ambiental na Administração Pública - A3P
a5670faf-20e1-4af1-bfa2-6c6f7ab5654e,Agenda de Autoridades - Legado
6038ca69-4785-4b6a-bb2f-e9f630050aaa,Agenda do Reitor
2e06c85e-0352-4fa2-a9b6-2fbb7105394e,Agência de Navegação - DUV (Porto Sem Papel)
b63062d2-bd72-428c-a86a-259b63fe8e39,Alimentação Escolar
e3c5722b-3777-434b-9756-6b3d5b6bd833,Almoxarifado
cd435a5f-e2e0-4458-9974-46ff178965b6,Alunado do Cefores
780d43b5-92b1-478a-899a-4038535bef39,Alunado dos cursos de graduação
f50d35b6-dc9e-4723-99cc-cd72a213909f,Alunado dos programas de pós-graduação
6ad6e3b6-af40-4846-9209-3544e6308b44,Alunos
362d6ec7-02a6-4cf6-9f75-ea91e06eef27,Alunos Bolsistas da Graduação
6e5b40af-06e9-43f0-8f5e-a4a7b15a4d6a,Alunos Bolsistas de Extensão Universitária
65868f6a-ded8-43a6-860e-7003051690c0,Alunos Bolsistas do Programa de Residência Pedagógica
48b98c0a-7f93-45f6-8af5-968d9d8b0c46,Alunos Concluídos
9b55f499-26af-4fc7-853e-b1cfc2e73d4a,Alunos Concluídos da Graduação
36d814e1-baa0-466c-86d8-73714c076755,Alunos Ingressantes
6e10ca5e-0a6a-4a40-abf2-0f53680c5254,Alunos Ingressantes na Graduação
bba33790-8004-420b-8347-4dec62831fbd,Alunos Trancados
bc58ac80-c140-41cb-b9d8-d4257e7249be,Alunos Vinculados
cdc7f727-f02e-4bb9-a5a9-591fecbb2524,Alunos bolsistas do Programa Institucional de Bolsas de Iniciação à Docência - PIBID
2e995c7e-9479-445b-a585-2010bdfbec10,Alunos bolsistas dos programas de pós-graduação
fdfaa9df-da14-4825-a733-ae0c05ab3a2f,Alunos bolsistas e voluntários do Programa de Educação Tutorial - PET
6c042d73-3500-4b3c-9a50-136c1a2f325f,Alunos com deficiência
012c96ea-64df-4acf-bce8-470b6757652e,Alunos da Graduação em Atividade de Estágio na Instituição
6b7c7c38-587a-436b-a7b2-4e3ca59d1ca8,Alunos da Instituição
240faf24-e1fd-46df-981f-10e237b4c731,Alunos da pós-graduação lato sensu
f9191fe7-236a-4fe2-89e0-b338cacf8348,Alunos da pós-graduação stricto sensu
0b6abc87-391b-4919-bf3c-8bbf048cca69,Alunos da residência multiprofissional e uniprofissional em saúde
d7240667-e7b0-41ee-b65a-5b87c810e85a,Alunos da residência multiprofissional e uniprofissional em saúde por especialidade HE-UFPEL
e039ef9d-c593-4c87-98f0-ba98113fdd83,Alunos da residência médica HE-UFPEL
12aa08bb-1595-416d-86e4-1532adba5b3b,Alunos de Iniciação Científica
3827fba2-f5d0-49b9-883b-bc18d1272076,Alunos de graduação UFRR
663837e9-134c-4ff1-ad8f-a58441c6efcb,Alunos de graduação bolsistas e voluntários do Programa de Monitoria
785a3d2d-6a11-4ccf-bd4e-0328dbcea24a,Alunos de pós-graduação UFRR
49e58707-f436-4b49-bcc4-0964fb261f11,Alunos do ensino técnico UFRR
dfc88df8-a4d2-4d8d-8ae3-c87b8ccac78c,Alunos do estágio curricular HE-UFPEL
e6e27006-4691-4700-b850-c8acbd28c116,Alunos por Cidade de Origem
0db5198f-7573-4c04-98df-29c7dae4eeac,Alvarás de Localização e Funcionamento Emitidos
fdb7d7bf-8bd4-4f70-a3b3-03c8b35105ce,Amostras de Rochas e Fluidos
163f0c7c-35db-4601-a2d9-b816a3691520,Andamento de Obras
8a018a8f-0d01-4702-8103-467937140068,Andamento de processos (SEI)
2411588b-26d1-4130-83c1-b80e458755f1,Andamento dos processos de Tomada de Contas Especial
8b1649b3-4a3b-4116-9764-3354ae27537f,Antropização dos Biomas Extra-Amazônicos
d2c5015f-5353-45b7-97d9-9575e22b3f80,Anuário Estatístico 2018
ef0ceb2e-a849-423a-bc67-e33039d9771d,Anuário Estatístico 2019
a316aeee-6d00-4f3d-b682-40573b17b18e,Anuário Estatístico 2020
a91108a2-58aa-44ad-b177-151a5c9204fe,Anuário Estatístico 2021
eca80980-0a41-4287-a665-eac7ca386587,Anuário Estatístico 2022
ed846a6e-8228-43ba-871e-ac2143ad26b4,Anuário Estatístico 2023
de3a8ad0-0392-441c-815a-db4d50535849,Anuário Estatístico 2024
69390370-31ff-42e8-9c7f-c6118f0a5842,Anuário Mineral Brasileiro (AMB)
4541eed6-6551-41c4-bd2c-71d362967208,Aposentados
d8a1cfa5-3238-492d-82eb-5407d572c900,Aprovados no Sisu e PAS com pontuação e tipo de cota
f85e1822-ae50-4ab5-ae2a-798ba7629568,Aprovações e Recomendações do Comitê Interministerial de Governança - CIG
2dc9e013-a915-48d4-a06d-0a64b73ed7a5,Aproveitamento de concursos
55c19155-8704-4274-88f5-3047ac9c7835,"Aquisição, Processamento e Estudo de Dados"
55e94e08-68a0-4307-b2ec-b7fa67754036,Arranjos Produtivos Locais (APLs)
b3a0ec14-5f4b-4062-bb39-88350d9d6dd7,Arrecadação
cfa48392-f200-492a-b37e-7b5246941c2e,Arrecadação ISSQN
bbb26a81-64ca-456b-962a-8d7f9db2e09e,Arrecadação Mensal do Município - Receitas
d14406f1-ccd5-4984-b139-825947c6fff3,"Arrecadação e Notas fiscais emitidas - segmento bares, lanchonetes e restaurantes em Maceió - Ano 2016"
3fbbe7cc-586e-401d-a531-47f8375f2984,Articulação Planta de 1942
0b1b75b8-f9c4-41c3-87c0-bf03cede34bb,Articulação Planta de 1953
62d17b29-f70c-4e70-9c1c-f3235218b629,Assinaturas Digitais
b0a17e8e-e0ad-428e-a3b3-991eaf1d5419,Assistência Estudantil
4b1d8cf7-6a4b-4e36-ba44-88db08ee1472,Assistência Estudantil
06b1b13f-2dab-4bfc-88e1-8a29071056c5,Assistência Estudantil
f7a5fed3-a521-4847-adaf-11cc8b258ff9,Assistência Estudantil
38dc6e76-f746-4edf-bf72-69312214a2a9,Assistência Estudantil
fe8e388a-c603-4245-99f3-29677c55cdf1,Assistência Estudantil
29b0ff79-4ab4-4361-9cc5-6da0374129d8,Assistência Estudantil
e96d60e3-077a-4957-a46c-b95bdb024d53,Assistência Estudantil
6dc3aef4-b039-4f65-9492-f109a08c8c8f,Assistência estudantil - UFOB
2b44cb79-cd12-4add-a7a6-025319861d50,Assistência estudantil UFTM
873b81ab-a4dd-4be5-8e79-681f2c83892c,Atas das Reuniões Ordinárias do Comitê do Conselho Brasil - OCDE
31192079-4060-48fe-bdfb-8517db19fbeb,Atas das Reuniões Ordinárias do Conselho Brasil - OCDE
b3520fe8-71c5-498f-8ee6-c22dd5c946a3,Atas das Reuniões do Conselho do Programa Nacional de Incentivo ao Voluntariado
f4798960-f8f1-40d5-8722-12c035592879,Atas das reuniões
6e9e031f-fd6f-4642-a827-18bcdd3961ff,Atas de registro de preço
8be633f9-d985-4bad-a66e-e75953c4a1ee,Atendimento  ambulatorial - Hospital Universitário de Brasília (HUB-UnB)
a8eabbee-cca2-4b0c-903b-a12a02d15ca5,Atendimento Ambulatorial HU-FURG
f896763d-e013-4623-80ef-fe3910ac22ba,Atendimento Médico Mecânico
f0773920-9847-46cb-9bc0-dde68761c573,Atendimento a pedidos de conexões MMGD - Mini e Microgeração distribuída - pós Lei 14300
90a37766-8d8a-4b12-afac-e5c436126afe,Atendimento ambulatorial HE-UFPEL
049fcda2-96af-456f-a38b-4f2507c19e69,Atendimento ao Turista - Brasil Braços Abertos - Instituições/Entidades que apoiam o curso
2a6ba223-fefc-4f0d-83a6-08eba7a4581f,Atendimento ao Turista - Brasil Braços Abertos - Pessoas Qualificadas.
af27170e-5f30-43da-a9f7-dc56df39ad86,Atendimento cirúrgico - Hospital Universitário de Brasília (HUB-UnB)
3784cdd3-e5f2-4b9e-81b2-5c1ae80244ea,Atendimento de Diagnóstico por Imagem HU-FURG
f421a6e1-8b52-4301-9ff6-eb4fe3c590bd,Atendimento de Laboratório de Análises Clínicas HU-FURG
de0bddd4-b4fc-43d9-bc2f-f13cf1f967d0,Atendimento de diagnóstico por  imagem - Hospital Universitário de Brasília (HUB-UnB)
8cf42c31-3e0d-4de3-9167-c1c758ea2d80,Atendimento de diagnóstico por imagem
dff28948-30be-4810-9942-dbc10b1989c4,Atendimento de diagnóstico por imagem HE-UFPEL
fdad45c4-3a94-4866-b104-eff7c0fcd4b8,Atendimento de laboratório de análises  clínicas - Hospital Universitário de Brasília (HUB-UnB)
708c95a6-1cca-482d-adff-0249b0274c3b,Atendimento de laboratório de análises clínicas
560cbdec-0182-40e0-8d23-4a7f92ee6691,Atendimento de laboratório de análises clínicas HE-UFPEL
0d95abf1-ba43-440e-9abe-0a1a8f9052e3,Atendimentos Ambulatoriais Realizados
58f997bf-96e7-4a3e-a8f7-937000f939c7,Atendimentos de Consumidores nos Procons (Sindec)
8da208ff-cf38-4774-a426-6e279672f8c1,Atendimentos e Consultas (ambulatório e emergência)
a0af24b1-45ec-4d77-b532-5e129f8abbc7,Atendimentos em reabilitação básica
7153e56f-2fd5-4edd-9b25-e90be796aa2c,Atendimentos na área da Saúde
ecb88b71-7275-431c-91a0-4444687abed6,Atendimentos realizados por projetos de Educação Ambiental da FJZB
3449df83-944b-4672-835d-d3e4a7bf7f48,Atividade Econômica
78939757-1ca1-441e-b86b-53480bdf89d9,Atividades Econômicas Autônomos
c5a1a64d-519e-4835-aa34-53527d268fc1,Atividades de Ensino
285b9d77-5f0e-4cc0-84de-a046eb4ab1d3,Atividades de Extensão
6c9a20fd-1936-4093-98e9-104d1c82c071,Atividades de Extensão
44dfd4c5-eb56-4d9e-8ab1-a3b9207f92d2,Atividades de Extensão
341f64fc-f550-4083-93dc-722bbed5f16a,Atividades de Pesquisa
e16c4311-6897-48ad-b7ac-9954dc06a81e,Atividades de Relações Internacionais
e5844146-627c-4689-83ba-849478627148,Atividades em Missão de Paz do MD no Líbano
bef4f07e-4597-41e3-97ff-1475bc706bf9,Atlas da Vulnerabilidade Social
82e8866f-d27e-4f68-a3ae-6c0c403773a7,Atlas do Desenvolvimento Humano no Brasil
2c39a7ea-315e-4c8d-8003-cd5a791e2448,Atos normativos da Enap
65519013-f0fc-4434-ac69-d65b70dfd548,Atrativos Turísticos
b29ef692-028c-4a80-8c53-7155fa2fbb79,Auditoria
8786fe91-98c7-4609-a49d-481b9286b9fa,Auditórios
91c188da-9bf9-4381-8b18-5e091a7c224b,"Autorizações de Tráfego de Terra, Entulho e Material Orgânico Emitidas"
5b58ec64-c775-4fb1-8dfb-5631b9be5728,Autos de Infração por Modal
ef84dd96-3f95-4776-af89-70d9b8cef0a8,Autos de Infrações Ambientais lavrados pela Agência de Fiscalização de Fortaleza - AGEFIS
44eb0f33-fab1-4b91-8502-bb4aea3b99b3,Auxílio Estudantil
6b8ac0bb-def3-467c-b338-f6784897db58,Auxílio Financeiro Discentes
90318b8f-c150-4f6c-a779-c7228205869e,Auxílio Gás dos Brasileiros
0b592eaa-2b46-4ee7-b2f9-366e9d6cb9c9,Auxílio Reconstrução - Rio Grande do Sul
435520a7-03c1-44ee-8f6b-9e58f47396f4,Auxílio estudantil
a66b4940-ed4c-4a9f-beb8-5c1c119879dc,Auxílios financeiros da Assistência Estudantil - PROMISAES
c2dcb862-531f-4aad-b6ce-3b60f9416bde,Avaliação Educacional
42130363-41bc-4480-8512-0a022d0b7f55,Avaliação Institucional
d8b1af5c-135c-43e7-9d92-a73c8a93240f,Avaliação Institucional UFV
5787d0b9-f36b-4361-bdb9-517e98017e50,Avaliação de Docência
06bf85bd-99e8-47b0-95ff-16ff8efe61be,Avaliação de alunos da pós-graduação
5447258b-eb1d-4368-8a3c-ade698eb53c0,Avaliação do risco de extinção de árvores nativas do Brasil (2018 - junho 2020)
e1385073-c3e5-4c16-8354-7f625350330a,AÇÕES DE EXTENSÃO CADASTRADAS
52e91c4f-8f2d-44c1-8643-69fec02eca03,Ação de Distribuição de Alimentos (ADA)
72e44958-3024-4034-b9e1-5764683c4143,Ações Culturais
f3a1ee23-cd07-454e-95b1-611886827fbb,Ações de Extensão
9a61fe0c-01ca-4ab4-86ea-9b2bb4d451c5,Ações de Extensão
3290455e-555d-4d84-a3dc-7db91ad92ebf,Ações de Extensão
814ae71e-1027-4d55-b184-3fad186a6621,Ações de Extensão PRX
523d278a-df03-4071-ac04-7207237f5fd5,Ações de Extensão Realizadas
f2789c97-f81c-4cac-b1dd-d7da0d487e46,Ações de extensão universitária registradas na Pró-Reitoria de Extensão Universitária - PROEXT
2e96cac0-7df5-4d3d-a61a-b97e87e9c7d3,"Ações de extensão: Programas, projetos e ações permanentes"
d447ea92-0b84-46da-820d-0454c390c3a7,"Ações inclusivas, afirmativas e de diversidade para discentes"
f1da82a8-c127-4dfd-9f6e-a3017b73fe06,BALANÇO FISCAL
07bf74d7-f8cb-429f-a850-fbb832b0bfe7,BALANÇO ORÇAMENTÁRIO
bens_moveis,BENS MÓVEIS
d7bce701-24e6-4b92-a537-55a9be660741,BH Resolve
6996e096-0f07-47db-8651-72adfb1843f7,BNAFAR - Posição de Estoque
53423ebe-c816-46ea-b778-796ff6de00b2,BOLSISTAS DE EXTENSÃO
2127e5c4-224b-4d6e-8822-86c961694de4,BPC por município pagador
e8d61809-9675-4c3a-9972-d11f6217bdfa,BPEq - Banco de Professor Equivalente
00e8b187-87a7-4100-8ee8-4ac200f9ee45,BPR - Banco de Preços de Referência (linha de transmissão)
7981fa38-867f-4447-8bf0-775939705a6c,BPR - Banco de Preços de Referência (subestação)
68603b21-c55e-47ce-a8ba-6368efd14ea8,Bacen - Relatórios de Risco
d1432f63-6515-43ec-a6bb-ba548af00026,Bairro Oficial
d890ccf6-d424-43bd-b513-b492306a0957,Bairro Popular
821e5f37-0be4-4a5e-948c-59d95e538773,Bairros de Alagoas
aa138ff1-7229-4101-ba1c-399eee7de8be,Baixas de Construção Concedidas
3c640a44-dffb-4088-b340-d1183afccd55,Balancetes (IFs e Conglomerados)
690b0f54-ab54-4c95-af11-2207be5df941,Balanço Aduaneiro
7a682790-d194-46a2-8f00-8afa66e7b4d6,Balanço Patrimonial do BNDES
04f08f8f-09fd-48f4-a853-c3c6368f20be,Banco de Preço em Saúde - BPS
a53fcedf-cebc-45ce-bd0b-5390de56f642,Banco de Professor Equivalente (BPE)
2f6c349f-5158-4496-9d14-8d92bd840b5c,Banco de Professor-Equivalente - UFU
7d87026c-4634-4366-a6c2-9895e763d1d8,"Banco de TCC, monografias, teses e dissertações"
7f43a020-6dc5-44b8-80b4-d97eaa94436c,Bandeiras Tarifárias
5d144c66-40ea-4738-afb4-e660f6e7fc55,Base Cartográfica Contínua do Brasil - Limites  -  1:1.000.000 bcim_lim_municipio
f9fe15a5-a959-45e0-adc3-90680d6309ca,Base de Dados SIEX - UFU
bf9959ee-3fe0-4d74-b70e-b707901136fc,Base de Dados de Ato de Concentração
f7f72733-6d34-4909-be1e-cafcde5001b8,Base de Dados de Controle de Decisão do Tribunal Administrativo
6960e154-37c1-42a8-bd2e-98f2f7e4f109,Base de Dados de Despesas com Capacitação de Servidores
0a3355d6-ca61-4a53-b588-0ce32b6f8518,Base de Dados do PG.Cade
bfc7adaf-5a3d-4860-a855-055ed539f856,Base de Dados sobre sustentabilidade - UFU
e5052f87-74de-444b-a1a2-d3ea7fc48f5d,Base de dados das árvores matrizes marcadas em Unidades de Conservação do estado do Rio de Janeiro
952fcadf-219a-4bae-bbe6-207df2e5f139,Base de dados de captura da espécie Tainha
e9b27c5f-5cbd-43c6-922d-a60eefdf30cf,Base de dados dos Registros de Pescadores e Pescadoras Profissionais
457108cf-dbc4-40be-8545-8dcf275550dc,"Base de dados dos autorizatários, motoristas e veiculos do servico de táxi do DF"
a48148c0-e28c-421e-b460-0c66a334107b,Bases de dados estatísticos do comércio exterior brasileiro de bens
b5310de9-72d7-48d7-b72a-bb17360f08b7,Bem Cultural Imaterial
704838d5-4564-498c-9aa6-ff9aba903c41,Bem Cultural Imóvel
2a4bdcd6-3474-4446-85c9-64afb15defff,Bem Cultural Integrado
851f0ebe-fc08-47c0-8ff7-ce1ae28e25de,Bem Cultural Móvel
d29ca383-ca24-482b-88af-480b53869168,Bem Cultural Natural
0470adbb-7788-4aa8-92a6-ae9f9906ff04,Bem Cultural Urbanístico
a7191647-b187-4893-b20a-8954d57ff89c,Beneficiários da Conta de Desenvolvimento Energético - CDE
87412703-6a30-47a3-951f-b7f0d20cc0ee,Benefícios Concedidos - Plano de Dados Abertos 2016/2018
3a850278-9206-40c4-bcda-d606c8ad7e9e,Benefícios Emitidos - Plano de Dados Abertos 2016/2018
a02846a3-18b6-481f-a16c-988700020f36,Benefícios Indeferidos - Plano de Dados Abertos 2016/2018
d8bc25de-8c61-4fbd-a3ce-1494ce722ef7,Benefícios Indeferidos - Plano de Dados Abertos Jun/2023 a jun/2025
16dc6136-1d96-49c2-93bd-56284be181ca,Benefícios Mantidos - Plano de Dados Abertos 2016/2018
0ecd8b90-9210-4f37-be5f-c85854fed606,Benefícios ao Cidadão
3f29b7d8-0839-4e49-a4bb-1f1bcc4d814f,Benefícios concedidos - Plano de Dados Abertos Jun/2023 a jun/2025
8c017d4d-0724-4f65-bfac-882fa4276b69,Benefícios concedidos 2012 a 2018 - Plano de Dados Abertos Jun/2023 a jun/2025
1836ea98-2347-4de3-98ce-d56de6ff7abf,Benefícios em assistência estudantil
343c4f6d-ee90-43f3-8605-c4572356aba0,Benefícios emitidos - Plano de Dados Abertos Jun/2023 a jun/2025
e5eb86d5-d0e5-487b-bf7f-7db83da46d03,Benefícios indeferidos 2012 a 2018 - Plano de Dados Abertos Jun/2023 a jun/2025
daeac8b8-311f-4769-8cde-c5cbf37b35f8,Benefícios mantidos - Plano de Dados Abertos Jun/2023 a jun/2025
baff59c5-1893-428d-a3b1-f27279a33b79,Bens Imóveis
9e6e3640-b56f-492e-97be-51438b1b711a,Bens Imóveis
03d51cf4-16ec-4b8a-ad97-1111153b36b1,Bens Móveis
3f14d7d8-c08c-4a20-a304-2e7bf1803490,Bens Móveis
77e8a12e-947c-40f1-94ef-9bb4b45f4d56,Bens Móveis e Imóveis
6196f433-8850-4c91-a558-b9a0de1cb1a8,Bens móveis
72c37142-a727-4e77-bf00-8a2062968334,Biblioteca
77db2342-2729-4adf-ac74-77686028c7ce,Biblioteca Ufra - Quantidade de títulos por classificação
ae2a09db-c121-438d-a289-5bb2c94ca62d,Bibliotecas do IFSP
eab80962-6ca2-4bb9-b352-4f1f41805af6,Boletim em Alta
03344230-8523-443f-a724-fb68a53177fe,Boletim oficial
4efbbd73-f531-41a2-b4d1-547041498b4d,Bolsa Alimentação
7ed7c95a-ec15-45ed-a4cd-1c07fe70d45d,Bolsa Família
85c3b34b-ba3d-4dc9-9b24-050b8d9d0673,Bolsa Família - Benefícios Básicos e Variáveis
f63dd0f4-fa56-45ec-811b-4509e6b54643,Bolsa Família - Pagamentos
aa571e82-8b68-4565-af93-3fb2b5b6af34,Bolsa Família - Saques
251b0581-77ee-467a-bc0b-38cba533efdd,Bolsa Formação
6092bcab-38cd-447e-91cc-e93291b1b7e0,Bolsa Remunerada
1fb54cd3-3da5-4629-a1f9-e3077cf3bec8,Bolsa Transporte
ab952141-72b9-417e-9f80-acf0a56fe0f6,Bolsas Acadêmicas
1da99a7e-b81d-4535-a98d-c7f1c01b0323,Bolsas BIC Júnior
25459af4-5d26-4216-9003-6c8816389351,Bolsas de Ações de Extensão
7bf65f54-8c4f-4083-8ae9-67748ad5289b,Bolsas de Ensino
13b966fc-1326-4f0a-a837-bb3c67507a1e,Bolsas de mestrado
7ea7e9e6-3dd1-4b64-ba34-36510365c019,Bolsas e Auxílios Pagos
3a4a82fe-bdc0-4a6f-8d81-924b93a5d91b,Bolsas e Auxílios: Pesquisa
98eee85e-2255-4f3b-a62d-5c55bed803e8,Bolsistas
4dbc6371-c024-445a-aaf0-9bca9050d8fc,"Bolsistas - Assistência, Extensão, Pesquisa e Ensino da UFMS"
07ec122d-c3fe-455c-ab3b-c610bd40146e,Bolsistas PIBIC-EM
92b771bb-50b4-48fe-bbc5-58ef9536dedb,Bolsistas PROEXC - UFU
c2797505-0f6a-4d47-8d1f-c2af3ee6c7ac,Bolsistas de Apoio Técnico ao Desenvolvimento Institucional
b5cc2514-b14d-454f-8b20-771f7d1b622d,Bolsistas de Extensão
43ee041a-7a70-45f9-845d-3e1ef2739451,Bolsistas de Iniciação Científica
4e0365c8-4a23-4b35-80cf-50b24096c2b6,Bolsistas de Iniciação Científica
699eecdf-ceab-49ce-8dff-bc395575a9d4,Bolsistas do Programa Institucional de Bolsas de Iniciação Científica - PIBIC/IBICT
d8e7ef59-c719-4543-a164-4e244d356b98,Bolsistas e voluntários de Desenvolvimento Tecnológico e Inovação
29760e68-d1f4-4639-8aad-66debc5852d1,Bolsistas e voluntários de iniciação científica
01e27838-783b-4e03-b4c3-cb02564829b0,Bolsistas e voluntários de iniciação à docência
9148a21d-6d79-4d31-b235-d9244daf5aa7,Bolsistas e voluntários do Programa de Monitoria
b98c213d-bc3a-4f29-8d18-16077303f565,Brejo
73b14e2d-9808-4eb4-bb9e-1ece6851f7d3,CADN - Congresso Acadêmico sobre Defesa Nacional
0079abf6-4af0-4cb7-9b43-6874393963dd,CADSUAS - Sistema de Cadastro do Sistema Único de Assistência Social (SUAS)
92dee06b-29e9-4029-86b0-583c5df2ff6f,CARF - Estoque de processos
44391ae4-0855-45e4-a275-132c971c15c8,CARF - Julgamentos de processos
9815b2d1-9a6f-42a1-b925-ade263f5ce4e,CARGOS VAGOS E OCUPADOS
6d078b4f-134e-482f-878a-fd08f238b2f0,CEDN - Curso de Extensão em Defesa Nacional
623d13d9-3465-4be0-82e7-c13b78b08282,CENIPA - Ocorrências Aeronáuticas na Aviação Civil Brasileira
0c1b3e43-6a41-41a2-810d-061e2cb24370,CESSÕES
36aec6a2-d1bf-4c39-877a-26d2c05528a9,CNART
296a6c8b-67b1-4e77-b26b-27d9876b486e,CNEAS – Cadastro Nacional de Entidades de Assistência Social
6040626f-9843-4878-b93a-6d390795b459,COAF em Números -  Ações de Supervisão
5d670dd0-cce0-47cd-85ab-49f15f2123b9,COMPRAS E LICITAÇÕES
37cbf3fa-303b-4a04-9ff8-bc014c14406f,CONSUMO DE ENERGIA
be542571-8f32-4653-b267-1ab693cfab35,CONTRATOS
7b4c4ddc-4c6e-4184-9abd-269ed6304a68,COVID-19 - Avaliação de Risco Potencial
7c8d0a3e-9482-4fa6-90a6-3fcaf0eaaf48,COVID-19 - Despesas
7d448d15-e5fb-4e1d-a2cd-f0b53a823e5d,COVID-19 - Instrumentos Normativos para Enfrentamento da Pandemia
2859e3d3-a3f8-45b5-a2a5-41b74784bdd0,CRIB
6951ee4a-6c96-48ef-aea1-4927c61de678,CURSOS
8bf4a83e-76a6-4562-9ad2-9f046a4a7024,CURSOS DE GRADUAÇÃO
0097e377-1dc4-4881-95d5-cc154a9895d5,CURSOS DE PÓS-GRADUAÇÃO STRICTO SENSU
8c733afb-7f4e-42d4-8307-0b80042e0e86,Cadastro Ambiental Rural - CAR
41c80bc4-e0e3-4d06-9547-a8a1051c9fb6,Cadastro Imobiliário Regional Barreiro
1ab07865-1a30-4e09-88c1-17d2183b2ea0,Cadastro Imobiliário Regional Centro-Sul
f0745d2c-8b5c-4024-afb2-886c5de148e0,Cadastro Imobiliário Regional Leste
f7f03edc-39bc-4e17-aa94-a52d8bf56f04,Cadastro Imobiliário Regional Nordeste
afb79a2b-69b3-4482-82d5-df3025070fd0,Cadastro Imobiliário Regional Noroeste
df1cea37-92d0-4d52-917a-b1ed10bae4db,Cadastro Imobiliário Regional Norte
da432bf7-dcd4-463d-b10a-ab4922c8e2b3,Cadastro Imobiliário Regional Oeste
e4f8fc31-df75-4f0b-9aab-f1abe1512d3f,Cadastro Imobiliário Regional Pampulha
3ddf7e20-812d-4e74-99cd-814c942cb8c3,Cadastro Imobiliário Regional Venda Nova
b3102c0d-d1c8-4440-afa5-a0d692047fcf,Cadastro Mineiro
8ff7032a-d6db-452b-89f1-d860eb6965ff,Cadastro Nacional de Reclamações Fundamentadas (PROCONS - Sindec)
8aa37204-0965-4747-8062-1e7b46679f2f,Cadastro de Ações do Orçamento Federal da União
5466c0d7-ba44-42c7-88ca-8673e1dd1768,Cadastros de Veículos para Transporte de Terra e ou Entulho Emitidos
8e0c325d-2586-4b11-8925-4ba51acd6e6d,Campanha Nacional de Vacinação contra Covid-19
10f4cc4b-41bb-4bd0-9263-5eb0301599f5,Campanhas educativas de trânsito Detran-DF
eec0dfc0-c6a4-463c-85f0-967c5a6e5bb1,Candidatos - 1994
0b5e627c-6e57-4a9c-804b-1ed170f9bf3c,Candidatos - 1996
3c9bcf13-765d-4fc0-b432-e2a587da0a65,Candidatos - 1998
81bcd512-08fd-4075-afef-1a0b2e4d9e90,Candidatos - 2000
96626b4f-4eb6-496c-94ea-62a7f4ce48c4,Candidatos - 2002
8c53e0f7-b598-4e8b-b094-ce1e74f99952,Candidatos - 2004
b80599ae-3fbd-4ee8-9f92-9e4ce0d65730,Candidatos - 2006
57b8170a-2d9f-40dc-91cc-7eec7ac987c4,Candidatos - 2008
fb9ef05e-9287-4204-a740-9a4f3414fa2d,Candidatos - 2010
47ef15e6-e576-47d3-9f26-2a9393ca2ef1,Candidatos - 2012
436459df-ed91-4de0-a107-9d50b23a803b,Candidatos - 2014
4682af28-05ae-4f91-b8d0-f3cad4971646,Candidatos - 2016
023a1c05-37e7-4d41-bae3-341f29a7771e,Candidatos - 2018
746a6b49-2a95-4fb7-9684-5499f2f07c31,Candidatos - 2020
8747bd50-e1f7-407a-8e24-2707126ccde6,Candidatos - 2022
0bf7ed12-148e-41df-be3f-5d377e63635e,Candidatos - 2024
eeeef99f-0240-46ed-8454-34a6367f5cfe,Canteiro Central
9ff93162-409e-48b5-91d9-cf645a47fdfc,Capacidade de Pagamento de Municípios
f04a675e-4e5a-4e88-98de-acc3e22bf778,Capacidade de Pagamento dos Estados e do Distrito Federal
922cf7fe-b902-46b0-9643-3c682e79d94f,Capacitação de Servidores
814510b6-b97f-4e1d-bfa1-5071f06ca1d9,Capacitação dos servidores necessidades identificadas
d5b6ae67-8289-4bb7-96c5-98ad3e67612c,"Capacitações de servidores solicitações, conclusões e despesas"
65ad9864-2dea-4737-bc13-2ead948dcc72,Capela Velório
77841e74-df82-4146-9d1a-0ff9fe8df0ef,Captações e Devoluções de recursos ao Tesouro Nacional
8f3ab189-e17a-42f4-a7c2-a856f1026a0a,Características dos domicílios - Censo 2022
aba51070-1002-4129-9543-1c3426605ca4,Carga horária docente
78ed4df5-6196-4cd4-8a1e-c12c7ddb3b63,Cargos Vagos
cd0743b6-d9e7-43ff-a547-8b64c8704ab8,Cargos de Direção e Funções Gratificadas
99e68cf6-d337-419b-9605-178a43662e13,Cargos de Direção e Funções Gratificadas - UFU
80ff1cbe-a24c-420b-9d97-8d49d98a26e2,Cargos vagos e ocupados
b2584b81-f3ab-44e5-831e-b546f1135f83,Carteira Digital de Trânsito de CDT
6ed54e50-2637-4a92-926c-b2100aaaceae,Carteira de investimentos em Aeroportos Regionais
849a7933-c156-4b45-8a1b-3d4069d9a591,Cartões de Pagamento
9db44fa0-0e1d-4d82-9916-5498cbd608be,Casoteca
3b7a253f-304a-40a0-bf1a-679ba4cb91e2,Categorização dos Municípios Turísticos
48c106ea-c272-48af-b2b6-e5bcddf14041,Catálogo do conjunto de dados do Portal de Dados Abertos da PBH
b9963b50-6222-4b9c-8096-3bdbb653aca3,Cemitério Público
73b74229-c4ca-4eaf-ab96-2474cb82ea0f,Censo
c14a813e-6c74-4239-a7ea-4878f0a70e3c,Censo Estudantil
424fbd98-5182-4b66-ac06-2206b038fec4,Censo SUAS
c7319d87-f221-4bbf-8106-78abef50c5d3,Censo do Legislativo
d865a115-8d9e-423a-b960-57e176a1ed8e,Centro de Atendimento ao Turista
7070b822-d539-402a-8541-cb0c113ca6d2,Centro de Inclusão Digital
3df68648-ec1c-449c-b1d8-acc3c5ec1674,Centro de Referência Especializado de Assistência Social - CREAR
695d2a6d-f970-40fb-84f3-7e909deb9dfd,Centro de Vivência Agroecológica - CEVAE
c58c5825-d9f0-4c99-aa70-a2d0eaba7475,Certidões de Demolição Emitidas
b72101b4-9d52-4a23-9ca4-09bc32413e5e,Chamados
1884582d-48df-4fcc-aefe-aa890ac0aef7,Chamados de Suporte de Informática
770653e6-0be7-4f2e-8d62-de3f55632e3a,"Chamados de Tecnologia da Informação do MDHC, MIR e MMulheres"
5fd850c1-19e7-47d8-8edd-85cccb0cb175,Chefia de Unidades
9ade555d-7225-4ed8-9194-aa097e7180de,Cias Abertas: Documentos: Formulário Cadastral (FCA)
6c1c1e69-5d7b-42d2-8471-bb7e80568d56,Cias Abertas: Documentos: Formulário de Demonstrações Financeiras Padronizadas (DFP)
47430550-8043-458d-9740-77cd64c4a731,Cias Abertas: Documentos: Formulário de Informações Trimestrais (ITR)
02c2bda8-c0b7-4154-b6ec-8a3c9ab75a1c,Cias Abertas: Documentos: Formulário de Referência (FRE)
b093a9e5-14ac-4a60-808d-e5c4a090ee2b,Cias Abertas: Documentos: Informe do Código de Governança (ICBGC)
21e9d0c2-6098-41ed-ad6a-96b414f71005,Cias Abertas: Documentos: Periódicos e Eventuais (IPE)
9b52bf25-f2a5-49f3-bac4-ab4afdba59b5,Cias Abertas: Documentos: Valores Mobiliários Negociados e Detidos
71e82de0-f159-4e16-a435-ae09b035477a,Circulação Viária
99b0538c-7412-4782-a0c6-2ab03bb088bd,Circulação Viária - Nó do Trecho
8da76ed7-737f-4984-9f26-7f034af73ac9,Cirurgias Realizadas
f3e486d5-2ffa-4ef9-bc7d-fb661362f77d,Cirurgias por porte
f9215414-2fd1-428b-9bec-02e4b179e53f,Cirurgias realizadas
24133d64-7ac8-4509-975e-303e66ff41e2,Cirurgias realizadas HE-UFPEL
9a795197-afb1-426a-820d-88eceafea91e,Cirurgias realizadas HU-FURG
5138a6ca-8009-4ffb-b95a-052f76d62a33,Classificação Indicativa - Sistema Classind
8680c7ab-e2e6-4aac-abf9-0ee3f30a3108,Cobertura e Uso da Terra  do Estado de Roraima
8fd536ba-7305-4244-ad31-2c86692c0737,Colaboradores Terceirizados
591aeed7-1c75-4840-9a20-a2a009c2e6b9,Colaboradores Terceirizados HU-FURG
c06caeba-9d44-4c7d-9a4b-b964cabcd45d,Colaboradores terceirizados
c70f50d0-4724-449c-91a7-f75b0562d6ab,Colaboradores terceirizados HE-UFPEL
e8d75e9b-5f51-4a71-973f-ed599fe6d26d,Colegiados do Ministério do Meio Ambiente e Mudança do Clima
e236141b-b8e4-4ffb-9ea6-5ee0e411a09c,Colegiados não Remunerados com a Participação da Casa Civil
940eb07e-98b8-4e84-ab4a-62b738e42539,Coleta Domiciliar de Resíduos Sólidos de Fortaleza
25df6776-8da5-4282-a076-cd1bcfbb54d5,Coleta Especial Urbana de Resíduos Sólidos de Fortaleza
47821c53-4519-4bfc-b8c2-807902d0c9de,Coleta Seletiva Porta a Porta
50e96500-9b16-4dde-9038-07b53c34c863,Coleta de Residuos
0d261543-5640-42a8-bc01-13e5ea629bc5,Comando Geral de Pessoal
7f99bf84-639b-4fda-8a81-957b1047ebce,Comissão e Comitê - Hospital Universitário de Brasília (HUB-UnB)
967b300f-d78c-42ff-9ab6-b6c01d2b1b6e,Comissões e Participações de Deputados em Comissões da ALMG
40e3ba95-36bc-4593-871e-e8106b3e7666,Comparecimento e Abstenção - 2014
f000983f-53af-485b-a2aa-e82a0924c4e8,Comparecimento e Abstenção - 2016
66cb6a8d-e828-408d-8a9b-063478619f76,Comparecimento e Abstenção - 2018
e5501a2b-5965-4174-8b60-ac84b0064835,Comparecimento e Abstenção - 2020
442286f8-86eb-439f-8648-a2be1a003476,Comparecimento e Abstenção - 2022
ee5be43a-3fc1-435c-8530-45fe57f25de1,Comparecimento e Abstenção - 2024
894bd9e3-2c9b-4958-97d4-64afe64dcb82,Compensação Financeira pela Exploração de Recursos Minerais (CFEM)
733a7ce9-c485-4672-a858-61230a5058e4,Componentes Curriculares
3fea67e8-6916-4ed0-aaa6-9a8ca06a9bdc,Componentes Curriculares
613e6b74-1a4b-4c48-a231-096815e96bd5,Componentes Tarifárias
26a0d16c-795d-4b39-92d1-06973e7abc70,Componentes curriculares
8f2c1479-c22c-4691-8ba4-377914514ae9,Compras Públicas do Governo Federal
eb105a06-bc8c-44e3-aeb4-0774c3ec3237,Compras e Contratações
86e157db-d2c5-4151-9b16-9c5987462cba,Compras e contratos
51dac7f3-c3c3-4db6-acfa-d38e2d505479,Compras.gov.br Contratos
514feb14-0bfe-4ab7-b290-0d007abd681f,Computadores para Inclusão
60982ce4-0258-49be-bebc-c1ff5309ba4b,Comunicação de Acidente de Trabalho - CAT - Plano de Dados Abertos 2016/2018
e6219d53-5478-4143-bcb9-a922ee622eca,Comunicações de Acidente de Trabalho – CAT - Plano de Dados Abertos Jun/2023 a jun/2025
176ce785-d4fd-47e4-b050-79e2e2aec220,Comunidades Indígenas de Alagoas
8752bbfc-b1d0-4d74-a27e-3b9d07f01b45,Concurso Inovação
1200f5c4-8eec-4acc-a3e3-8fead5d0b51b,Concurso público para Técnicos Administrativos (TAEs) - UFU
4d0dd6f6-6761-4ea7-b166-8b6e936cebca,Concursos
cab8ea24-9134-43b1-9c7b-d0ee5af4a5cb,Concursos
fe762344-58d2-4942-9bac-c42744268230,Concursos Públicos
f6fb74b0-d73b-4d93-a6f0-0b68fc915e44,Concursos Públicos
03ef14c1-5b4d-41b3-8208-c0d6f6032d1c,Concursos Públicos Docentes
c30c6322-490c-4232-a239-132eaf2a9fc3,Concursos Públicos Técnicos-Administrativos
0c6c94a6-c60d-4551-b859-60a1c8621d07,"Concursos com editais, vigências, vagas e resultados"
918cb2b1-0cf8-4d58-becb-a2adff0e7ae9,Concursos de docentes
16059df0-19b8-469e-8acb-c9467c03260d,Concursos de monografia ou boas práticas/iniciativas
084df5f8-4e55-4815-a318-17293f4209a8,Concursos e processos seletivos para professores - UFU
de83a46b-a044-446b-9017-46f162b8467d,Concursos para professor do magistério superior (efetivos)
9d92f1f6-5874-4a0f-97a7-6491b60e2f26,Concursos para técnico-administrativos em educação
19d83ec8-2c6b-4420-a9d5-33dfb74cd46f,Concursos realizados
b41e3382-79f5-4b1d-b936-dc75aaa82dfa,Condições do Pavimento
746b1271-c683-4b9f-bf54-5028ec6bcd45,Conjunto Habitacional
14aaf527-1243-4c71-9267-eabae40371ac,Conselho Nacional de Assistência Social (CNAS)
3d4a807f-d948-4de3-a89c-96544392db0e,Conselho de Usuários
bf524085-b592-40b8-881f-fa46a2c50835,Consulta ao Acervo - Biblioteca UFU
59194553-f622-464e-93b7-d2428b30658a,Consumo de Energia Elétrica
decad7f2-df92-425b-95c4-78e599b7e00f,Consumo de Energia Elétrica na Presidência da República
c920b6ce-5147-49cf-ab3a-c6d0a2a8ce0f,Consumo de Água
9744db06-3c5c-41b5-99c5-b8fce8bfd588,Consumo de Água na Presidência da República
fdf45222-613f-4d04-a149-6c5ca8268c54,Consumos do RU
730827cf-59dd-4414-a055-977b2fbdfff0,Contagem detalhada de pontos de função
e273fff9-6cb8-486a-9086-a046c03a5a3f,Contencioso Administrativo de Primeira Instância e de Segunda Instância na RFB
8f40b747-1324-4626-b121-84a272842548,Contrato de Gestão 001/2016 (Instituto de Saúde e Gestão Hospitalar - ISGH)
e1feebe8-d382-4179-9f15-0f65d9bc37f6,Contrato de Gestão 001/2024 VIVA RIO
f90fe3c6-976e-4b03-8835-d021569ebfce,Contrato de Gestão 002/2016 (Fundação Leandro Bezerra de Menezes - FLBM)
e636e269-565a-4d0e-80b3-2edda029b5e8,Contrato de Gestão 002/2017 (Instituto de Saúde e Gestão Hospitalar - ISGH)
69b03a9a-c9fc-4ba1-8226-2ea98d73cef8,Contrato de Gestão 002/2024 IDEAS
db42657d-e2b3-47ce-b918-93a8bc922585,Contratos
93dab950-e805-4388-8418-cfb3b73f1623,Contratos
edbe8b9a-c363-457e-8b06-4e1c1f693cb8,Contratos
fadb4599-c8d3-40b1-945f-31b64b8231b9,Contratos
9ba6c488-5e02-4e83-b9b9-f25c673972cb,Contratos
fbb803b2-7073-4c90-b341-1db360a7a0c3,Contratos
07117d04-72d4-446a-8ced-34b81e1e5f18,Contratos
15b94299-42f0-4018-ae04-f7bb2efaa86e,Contratos
883d2c3d-c99f-481b-a98d-34c70f963051,Contratos
9ff1427c-845d-42a4-80ab-c8be69dc2061,Contratos (GCWEB) - Plano de Dados Abertos 2016/2018
b583581f-27c1-4afb-9fc1-2f3dfc6366fe,Contratos Administrativos do Ministério do Turismo
c43b45d5-fe41-4099-b1a7-a0c76dfd45a6,Contratos Covid-19
415e553a-1807-42ea-863a-7507dd3166c1,Contratos Diversos
881545c3-2121-4020-869d-b8f781b577b2,Contratos IBC
933d7164-8128-4e12-97e6-208bc4935bcb,Contratos Obras SODF
478171bc-0a00-4577-9038-fa2e1f174a93,Contratos Vigentes
dc8a7a7e-e97f-4dab-9335-b0d089ea32ac,"Contratos de Bens, Serviços e Obras"
6f4b12de-08a0-4a18-8141-5a74e46b04c8,Contratos de Marketing e Publicidade
52ca8c19-10af-4f81-ae37-9118eda5af0c,Contratos de Repasse
7fab8805-7ea1-4454-a28e-77816edc3c90,Contratos de arrendamentos portuários - Alterações contratuais
95a56780-0f6d-405a-9d3d-88dc06ca12cd,"Contratos de docência - Inexigibilidade, GECC e valores"
15ef2d5c-344b-4cfd-8602-897f4d4c9ee8,Contratos e Convênios
0dddf78f-1134-42b5-852d-38a8566af51f,Contratos e Convênios
2e17112b-5f12-4f38-aaf2-00ebfc076f17,Contratos firmados
c08b5cbb-8e46-492c-b808-a94a358f5f7d,Contratos firmados através do  Projeto 914BRZ2005 (IBICT/UNESCO)
0e82a821-0942-4aad-9578-3e273052353d,Contratos firmados com Fundação de Apoio
d283c3a4-e956-4433-a061-8ef065d158c5,Contribuintes com indeferimento de opção do Simples Nacional
88e90386-ff65-422d-b780-6dcaaaf82193,Contribuintes excluídos do Simples Nacional
8fe6772c-39b8-4b23-9f08-2baabd3492e6,Controle ação de desenvolvimento em serviço
5ff5d823-2448-4e58-ac0e-9910ffbd08ff,Controle de Frotas e Veículos
afb1da02-221b-462b-a3e1-1b11dffb495b,Controle de Velocidade
da20b785-f44a-41a8-ac93-f9e7707d4e49,Convênios
e6b76040-1f53-4a77-8c32-b5f3b59baad2,Convênios
202e18f5-21b9-42ca-a4f0-ddce3f658314,Convênios - UFOB
5504c6c4-e9af-4372-a4f6-f5cfdcc8df5a,Convênios FINEP - UFU
f9f4849c-ab7f-433a-9610-adcb1f4468de,Convênios de Estágios
12253b1a-1171-4453-90f8-f84517cf147b,Convênios de entrada de recursos
52fcf7e5-d9a6-4b17-a491-12a5a978aecd,Convênios de saída de recursos
e3acfd7b-b886-4501-ace2-45d7825dc144,Convênios e Contratos
9079f8b9-f480-466f-8016-d03108f6420f,Convênios e Parcerias
2bc5a873-34a4-40ba-b8e1-70110e6c54ee,Convênios e acordos
8484db21-dd7a-4525-acc9-2ed55b08245c,Convênios e congêneres
d9d72152-44c4-4857-814b-6aef715b90c4,Convênios internacionais
ad7f0afb-13fa-47b1-bb97-4859f438fac0,Convênios portuários - Delegação e descentralização
2b0b659e-2ba0-49a3-82ad-c6010973e037,Coordenadas Geográficas de endereços - Censo 2022
f4081aa6-7f45-4960-9aa4-6f8291c0a1ad,Coordenadas de Trevo
e9bd7952-0ee8-4d10-acd3-cd7413f529c8,Coordenadas de contorno das Regiões Administrativas do Município
ccf016e3-7484-4f0a-a700-43f36ae79eb9,Coordenadas de contorno de Canteiro Central
f10ff3e4-c6b3-4bdd-a4e1-1a1b93fcd772,Coordenadas de contorno e dados de Lote CTM
47f189f8-3f84-413c-8a28-d10beaaa8a75,Coordenadas de contorno e dados de Praça
e32ebf48-8828-4b8a-8ba2-0290a9b0f7b6,Coordenadas de contorno e dados de Quadra CTM
6a8193b9-fbc7-4898-895c-cf29568ce40e,Coordenadas de meio fio-quadra
6359a58f-3af6-47b5-b7f9-d0da2d388d46,Coordenadas do contorno do Município
56cc5d71-83a3-45ed-9fa4-920dfb37d9d9,Coordenadas e dados de Trecho Logradouro
0400737a-c42e-49e3-bcf6-4211b13a397d,Cotas para negros e PcD em processos seletivos para professores substitutos e concursos públicos para servidores efetivos.
3435c8b7-5d61-4541-bf1c-38bdf9e34fd8,Crimes Contra o Patrimônio - CCP
87e4675b-bb0a-444a-ba0f-1463b893d01a,Crimes Violentos
3f533c6b-fc09-4597-8054-88bee43b43e8,Crimes Violentos Letais Intencionais - CVLI
7a9ad101-f02a-4179-8a25-0ba2803bf5cb,Crimes de Racismo e Injúria racial no Distrito Federal
f7b3d9f8-c343-4ae7-95ce-56d2a2ce6aa6,Cultura - Projetos de Cultura da UFMS
7aa5bbbb-3557-4a97-a140-4ef8ef0b31ef,Currículos por Curso
5e4c09f7-4a88-4deb-9774-55deae9fec46,Curso D'Àgua
a3b93f9f-e530-4fe5-bf46-de51666c5dff,Curso que o jovem frequenta por UF - 2016-2019
9a53e16f-b09b-43ce-a4f6-27b4f0b289a6,Cursos
634c7ccd-0f72-4821-95ad-7e00e950275d,Cursos  de Extensão FIC - PRX
410bf94e-8950-4fa7-84ad-00e39cb592bd,Cursos - Extensão
5d890b3c-918d-4564-96fb-7c492853c964,Cursos IFSP
cbdbb9fc-1746-452d-b529-17d299ca2da8,Cursos Ofertados
907ebecc-9516-4b31-8811-13010b6da693,Cursos Ofertados
b30ee99c-9358-4d8a-a027-724a3acd2043,Cursos de  pós-graduação  lato sensu
26807052-3db5-4541-9598-5c51ec76218d,Cursos de Extensão
19e0fc00-0e75-4caf-9bfa-9b045f54cdb5,Cursos de Graduação
b330c6da-b38e-414f-a682-20ef5e8ac697,Cursos de Graduação
5ec4a1fe-2fff-439e-82d9-0230967d7307,Cursos de Graduação
8558459c-8400-4eec-aca9-22b5799e9e52,Cursos de Pós-Graduação
35b3e063-2982-4356-a4a9-a8f40288f317,Cursos de Pós-graduação
9db693bb-ada2-4697-bf5d-dcbaf362ee38,Cursos de extensão
02be1895-2a05-4d84-82cc-02c9887be80a,Cursos de extensão oferecidos ao público geral
9c29d608-2299-4b44-a2fc-8f9ced1e930e,Cursos de graduação
e4cab554-8023-4562-8a5f-623439076b45,Cursos de graduação
c74d6b0d-6e8c-4995-b01a-b218ecf120c9,Cursos de pós- graduação stricto  sensu
8e41f12d-807c-41cf-b3bd-2a23b0473879,Cursos de pós-graduação
eeab943c-d3d8-4e01-8223-9aa5ad49ce53,Cursos de pós-graduação
72aad5e6-97e5-4bed-a790-61f7156b558e,Cursos de pós-graduação
805fe485-39f3-4ce9-bc6b-b1e5f32dd9bb,Cursos do Centro de Capacitação Física do Exército e Fortaleza de São João (CCFEx/FSJ)
3648804c-f4db-46b1-8677-27f2094d7e51,Cursos do IFTM
09fc36cf-7857-4cc2-a410-77caae8be1e7,Cursos e oficinas de qualificação profissional para alunos da reabilitação
9703c470-06fc-47c9-a766-5427c9d58084,Cursos oferecidos pelo Detran/DF ao público
3272cf41-6c31-474d-8415-760a1ea80dca,Cursos ofertados pelo Cefores
ccc34aed-3c3e-4636-b69e-d01a6b4cf357,Cursos superiores
f75a204e-7d03-4b4f-acc0-90ab33039527,Cursos técnicos de nível médio
69041ef3-b8f0-42c0-bbdf-40268bf481d4,Código de Vagas Livres - UFU
4f063df4-e2cc-41f3-8e2a-41dbea80db6f,Código identificador da operação de transporte - CIOT
477d8a65-f84c-4ef9-ac2c-2dca76b89480,Códigos de vaga (área docente e campus do docente ou TAE)
f470be08-9ad3-4f4a-88c7-557b93db0d2d,DADOS DE CONVÊNIOS
e51aa914-4049-4ed2-bc58-61eb7a1f888b,DEMONSTRATIVOS DE RENDIMENTOS
33185164-238f-434a-a83a-38cd1a3db257,DEMONSTRAÇÕES CONTÁBEIS
c417e4e4-5a11-421d-b9d6-d9a57ea98895,"DEPARTAMENTO DE PESQUISA - RELAÇÃO DE PROJETOS, GRUPOS E BOLSISTAS - DPQ/UNIFAP"
5d17714f-99d8-40a9-a770-0187b342f2c0,DES entregues
discentes_graduacao,DISCENTES DE GRADUAÇÃO
discentes_pos_graduacao,DISCENTES DE PÓS-GRADUAÇÃO
discentes_residencia,DISCENTES DE RESIDÊNCIA
discentes_codap,DISCENTES DO COLÉGIO DE APLICAÇÃO (CODAP/UFS)
b2463c60-7342-4883-82ad-02bace82eba6,DISCENTES PÓS GRADUAÇÃO
bb85ec87-c08f-413d-83f2-e197ac4a7f85,DIVIDA INTERNA FUNDADA
d4c667e5-63f9-4dd8-b6da-c5f1a4507729,DOCENTES
7a3937e6-6670-421c-a766-62170f34df17,Dados Abertos UNIRIO
c8e8cd7a-c035-4480-8b11-48636a25c98d,Dados Abertos de Orçamento da AEB
837d70c3-5b2c-4972-87b5-47667330e230,Dados Acadêmicos
c403a0bd-ddac-43ff-b1a2-5ae47a5f6d3f,Dados Administrativos
4110dd67-c357-40fc-b514-fe1ac2aa6dfd,Dados Anonimizados de Interessados em Participar de Programas de Capacitação de Pessoal da Aviação Civil_TREINAR
c447dd77-6e87-4b53-98df-9465d63bffb8,Dados Brutos de Monitoramento de Mídias Sociais - 2019
fa3f1066-6493-4022-9264-f6244ca624a0,Dados Brutos de Monitoramento de Mídias Sociais - 2020
2f66556a-52c7-4267-a8c0-965cb530fe2c,Dados Consolidados de Movimentação de Gás Natural em Gasodutos de Transporte
0182f1bf-e73d-42b1-ae8c-fa94d9ce9451,Dados Consumidor.gov.br
08e23800-84fd-4d93-81f7-30919f26aa2e,Dados Cursos de Graduação - IFSP
af6e1ab3-7978-4c21-9f8f-defea2158cd6,Dados Epidemiológicos
bbf342f7-9869-4482-8c8b-bc1a037d597e,Dados Estatísticos do Sistema de Ouvidoria / OUV-DF
2fbd2dc3-2220-4a18-a3ed-545dd7d90e4d,Dados Georreferenciados das Bacias Sedimentares Brasileiras
8e0cb3ac-b6fa-48ef-a1ee-f2df0b893b72,Dados Sócio-Econômicos de Discentes
77e92d2a-5f55-43b7-83d0-f2c664b88d86,Dados acadêmicos
5981762e-e678-45b2-8321-e9351ced4fec,Dados acadêmicos da graduação UFRR
1756258b-3d4e-4247-9ce0-5c74d7c5f19b,Dados acadêmicos do ensino técnico UFRR
95597494-5666-42ea-a460-53351cec59fd,Dados agregados da folha de pagamento em relação aos benefícios emitidos - Plano de Dados Abertos Jun/2023 a jun/2025
2f783342-4e2d-45d3-ac0b-3f517dd36fcd,Dados agropecuários 🌾🐄
6d455ae1-dc91-4041-ba3c-404306ff38d7,Dados cadastrais de aposentados
50e7047b-0b11-4808-b323-eb33d9845e9a,Dados cadastrais de entidades supervisionadas
2a9d264e-d2c6-49c0-93d7-68e2e0ecc5fc,Dados cadastrais de instrumentos contratuais
37ba75f0-333d-475a-b60a-8b87ac7e2129,Dados cadastrais dos alunos
3e0c2b10-259f-4cdf-acd2-78497f09d441,Dados cadastrais dos docentes
c494c3a6-efd4-457a-803b-17e46b9ce57f,Dados cadastrais dos setores
e559c6ac-8f9f-405b-b594-ac0b2359c619,Dados cadastrais dos técnicos administrativos
85d55c6c-6538-4ce6-a147-ec2563a0624b,Dados complementares de boletim
7fb144fc-e00b-4122-85d9-5fa24a3b3045,Dados da Agropecuária: Agricultura - Perfil dos Municípios Alagoanos
1fc82c65-c6b5-4f71-b3ce-10354eabdb0f,Dados da Agropecuária: Pecuária - Perfil dos Municípios Alagoanos
dc880e24-582e-4d42-9bb1-391fd241df2e,Dados da Educação - Perfil dos Municípios Alagoanos
15e9c47a-432c-45e0-a530-4b48dc55b099,Dados da Estrutura Organizacional da PMBH
3b8b981c-3e44-4df2-a9f6-2473ee4caf83,Dados da Estrutura Organizacional do Poder Executivo Federal (Sistema SIORG)
d2c91e07-2066-4d94-8a08-264cebe19666,Dados da Ouvidoria da FJZB
0320340e-dfba-4b19-97ef-742d17d40838,Dados da execução orçamentaria e financeira
fed6b3b0-1248-46b5-9c61-d1fd41aa1637,Dados da força de trabalho pessoal efetivo e terceirizado da FJZB
6709a4d0-f73b-4a59-af55-16a40e6f87d2,Dados da frota do IFS
a231b8f5-1412-4b4c-a1e1-9c3bd7c98128,Dados da saúde 🏥
59980ee4-d6e2-402b-ab8e-8eb669fa42d8,Dados das pesquisas de embarque e desembarque de passageiros do transporte coletivo
a717c91b-db0c-4f04-91f9-a5413a68d1a7,Dados de Aspectos Demográficos - Perfil dos Municípios Alagoanos
50283830-5248-4eef-8f77-f2ac5dadcc51,Dados de Assistência Social
09e01056-1f9a-443d-a0b3-f04c3784b5e0,Dados de Assistência Social - Perfil dos Municípios Alagoanos
120e02fb-3771-4d2c-904b-e68de91ddce5,Dados de Candidatos dos Processos Seletivos
0b0999f4-d699-4187-b093-1c5f80ce4051,Dados de Cultura - Perfil dos Municípios Alagoanos
62d2afbf-be96-47e9-a78d-2760f14c6b75,Dados de Economia - Perfil dos Municípios Alagoanos
24d4239b-4833-4b33-bc8d-36b3f91cacb4,"Dados de Eleitores, IDHM e MEI - Perfil dos Municípios Alagoanos"
e39710be-eba9-4088-a398-6d26da2dc6d6,Dados de Execução dos Contratos (Tecnologia da Informação)
58cf0b6f-4026-449e-8be8-17a9af3670c6,Dados de Finanças - Perfil dos Municípios Alagoanos
4151805b-782e-4a78-bb98-1f2bb866498a,Dados de Incidentes de Exploração e Produção de Petróleo e Gás Natural
d2294e43-b298-4d8b-a167-b4691ec2a917,Dados de Infraestrutura - Perfil dos Municípios Alagoanos
8323e897-24ca-4559-8853-b26d23fe70fe,"Dados de Mobilidade de Ônibus-11/03/2015 (GPS, paradas, validação)"
26e89c9f-b2b0-4dca-b06f-f81197a13e1e,Dados de Pessoal dos Servidores da UFRJ
bad78124-abce-49de-a539-fcfa1c78b917,Dados de Precipitação Mensal
189192ca-2d2e-4e87-809c-31ac43352c15,Dados de Saúde - Perfil dos Municípios Alagoanos
0953506d-cd7e-4247-a8d2-5396d0ee7eff,Dados de Sífilis
b546906d-3012-464f-b2cc-7ddde38f9c8f,Dados de Visitação
e7f2b651-c6a7-470d-b485-41efc4b4739b,Dados de atendimentos realizados pelo Hospital Veterinário da FJZB
06536bab-8766-44c1-91d6-fa6ebe4683b8,Dados de bens patrimoniais imóveis sob a administração do MT
d6f67c15-4acd-4fed-ae38-b38d5af15ead,Dados de bolsistas de pesquisa da UFRGS
2d804b31-9a9f-47b5-9200-cab776771f83,Dados de concursos públicos
042d0e6e-a18e-4299-84b3-e78c6ea4cc54,Dados de cotistas na UFU
150470ed-057c-4936-91d2-7aac6911d484,Dados de docentes do instituto
33429c54-505d-4ed2-a5af-2022548dee08,"Dados de eleitores, IDH e MEI"
f0521778-ba21-4207-8b1d-b1197d3e6759,Dados de infraestrutura
d564d70e-20f3-4360-9bf4-d4eaaddbde3b,Dados de matriz curricular e componentes unidades curriculares
8f0b0bbd-6f84-4a1f-84d8-00bcd07d0b54,Dados de projetos de pesquisa realizados na FJZB
a226cca7-5def-4f5a-8292-3b7c8ac33b07,Dados de turismo 🏖
8b83d254-f388-4ab4-b36c-bd75cf96a14d,Dados demográficos
a9ba1e3a-9e70-4996-abb7-61e0733e9619,"Dados do Minha Casa, Minha Vida"
2853e26c-9d7e-4373-8a17-757cb1d95b8f,Dados do Participa DF (LAI)
5d55895d-0725-43a2-ba27-fc0cde5a7e42,Dados do Prospera DF
baa71663-1f8a-4d2d-8404-1a6cdda3047f,Dados do Setor de Comunicações (DSCOM)
b4f94b64-072a-4edc-8427-93edcf02aaec,Dados do Sistema de Gerenciamento de Filas
5ead4bc5-60bc-444f-8348-abe1db37969e,Dados do e-SIC [finalizado em 06/12/2022]
0181f586-aa22-4b0d-a572-15b420ea9a65,Dados do plantel oficial do Zoológico de Brasília
2ee9110b-7be7-414f-9fa9-977e7108044b,Dados do quadro de Pessoal sem identificação
6043d688-3568-4b59-b0fe-0ee8ed213031,Dados dos Autos de Infração do STPC/DF
eb40f4fc-3d1a-41d0-8dcd-9421edc680e2,Dados dos atendimentos realizados e das vagas disponibilizadas nos abrigos no âmbito da Assistência Social.
f888788e-c304-4e40-a9e6-c7fbff6a697a,Dados econômicos
709371f1-165b-4f50-8b39-3f3f1bf449e9,Dados educacionais
07af76eb-ca2d-42c8-8c2d-6de6a4c2bd6e,Dados estatísticos do orçamento
d87a74e2-d6b7-48c9-b35f-7292948b92a9,Dados gerais das manifestações processadas pela ouvidoria de Belo Horizonte
3cd99298-1f99-410d-b541-00884dccc4d2,Dados gerais das manifestações processadas pela ouvidoria de Belo Horizonte no Sistema BH DIGITAL
a1bc43df-3236-483f-b77c-459cfbedda3a,Dados quantitativos de requerimentos administrativos pendentes de análise - Plano de Dados Abertos Jun/2023 a jun/2025
9d2d5b8d-565a-4711-abe5-dad50ea309b5,Dados quantitativos de requerimentos administrativos solicitados - Plano de Dados Abertos Jun/2023 a jun/2025
075fd5cf-a0f6-4177-99e5-f0ada1e6ebce,Dados sobre cursos e participantes na plataforma da Escola Virtual de Governo (E.V.G)
69dee09c-e902-47ad-ab16-3f345a0fad54,Dados sobre os Projetos de Pesquisa da UFRGS
7bf0bbdd-5a01-4a0c-8775-c2018720e88c,Dados sobre os cursos e eventos de Educação Executiva
92d6bcf5-0e48-4b80-a18e-5a416cec333a,Dados socioeconômicos
9ad581bb-22ab-4690-8520-df44952be3c8,Dados territoriais
ff8dd830-c7f3-47df-accb-9e460bc1fa0f,Debêntures Incentivadas
bc06154e-0156-48bf-b4d1-475a3134b2a9,Declaração de Investimentos em Pesquisa Mineral (DIPEM)
33819525-8e42-4ce8-b81d-6f9ab1b4ce40,Decort-BH: Dados referentes aos Usuários Credenciados e Ativos
0aa86d4d-adc5-4192-b88e-9d6fec98cb66,Decort-BH: Dados referentes às Mensagens válidas na Caixa Postal Eletrônica
c464f930-3b03-4c53-941d-d759e3b175bf,Decort-BH: Quantidade de Notificações expedidas (Mensagens com necessidade de Certificação Digital)
882dbe80-8a0c-44aa-81bc-4f808c261ffb,Defesas da Pós-Graduação
884b4d69-428b-457e-91c2-3e86f8bc2852,Defesas de Dissertação e Tese
081e3b82-79c6-4367-8814-5136bc6657c6,Demandas de Fiscalização Cadastradas no Sistema Fiscalize
4619a164-6455-455b-a3ba-e263928b9d38,Demonstrativo Orçamentário e Financeiro - MT
3bae7092-d857-449b-b461-531d8ad81987,Demonstrativo de Diárias e Missões Eventuais por subsecretaria
6c5d2a05-4ae6-4a72-8504-71fd5e303a0e,Demonstração de Resultados do BNDES
0d52f7b4-eeb4-4bb8-8018-a68a62ff2af2,Demonstrações Financeiras Prodabel
1adbc936-ca37-4d53-89dd-35d9a1a015ca,Denúncias Apuradas pela Corregedoria entre 2018 a 2023
e0a56dd2-61a6-4cd6-a925-4442aeabe649,Denúncias Sistema Disque 100
1474f1c6-e375-4c86-a22f-48c08b8f5566,Depreciação Patrimonial dos Bens Móveis
780cae25-1350-46a5-a82d-28103f41610e,Desafios de inovação aberta
5f507b65-847c-48cd-8958-5e92bd4aa5b3,Desaparecimento e localização de pessoas no Distrito Federal
8ff99103-73f7-4f3a-8a3b-17d201a39dc0,Descritivo de Viagens
66c30e2d-62e6-482f-90bf-fcdaf441e6fc,Desenvolvimento da Infraestrutura - Obras do PAC - Programa de Aceleração do Crescimento
46e47a99-6d1e-42f2-95ee-677bfafd9cb0,Desenvolvimento da Infraestrutura - Obras do Programa Avançar
1d927b13-9356-49f9-a66e-cdee34dee13d,Desenvolvimento de recursos didáticos para pessoas cegas e com baixa visão desenvolvidas pela DPME
eb709e1d-c19e-4371-b1ea-436920cf537a,Despesa pública
c0af10e0-fd1f-48d1-ab67-11bdf86a6689,Despesas
16337f91-62b1-405f-89d6-f8f52863b659,Despesas Públicas
d27672c2-23a4-47f5-b3a6-8ab60bbcfc04,Despesas atuariais
ca73a0db-332c-4d4b-9e62-4fefdfd23a84,Despesas com Ações de Desenvolvimento
fffe532e-d8d0-4f80-9807-8fa00796ab6c,Despesas com Treinamento e Desenvolvimento de Pessoal
dd6e9dcc-b86d-4318-b140-4ae4c9b060f3,Despesas com diárias
6972dbe5-82c0-4ac8-aac9-4258efc3e483,Despesas com dívida pública
5a849756-f55b-4399-860f-b9b08eca0f1a,Despesas com repasse a municípios
029a2c5a-2e9b-46d9-b7b5-5260d05d7f5d,Despesas com restos a pagar
0b27c43a-fe9a-461f-b1d7-257bed4108e1,Despesas do Governo do Estado de Alagoas
b5fa5c0a-4e30-403b-9da8-626583c5e09e,Despesas e Gestão das Ações de Desenvolvimento de Pessoas na Presidência da República
8675a0a4-31c5-4593-a24d-fb8e17376eca,Despesas e Transferências Totais da União (critério valor pago)
22d13d17-bf69-4a1a-add2-25cc1e25f2d7,Despesas por Função do Governo Central - Classificação COFOG
49fc5181-6a74-40c4-8d63-494658fded17,Detalhamento de viagens a serviço - UFCA
8b1212dd-240f-4f37-9bc2-512c2e84e788,Devedores da Dívida Ativa
8c20e819-056a-4e99-a42a-ebee4649c51c,Devedores da União e do FGTS
5d72ad4e-eff9-439f-90e2-85b0021cf773,Differential Susceptibility of Distinct Parts of The Aquatic Plant Nymphoides Humboldtiana to Herbivory Supports the Optimal Defense Theory
44eb4497-a843-42db-8244-65fb40340ca2,Diplomas Registrados
79f1e0b7-11bc-4818-a882-9b6c280439f3,Diplomas de graduação
7af10584-5502-458a-bef4-8036429ddbf8,Diretriz de Proteção
554c2d41-cfce-4278-93c6-eb9aa49c5d16,Discentes
cba99924-ad97-45f6-9d1c-f4fb7a940c6f,Discentes
efe01f87-fd4c-4cc1-a081-5c8d29cf7be0,Discentes Graduação Ativos
83d08669-c1b2-41ea-a6b9-9943d46f295b,Discentes Informações Complementares
93b05220-e073-4b0f-bad3-3b3262f85597,Discentes Ingresso e Cursos
618affe6-e634-469a-883d-ce7fade5ffd9,Discentes de Cursos de Pós-Graduação da UFPB
6fcc3d8b-8de4-4c7a-bb74-d49bdd179026,Discentes de cursos de graduação da UFPB
c3c1047b-b55a-4a41-9d8f-69483ebc8778,Disciplinas
27c5e574-1201-49e5-bddc-be358f1ec532,Disciplinas Cursos de Graduação
a4e92769-e235-4b4f-a5b2-d1a547ccfeb7,Disciplinas Oferecidas
cfda95b8-b244-4765-aa6d-a8e220862aed,Disciplinas de cursos de pós-graduação
5c219fb6-4449-48c5-a6e1-062e4c6dc096,Disciplinas de graduação
c96badb1-b2c4-4dc6-9f13-35214c669381,Disciplinas dos cursos de graduação
d3f02f76-2331-4c22-9ef0-2f636c46288e,Disciplinas dos cursos ofertados pelo Cefores
84996197-40d2-4010-8ae4-1b93ca72e940,Disciplinas dos cursos técnicos
f0ddd079-46da-40c1-8953-4fa94da4fba6,Dissertações de mestrado e projetos de intervenção disponíveis
fc0e672b-8263-41d1-9d8b-99f1df3c27a2,Distribuição de recursos didáticos especializados para pessoas cegas e com baixa visão
54634cc6-311f-4621-ac9a-48f088ebfa3c,Distribuidores de Combustíveis Líquidos
be53bf3b-ef6e-4420-80c5-b679fc8bda64,Distribuição de Renda
a67776b9-0223-492f-b063-c9bdbb83425b,Distribuição de jovens por alfabetização segundo UF - 2011-2015
fb07de09-a04e-4d8d-b59c-5f522c9327f4,Distribuição de jovens por alfabetização segundo UF - 2016-2019
0f108fe7-9ccc-4fac-98f1-b7810bc29c16,Distribuição de jovens por raça/cor e se estuda segundo UF - 2011-2015
b697f58b-98b0-4a0a-9479-221132b899b6,Distribuição de jovens por raça/cor e se estuda segundo UF - 2016-2019
20275d63-9c6e-4609-8fa1-1eab1e2b46c3,Distribuição de jovens por raça/cor segundo UF - 2011-2015
1d40e6a4-b0d4-4f0e-989d-c8559bc55fd8,Distribuição de jovens por raça/cor segundo UF - 2016-2019
c044b81b-455d-4993-aef1-2a6504cb0ef9,Distribuição de jovens por sexo e raça/cor segundo UF - 2011-2015
0e0293e2-89b7-48a3-a545-3db6fa35a178,Distribuição de jovens por sexo e raça/cor segundo UF - 2016-2019
22edd6fb-3612-4ba3-af29-daa5bdc9fd45,Distribuição de jovens por sexo por UF - 2011-2015
594b53f6-5c03-4f37-a146-be6bd2122ea2,Distribuição de jovens por sexo por UF - 2016-2019
2a0b73ba-eae9-4150-a9fd-c2de2a4c9b9b,Distribuição de jovens segundo ocupação - 2011-2015
2bba432c-fc4b-4ce0-9d4c-e1db451a4c08,Distribuição de jovens segundo ocupação - 2016-2019
954a6640-b874-49b0-94f1-df2b5206ce06,Distribuição de jovens segundo ocupação por UF - 2011-2015
ad1426a5-5abb-4dc3-9714-18c356b3c875,Distribuição de jovens segundo ocupação por UF - 2016-2019
5f8ba94e-27e3-4717-bb27-424f8cac1afc,Distribuição de jovens segundo se estuda e/ou trabalha - 2011-2015
a9d23c2b-a90c-452f-88ed-7af3c574fd2b,Distribuição de jovens segundo se estuda e/ou trabalha - 2016-2019
7e8442c6-a1ce-4305-b945-527c8a6e41ec,Distribuição de jovens segundo se estuda e/ou trabalha por UF - 2011-2015
6706927e-7e32-4434-b9b0-5d7bd7dff873,Distribuição de jovens segundo se estuda e/ou trabalha por UF - 2016-2019
3edc2f46-ec02-49db-8972-b41632b1c0bd,Distribuição de jovens segundo se estuda por UF - 2011-2015
2e857e79-ad3b-4e7a-a7d1-b0f9222714fd,Distribuição de jovens segundo se estuda por UF - 2016-2019
c0b97ba4-83a9-4930-8e41-11b08cedc15a,Distribuição de pontos
e1eb798c-601a-4d20-bf17-87dc037ed73e,Distribution of endemic Angiosperm species in Brazil on a municipality level
ccec81f2-9512-45a5-8a94-e92f8dcc9b3e,Distrito Sanitário
eba2f36d-80e0-45b4-83ee-c131029a0089,Divisa Física Lote
5de7650e-6ec8-47e4-b7d3-5843a25bcf4d,Diárias
e9940db3-1b8d-442c-b06f-abf4301c1305,Diárias - UFOB
c8148950-7395-4864-9cbe-1786a5866813,Diárias e Passagens
c1212890-d04b-4d31-a814-ce146fb4fc6b,Diárias e Passagens (Unifesspa)
6ca36cc7-78fa-4d0c-969d-a3bd1f7d988a,Diárias e Passagens - UFU
2dfd4ba9-887c-42f1-b5f4-1a9d176e08cb,Diário Oficial da União - matérias publicadas em 2002
3aa76883-bb0f-4826-9be1-ccc02e583612,Diário Oficial da União - matérias publicadas em 2003
6f4dc304-ed6b-443b-bde0-61ec64fbf447,Diário Oficial da União - matérias publicadas em 2004
76c88566-8499-4a9b-87b5-be26bab86d6c,Diário Oficial da União - matérias publicadas em 2005
f2297f6e-fb2e-4dce-a1f2-f286605fb33b,Diário Oficial da União - matérias publicadas em 2006
8759ae01-e980-48b1-bbe9-04ad2e799efb,Diário Oficial da União - matérias publicadas em 2007
cc16469a-a812-4d31-a605-f3e952c2ad31,Diário Oficial da União - matérias publicadas em 2008
d2c79bdd-4329-4016-9d0c-cd4b925f6a42,Diário Oficial da União - matérias publicadas em 2009
f603a38e-b940-4500-aea0-1f094060e633,Diário Oficial da União - matérias publicadas em 2010
6b50eaf3-e7d8-4eac-a189-f9d53248a1eb,Diário Oficial da União - matérias publicadas em 2011
759f22ee-e5e7-48ab-a875-a805a4f0a8a6,Diário Oficial da União - matérias publicadas em 2012
2137b237-7a4b-43ea-a74d-7e4eb1b72f34,Diário Oficial da União - matérias publicadas em 2013
1701e6da-9949-433c-af0b-5e0fd2e04bb5,Diário Oficial da União - matérias publicadas em 2014
59f7521e-94eb-4d9e-be82-433d0f3dca47,Diário Oficial da União - matérias publicadas em 2015
c4e37c6c-9c97-41f7-a34f-67b16e4e4a5f,Diário Oficial da União - matérias publicadas em 2016
3bd94325-f31f-4e6e-844e-25370434542a,Diário Oficial da União - matérias publicadas em 2017
add0244f-4039-4068-a494-41279e7f7f92,Diário Oficial da União - matérias publicadas em 2018
5875c4ee-6fd2-4f63-9503-f8e89a580b75,Diário Oficial da União - matérias publicadas em 2019
28890620-c184-4b11-b151-32fa9fef4010,Diário Oficial da União - matérias publicadas em 2020
ad367ebf-d28c-43ab-b014-6d451833b15f,Diário Oficial da União - matérias publicadas em 2021
13562c89-bcf7-47cc-b42d-0a9bfafd898c,Diário Oficial da União - matérias publicadas em 2022
2aa036c5-d7ce-4368-b0db-67700fe0095d,Diário Oficial da União - matérias publicadas em 2023
3b2b8388-8f3d-4318-811a-f2e5ae525b6f,Diário Oficial da União - matérias publicadas em 2024
6ca2364d-6cd8-4faa-8049-a69c859d925e,Diário Oficial da União - matérias publicadas em 2025
6480ae5e-1460-4d6d-a46f-4eb6c999e50d,Doação Equipamento Eletrônico
f0f8f2e4-1880-47bb-86d1-3e469e627498,Doação de mudas para pessoa física
a1443875-3cd0-4a40-8b02-d446625c48d5,Docentes
a932ce68-bb8f-44c4-bd08-936d9842ea48,Docentes
7e8c70a6-4a59-468f-96f1-e753a7548e3e,Docentes
be9ff610-b4ec-4f8a-8fee-b6bb9fc55d7a,Docentes
334d89c8-629f-49c5-aa06-171e35c1d33b,Docentes
cbe9e35b-98eb-4e0d-ae7d-765fc24268dd,Docentes Vinculados aos Cursos de Graduação
55fb6f79-8b93-47b0-aec7-b55edcdf57db,Docentes ativos
31ad17d6-91ef-4d61-b0bb-1d9c719ef33b,Docentes da Graduação
1f200230-a6e1-4e1a-bfc8-936c18efaa31,Docentes da residência médica HE-UFPEL
72c3d0a5-cb5e-4836-a26d-8aedabf21b69,Docentes do estágio curricular HE-UFPEL
a8e2251e-07d1-4c4a-8192-46981c72f150,Documento Único Virtual
a3a968c0-e78e-4efc-92ce-2b35274cfcbb,Documentos (SEI)
b8cb3545-d51a-4558-b979-0495c5c5650d,Documentos do Copom
d2f24a5b-ce26-4b58-848e-e0695018eec4,Doenças Crônicas Não Transmissíveis
2989d396-cb09-47e7-a3b8-a4b951ca0200,Doses aplicadas pelo Programa de Nacional de Imunizações (PNI) - 2020
543aa08a-46c4-44e8-802e-198daa30753d,Doses aplicadas pelo Programa de Nacional de Imunizações (PNI) - 2021
04292d08-ee4f-463a-b7b5-76cfb76775b3,Doses aplicadas pelo Programa de Nacional de Imunizações (PNI) - 2022
7ed6eecc-c254-475c-92c5-daba5727596b,Doses aplicadas pelo Programa de Nacional de Imunizações (PNI) - 2023
783b7456-6a6c-4025-a8bd-8e9caa0fb962,Doses aplicadas pelo Programa de Nacional de Imunizações (PNI) - 2024
c6c3c6f3-2026-48a2-84ac-d8039714a0ba,Doses aplicadas pelo Programa de Nacional de Imunizações (PNI) - 2025
47d73744-1af5-470e-8817-b95f4db191d6,Doutorado
4d6b967d-1bc5-4f80-92ba-05e4498c111a,"Dívida consolidada líquida dos estados e do DF, de 2000 a 2014"
5307e9aa-0946-4c0b-9d55-4f4f61aa8542,EGRESSOS
f4ff73c0-d04c-4cf3-89f7-9f6304cbc6a7,EGRESSOS
empenhos,EMPENHOS
35deda57-87d3-4480-8d41-ff69da73009b,EMPREGADOS EM TELETRABALHO
2265ad18-19cd-475c-ad7b-a2a2917f21af,ENSINO: processos de ingresso
4c43e54b-bac0-43c0-84d9-a8d85709e439,EPT – EDUCAÇÃO PROFISSIONAL E TECNOLÓGICA
c7fafd20-e133-45bc-9662-d11264e98525,ESUS - SISEP Dados Epidemiológicos - Covid-19
ebfaf5fe-5a8d-4fbc-b029-ff0e24af5b19,Edificação
a5708ad9-90dd-468c-8ad7-acde429b97cd,Editais Publicados
a90596ae-e15e-44ec-b0bb-b646df7c5ce1,Edital de processo seletivo para ingresso em curso de pósgraduação lato sensu
24ee089a-69bd-45c3-add8-927b28b6465e,Egressos
5f11e6dd-a5e5-4ab7-8cf5-200fb26fa948,Egressos IFSP
8b37f910-1d9c-46f5-8026-428e5b7dedba,Eleitorado - 2008
af8313b6-0a9b-4c7f-89ff-19458c6cf0e1,Eleitorado - 2010
48f92771-bd2a-40de-959a-9827257deaa4,Eleitorado - 2012
5809e43d-b791-4476-a56e-c2093a2aeb8b,Eleitorado - 2014
ff7f82ef-9889-479f-a8c4-ebe9a9417adc,Eleitorado - 2016
ad09e9da-90d9-4c85-b003-7b4b433d61ab,Eleitorado - 2018
b9f3d4b9-c0fc-4851-81bb-ea2d1a2fad57,Eleitorado - 2020
86b9130d-9de0-4516-8fb9-a3cee1ffc24d,Eleitorado - 2022
22dc6e4e-1130-4699-ae93-dfd4b1370e85,Eleitorado - 2024
75d265fc-0224-47ca-abaf-95f7f3ac964a,Eleitorado Atual
bd8e8769-fc67-46d0-b4bd-2cd13266b479,Embarcações que estiveram em área afetada (Porto Sem Papel)
f02b9a33-7057-4ed5-ba31-9c2a0c5576ea,Emendas Parlamentares
1436b3e7-6594-4683-bfa5-b2e3a6c69e07,Emendas Parlamentares
688fb5ba-ab8f-4b42-bbad-4d363ba08a58,Empenhos
1e57bca8-f836-4bb2-9725-ad34f18bd5c9,Empenhos Emitidos na Etapa Orçamentária de Execução da Despesa
ca639a5d-8208-47f8-a003-6283c71a0be4,Empreendimentos PBH - Financiados por agentes financeiros internos e externos
d8a49bd1-eb73-4341-81f0-4afe3fb10b9f,Empreendimentos Turísticos Acessíveis
54888c9d-bfa3-465c-ae67-ab9dfa5b974d,Empregados CLT HE-UFPEL
56551fea-d2e9-4c39-870b-cca347a8739d,Empregados Terceirizados
0d170a55-cb04-4f1c-9f0b-ba370006213e,Empregados terceirizados na Presidência da República
e72b302c-e3b4-440d-86c7-dcc407f40986,Empresas Ativas por Natureza
f22f6b08-4050-4dad-8a93-bc68826629d4,Empresas Brasileiras Habilitadas para o Peru
444f714c-0190-4a8a-bf54-6d25bb2545d1,Empresas Constituídas por Natureza
7587e9de-8089-4c80-9271-5c5da78adc36,Empresas Extintas por Natureza
c7edbb2b-a6ea-49d9-b807-0db8f336022b,Empresas Habilitadas
fa5e0bdd-3442-4c70-b0ae-704e0976083c,Empresas Incubadas
83ed51fd-fac7-477c-aeba-e4a77a7ca2de,Empresas Juniores
9535078b-4945-4edd-8fc4-54bd1012a256,Empresas Juniores
027ec76e-6b28-4223-8cb4-22b2ee575113,Empresas Juniores
b07fc0a3-9b9f-41c0-926d-946263cfa098,Empresas Públicas e Sociedades de Economia Mista Ativas
02afff6b-d715-4e5f-94c4-7a669db13e6a,Empresas incubadas
c96cebc4-7413-4232-9f5e-e60c773a2925,Empresas juniores
0324ab17-4d2f-4215-936e-1c9c69eba565,Empréstimo domiciliares e renovações - Biblioteca UFU
386f03f5-a038-4d23-bca1-acc15677ac38,Empréstimos Biblioteca
1e596793-1ac3-4b59-9ae8-f053eda6b698,Empréstimos dos Acervos das Bibliotecas
3496a36e-5975-476d-a6ac-fcf9de396ffc,Endereço Cadastro Técnico Municipal
3dd14222-3dac-420e-96ec-cb7abba93ab1,Ensino - Projetos de Ensino da UFMS
69f68a83-228b-4bfa-afb0-c7128b460871,Ensino de Pós-Graduação
027fe17b-4197-49eb-99e9-8f6cd1922f02,Entidades Imunes e Isentas de Tributos Federais
75520411-d1ec-45fe-b3b3-cf390263505e,Entidades estudantis
afa94a78-c1ae-4d8b-ae62-579c6e750832,Entrada de Estrangeiros
88d6b224-c364-4b74-ab03-b5191116518b,Equipamento Cultural
3ad662aa-0449-43bb-82fc-50bdddb6b964,Equipamento Esportivo
057ece0e-d236-40e9-9569-8af2e9525170,Equipamento Público com Wifi
136c43fd-a6b1-4194-b845-773f44deef43,Equipamento Segurança Alimentar e Nutricional
fc1bfc36-5f24-4583-bba6-4fcc3f3c5a94,Equipamentos da Rede administrativa e Assistencial da SMS
d4fe216c-a28f-4548-91db-368e46772fe0,Escola da Terra
12eb1541-9f4a-4e54-9e7f-c63a37870fa3,Escolas Estaduais de Alagoas
f44c1d30-1cd0-47a2-aa95-0e2002be8542,Especialidades assistenciais - Hospital Universitário de Brasília (HUB-UnB)
0125e8c1-0915-4d66-9e8e-485150e13d9c,Esporte - Projetos de Esporte da UFMS
41a79b71-445f-4a6a-8c70-d46af991292a,Espécies Ameaçadas
f83d9aa6-10cc-4602-9e13-30b4137f040d,Estacionamento Público Motofrete
f1d9ca7f-32e0-409f-a5c2-c8aea9f97c37,Estacionamento Rotativo
2f714a65-c145-4e8a-92ab-e4846bf71e45,Estacionamento Rotativo (Desativado)
676deffe-b42c-408d-9f93-e5f7df32578f,Estadia das Embarcações no PSP (Porto Sem Papel)
4cfcde57-cf30-46b4-b4cc-ba80c5935a02,Estado-Maior da Aeronáutica
b4b4b125-3868-466c-8358-cd499cee9ca3,Estagiários
da450032-9071-4888-a0a5-b96b2a412950,Estagiários - Contrato Centralizado
dccd037b-57ea-4bd8-bb38-92798a7d5e2b,Estagiários CGDF
f9d6c14b-7b86-4dd7-80c2-09cfb43a7b31,Estagiários PGDF
1cadb24b-30d2-4006-8e2f-74ec7055a02b,Estatísticas Desembolsos MPME
2e5311b0-a4b5-4b03-a5ce-6db362cb719f,Estatísticas Selic - Operações
dc522a8d-51f8-443c-9a42-16574843d4e3,Estatísticas de Aprovações
cf3050f4-4a9b-4d2d-b06c-ae1919ef64e5,Estatísticas de Consultas
e8af6ed2-c028-4e63-bd28-dff6c31e42d5,Estatísticas de Desembolsos
e6ca8125-4404-4872-a3de-132a7934dd48,Estatísticas de Meios de Pagamentos
01f57aa3-0f0b-4539-aaf2-b35ddc508875,Estatísticas de declarações de importação
5fa33e22-c2dc-4e71-b752-7bf04413af1a,Estatísticas do Pix
b9f0d498-6547-400b-b3d3-faadfa660083,Estatísticas do SPI - Sistema de Pagamentos Instantâneos
f673f06d-6b41-4229-a2a7-ba6e97629392,Estatísticas do STR - Sistema de Transferência de Reservas
cd2c810b-b3cc-4357-babe-8b71f1c2439b,Estação de Ônibus
0de10346-01d3-47c6-8405-2e705a1fa49e,Estimativa Trimestral do Produto Interno Bruto do Estado de Alagoas 📊📈
85da3ca3-7d3f-4c5b-a961-a3ce3582915b,Estimativa de embarque nos pontos de parada por linha/sublinha do sistema convencional de transporte coletivo
47aee907-77fd-4eec-9b77-1e4be9adbe4b,Estimativa de embarque nos pontos de parada por linha/sublinha do sistema convencional de transporte coletivo - junho de 2019 a novembro de 2020.
98bd4372-164f-48b2-932a-37d48e6257e1,Estimativas de Chegadas de Turistas Internacionais ao Brasil
b0983094-808a-4c0c-b2ae-c94ed2598e60,Estrutura Organizacional PMF
6e6b2ffe-4dba-4279-aa8d-c65919001aeb,Estrutura do Departamento de Educação (DED)
b4ed5fcd-8f36-42cf-8feb-37ec54da93c6,Estudantes Matriculados
6138f9b4-bf1c-4064-8d80-6484dc89f95d,Estudantes PEC-G
87d31454-cd19-428e-be30-ded1a28ba673,Estudantes Participantes dos Programas de Iniciação Científica
196bdb7d-c6a5-4d8a-b628-56e1c84f999c,Estudantes beneficiados pelo PNAES
ecc021e4-dcf6-41e3-a928-54506fd3bdaa,Estudantes com matrícula trancada
36d052fb-976f-4569-a080-9f25b546ed68,Estudantes da graduação
1db6c6aa-3ee5-4b6f-a307-60a5317ad114,Estudantes da graduação contemplados com bolsas de assistência estudantil
83ef5d9a-503f-4888-80e4-8ca4ff3fff63,Estudantes do IFSP em estágio
6ae33d67-2d04-45c8-8b7d-8d4cc56a25d4,Estudantes do estágio obrigatório - Hospital Universitário de Brasília (HUB-UnB)
1db74da5-b3c8-4998-92ed-5b2f36c6090f,Estudantes formados
dd13722d-3309-4b22-a250-95c533f0670a,Estudantes ingressantes
6ae3b080-6bd9-4044-8b53-6ef76c57f243,Estudantes matriculados e ativos
c42ea820-7470-4326-aa8e-1ac341201b99,Estágios IFSP
798fa114-f4d3-4279-9559-3b307acd5e18,Estágios remunerados
c6b50e33-492b-46e9-9567-fcfca1dd6cfa,Evasão
b418514d-eb52-44be-92c1-32a0f480d1be,Eventos
fdc478ba-65e5-4382-8da9-f63db812c317,Eventos - Extensão
26ce6a8c-f4a7-4ec9-b6bc-2c0564d9f80a,Eventos - Projetos de Apoio a Eventos da UFMS
6d968d4a-1222-47af-9c44-10eda9c653e7,Eventos Turísticos
ba69b782-0598-472c-943c-2e7d7c025ea8,Eventos de Extensão
ceb378f3-3663-4ebb-adc8-3baea8b502eb,Evolução do Estoque da Dívida Ativa
800a2c32-7e0a-4922-80aa-6d835eee8812,Exames Laboratoriais Realizados
11921a43-f2f7-4457-979a-0412218a0c22,Exames Toxicológicos
9c51f8e7-a577-41fa-b1be-4377d99e3bac,Exames de Imagem Realizados
a8bac9fb-01cf-49c0-932c-457bbd79d517,Exames de seleção de discentes
7f21e924-97ff-4f59-97db-1b5a02d475b4,Executores de Contratos
9e97dc19-f709-4bc2-a9f6-b40f8befdd80,Execução Financeira
355cb8f3-2bee-4d62-b0e9-75ca83f07bda,Execução Financeira da SENATRAN
121d8bcc-6f02-49a2-b594-ebd4c1c776d7,Execução Orçamentária
f37fa09c-49f9-4e38-b3d9-ab3d3bdf4ff3,Execução Orçamentária
391cdaee-304b-4b6c-8f93-dde371e7f845,Execução Orçamentária
aed01cbc-ed3f-4a77-a081-9a033a8f1345,Execução Orçamentária
cd9668e5-c970-4f2d-8ff9-1e46121438e7,Execução Orçamentária
77e6e452-ac31-4f94-825b-d8eb843ab491,Execução Orçamentária IFSP
669ff37f-3fc4-480f-b6a3-7cc07e0c75c5,Execução Orçamentária e Arrecadação no Estado de SP
a76fad50-831a-44d8-824d-1cd4d2af2667,Execução da Despesa Pública
e010cd64-ddc6-4d68-b559-6022861fbb74,Execução de Despesa Pública
e50c9723-a82a-4790-bbca-df8514379ad4,Execução do Planejamento
2b625baa-5601-4c66-b530-0b6d0128091c,Execução orçamentária
da394fcb-cc6a-4870-a320-59bab1a23834,Execução orçamentária
e30280ce-2b59-46c0-b4bd-b5bc2869626d,Execução orçamentária - UFOB
2c01801b-49f8-41c6-98e4-f32a6a6e17a5,Execução orçamentária UFRR
ff7e608e-073c-4df3-872f-b7b4f9079dbc,Execução orçamentária do corrente ano por ações
2dbe7bad-978d-4d95-8308-9539280e301a,Execução orçamentária e financeira do PNAE
22c11f61-fe84-468a-82d3-86154b6f7fea,Exoneração de empregados - Hospital Universitário de Brasília (HUB-UnB)
expectativas-mercado,Expectativas de mercado para os indicadores macroeconômicos da Pesquisa Focus
f814ae29-84e7-4adc-bbc1-dad66099dde6,Extensão
8052ecac-d2ba-4515-9c6c-902c3de05c41,Extensão
51994dd4-1a31-40dc-9d6e-a863d7957d5a,Extensão - Projetos de Extensão da UFMS
280ee982-1992-42b1-b228-147e3cf0ff34,Extrai Lattes
89e18b49-572e-4371-9933-a0bc26fc4147,FBN: Acervo digitalizado e incorporado à BNDigital  (Obras em geral)
6709bdfd-6b7a-44b2-a4f0-e02f1324ae13,FBN: Acervo digitalizado e incorporado à BNDigital (Periódicos)
c2c7c192-6ced-4674-bec6-958afb0d498a,FBN: Apoios concedidos à difusão da cultura nacional no exterior
b35a8b57-06bd-4cbd-b7fc-a55671a42c47,FBN: Bens patrimoniais imóveis
53ce4436-ae1d-478d-9c4f-1c3dfcaeb48f,FBN: Bolsas de pesquisa
1a2a9304-5382-464f-9607-215d17783c0c,FBN: Colaboradores terceirizados
02a0bf23-2f89-449d-a696-e17e2f06194d,FBN: Contratos Celebrados
323ac766-1158-4d22-aa79-12923ddca8d8,FBN: Despesas
cc7366be-83f4-463b-9856-0758701977d1,FBN: Estagiários
fcc06f42-949e-41c6-a7c7-7cd099669806,FBN: Grupos de pesquisa
1f4e62bc-2c46-47c6-96ad-4f477d362c71,FBN: Itens incorporados ao acervo (Obras em geral)
8b15b432-c975-4d9c-99f7-7569ab75398d,FBN: Itens incorporados ao acervo (Publicações Seriadas)
be6dc4c9-02ba-410a-9447-834a86aaab13,"FBN: Obras consultadas por pesquisadores (obras gerais, manuscritos e periódicos)"
4a9036c8-5259-40c0-b721-3094771d3b6b,FBN: Obras registradas pelo Escritório de Direitos Autorais
9ac38525-bd51-46f5-a4b3-c1bd18bb415e,FBN: Premiações
74e59d58-78c3-4d12-a825-0023777c3f4d,FBN: Projetos de pesquisa institucionais
7aec2432-7ef2-4e47-a26e-0d8134d65627,FBN: Publicações da Biblioteca Nacional
1e830c1d-bceb-4ce5-a6a5-8077a17edc1a,FBN: Quadro de servidores
ae93d046-881c-49ce-89f1-ce2b7407502f,FBN: Quadro orçamentário
bfbb0044-359b-4084-89ca-f6ce8ac8d5a3,FIDC: Documentos: Informe Mensal
2bfc2262-bdd0-4b6e-b871-34f5ef9fb151,FII: Documentos: Demonstrações Financeiras
c35b01c4-1ca1-4b7b-9fdb-bb53c46e934f,FII: Documentos: Informe Anual Estruturado
ec78f70d-f428-4e35-8549-7c7a9ca848a5,FII: Documentos: Informe Mensal Estruturado
79af7483-8420-4e44-af26-06cc336fbed3,FII: Documentos: Informe Trimestral Estruturado
0529d82d-9b15-49ab-b887-2b78430b2586,FIP: Documentos: Informe Trimestral
068bdc6b-f957-4ed9-a187-9719f3020114,FURG - Refeições no Restaurante Universitário
65b18b97-10b7-47da-9678-86a6e6f645f4,Fabricantes de placa de identificação de veículos- PIV
dce873ca-f59a-418a-ae6d-1acb11a979d1,Faixa de Rodagem Rodovia
3edcc3ce-4005-45fa-a949-cd843e37a9c6,Famílias de Baixa Renda no CRAS
50dfd3a8-9b4c-479a-acbe-f0365694052b,Famílias inscritas no Cadastro Único
05760873-840c-4353-99e4-f58dc1ba2835,Famílias inscritas no Cadastro Único por faixa de renda per capita
f70e206a-c83f-40ba-801b-51e393132d40,Famílias no Cadastro Único
fa54c4ea-e105-4828-9625-4bbbbd9cfee4,Famílias por faixa de renda com cadastro atualizado no Cadastro Único
6def1b96-2ab1-4b0a-b8dd-7e92a2ce761d,Fase de Desenvolvimento e Produção
3edfc7a7-94f3-453b-8e7e-5b0b8e2c3ae2,Fase de Exploração
12f36299-ca2c-4e17-8ccb-ca8f3b218f1e,Favelas e Comunidades Urbanas
914c2a38-2f5d-4189-b0fd-f0a711cb17b2,Ferrovia
a3ffdd6a-608a-4fba-b22f-9c3fc16dcf09,Financiamento Estudantil (FIES)
09850847-5ba2-435a-942c-a5dcd7e970c9,Fiscalização - auto de infração
89568872-a865-4e19-8a7c-6f11965a3195,Fiscalização - termo de apreensão
4b292c2e-56bb-4639-9ea2-a9b02fea9558,Fiscalização - termo de embargo
ebd8e92d-4e0f-4dc2-abda-cee1b6dcd8a7,Fiscalização de Conteúdo Local
5af9cc29-bce2-46bd-8144-d0cdbaf401b3,Fiscalização de Contratos e Atas de Registro de Preços
2b346de7-e221-43f7-a155-3993c4353506,Fiscalização – termo de destruição ou inutilização (série A e B)
6877d197-c7c6-4626-b312-e650e5b4f9e6,Folha de Pagamento PBH Ativos
3f3996d2-e92b-47f9-b6df-635af009257b,Fomento à Pesquisa
df942adb-6a6a-4122-a1b2-4c674c2a7bdb,Força de Trabalho Presencial e Programa de Gestão e Desempenho – PGD
22dd8b50-b67e-4df1-ad5a-7babaa68071f,Frequência de Alunos
46669f0a-f8ef-4013-93c0-4d58805262a2,Frequência de usuários - Biblioteca UFU
f2a838cf-59f1-4bbd-b468-f014ea90abba,Frequência dos Servidores - SISREF -  Plano de Dados Abertos 2016/2018
dc096d3c-acff-40a3-bd16-7a750311ca3b,Frota
b055cdb7-8ee8-428e-9577-e33f74271b8c,Frota de Veículos
6f63d1a2-206a-4015-8bb8-af70c47dd93e,Frota de Veículos por Setor e Tipo
09badb8a-e296-4a6d-99cc-b3d3591d53fc,Funcionários Terceirizados
4cd9832d-959d-405e-8e21-69c40187195d,Funcionários Terceirizados
c2441f90-534b-4f3c-a55e-31d602a01b4c,Funcionários terceirizados
588c659b-585d-495e-92c8-9fa85da2d127,Funcionários terceirizados UFRR
677f7671-52da-48a4-ac3e-69cbfa1fedc4,Fundo de Financiamento Estudantil - FIES
bedb15d9-159f-41d8-8fac-e5b65831e518,Fundos Constitucionais de Financiamento
c6bc5f7c-9bb3-4f6c-829a-a429eadef554,Fundos Estruturados: Documentos: Balancete
ed50b021-1b64-4965-9096-a2e7689d6e9a,Fundos Estruturados: Medidas
ab8fb906-d049-4113-885d-de6279d1ee53,Fundos de Investimento: Documentos: Balancete
f01ae864-88ec-4331-b303-96ca31aa2f41,Fundos de Investimento: Documentos: Composição e Diversificação das Aplicações
c4ef718e-6849-4829-847b-ba739d3c0ef2,"Fundos de Investimento: Documentos: Eventuais, DFs e Demonstrativos Trimestrais"
2cc8db2f-b69f-413e-8abb-da17a412245b,Fundos de Investimento: Documentos: Extrato das Informações
b02a5e65-f855-4afa-937a-dcfa4c5dc0ab,Fundos de Investimento: Documentos: Formulário de Informações Complementares
c54097de-1659-42d4-b550-1842b33091c8,Fundos de Investimento: Documentos: Informe Diário
e755900f-7630-419c-8fc4-2e8cef2a50b9,Fundos de Investimento: Documentos: Lâmina de Informações Essenciais
a3287a83-77c5-4b62-800b-b87ae4cb8889,Fundos de Investimento: Documentos: Perfil Mensal
81820d8c-8e3a-4859-a572-de659f3a287d,Fundos de Investimento: Informação Cadastral
09552652-d47c-4d64-823e-3ffb93a31bde,Funções de Confiança
3a4267c8-265e-49fe-9361-cf3c47d422c0,Funções gratificadas
6ca95ff9-b79d-402b-a3dd-5433caee0f92,Funções gratificadas e cargos de direção
9cb8051c-dcd3-47fb-b872-978ee5d3dacc,Fóruns do Estado de Alagoas
a198c867-514a-461b-8a5a-1c4f22f527df,GESP - Sistema de Gestão Eletrônica de Segurança Privada
b5bee9f5-6b54-4c10-9cec-5397e6eeb2c6,GESTORES E FISCAIS DE CONTRATO
2d67f515-c6e3-4ede-99ff-72c3ce931c23,GRADUAÇÃO
134558f4-f390-423c-a57f-24a265e0de5d,Gabinete do Comandante da Aeronáutica
6dfd1cdf-da1c-45d6-b1bf-eb8bb659caa4,Gastos
e7382fb5-3d0b-4e19-82f2-b0e573259cdb,Gastos com manutenção das edificações da Presidência da República
a8729428-f382-430c-abe5-6e5f85aa9a03,Gerenciamento de Autorizações
6d899114-1875-4683-9ff8-883e2899c9fa,Gestores e fiscais de contratos da Presidência da República
8dc037c9-7827-40bb-97c0-e6f7497f98a8,Gestão da Tecnologia da Informação
1bcb7a5e-c386-4624-a7ff-b38b2d4c848b,Gestão de Contratos de Exploração e Produção – Dados de E&P
53ea0987-df7c-4238-8658-8d97c01cb77b,Gestão de Pessoas
1a84bac3-b197-41d4-a8f0-02fa91a8e497,Gestão de Pessoas
0993adb2-8568-4394-bce1-55255872ea4d,Gestão de Pessoas
224c6dea-9886-4ebb-a6e7-c6f80eab7f19,Gestão de Pessoas (Executivo Federal) - Abono Permanência
2663485d-9e7c-4585-9429-ce79a4ecf2fa,Gestão de Pessoas (Executivo Federal) - Afastamentos e Licenças
aa3cdda2-ab18-4ccf-8361-1398e9c25ed2,Gestão de Pessoas (Executivo Federal) - Auxílio Natalidade
4b8439fb-7b2f-40e8-911f-8049a005d180,Gestão de Pessoas (Executivo Federal) - Auxílio Pré-escolar
0713faf5-f13f-42da-9277-ef2c74bd2330,Gestão de Pessoas (Executivo Federal) - Auxílio-Alimentação
b93b0a44-b4d0-48c4-b9aa-6b0503c672ad,Gestão de Pessoas (Executivo Federal) - Auxílio-Funeral
26fa71aa-ac91-4b4d-9bcd-f597226790b9,Gestão de Pessoas (Executivo Federal) - Auxílio-Moradia
a5f89303-5fac-416f-89f1-8ad3928f6e5f,Gestão de Pessoas (Executivo Federal) - Auxílio-Reclusão
69e7e772-64ef-42f9-86b0-361288fc018d,Gestão de Pessoas (Executivo Federal) - Auxílio-Transporte
dbb0f61a-0ebd-4f60-a4bb-dde22f1f893b,Gestão de Pessoas (Executivo Federal) - Cargos Vagos e Vacâncias
b8effd0f-7359-4502-924d-9ec0acb12ee8,Gestão de Pessoas (Executivo Federal) - Cargos de Direção e Assessoramento Superiores (DAS)
e7bbb533-6789-498d-ac01-d5a8224b98e7,Gestão de Pessoas (Executivo Federal) - Estatísticas de adesão ao SouGOV
54b39e8b-bd25-4f00-82f8-b6122a08e79c,Gestão de Pessoas (Executivo Federal) - Gratificação Temporária das Unidades dos Sistemas Estruturadores da Administração Pública Federal (GSISTE)
7e099d5b-1bd9-4a73-880e-8dc40c6730eb,Gestão de Pessoas (Executivo Federal) - Gratificações
76f1d6af-e74f-485f-b790-771eaca9fcb2,Gestão de Pessoas (Executivo Federal) - PDV (Programa de Desligamento Voluntário)
c76a1bc6-2330-4b05-b3dd-491124931496,Gestão de Pessoas (Executivo Federal) - Pensionistas
b583eb74-c3e4-40a2-bace-e5e02f1d4f7e,Gestão de Pessoas (Executivo Federal) - Tabela de Remuneração
610361e5-148d-428a-b7b3-ffd95e80bcad,Gestão de Pessoas (Executivo Federal) – Aposentados
6488050e-b178-4454-be38-e466f232eb09,Gestão de Pessoas (Executivo Federal) – Remuneração Compensatória - “Quarentena”
d6642f03-2811-4ea5-8a44-03a8577ce165,Gestão e Manutenção da Propriedade Intelectual
c476384f-5ef5-45a5-ba1f-531a44f6cf1e,Glossários dos Arquivos de Benefícios - Plano de Dados Abertos Jun/2023 a jun/2025
35966e16-ef3d-4c11-a8b4-4cd88b1dad50,Graduação
4b50b2ae-ce84-43a8-91a6-3361ec0a4f07,Graduação - Alunos da UFMS
5ef5338c-33fd-441a-ab73-b461e66713da,Graduação - Cursos da UFMS
1637ce4c-f7fa-4be9-bcb6-ff9f795b2508,Graduação - Diplomados
7e3d23ba-07a6-4d4a-b029-e56cf9b184b4,Graduação - Disciplinas das Graduações da UFMS
b0779223-f49e-4951-9328-745ffb5b8d95,Graduação - Disciplinas por Curso
2d9e566f-3cae-4cdf-8ff8-08ed02cc91ae,Graduação - Evadidos
fd2c6f94-77e2-4520-92a9-25216a22dd4f,Graduação - Ingressantes
9eda7d71-bb81-46b4-8e3c-9161346b6ebc,Graduação - Lista de Egressos das Graduações da UFMS
c567364f-0f78-43eb-9195-affcfdfbd4a2,Graduação - Números de Vagas Ociosas da Graduação
1154e2df-c0b2-4fb3-b21d-8a9aaf79c878,Graduação - Quantidade de Egressos das Graduações da UFMS
6d9a2d03-1905-41cd-b7a4-9aa8dfa57768,Graduação - Quantidade de Estudantes Cotistas da Graduação
c08666c6-01a5-488a-9ff4-d1539ee33d7d,Graduação - Quantidade de Ingressos das Graduações da UFMS
20c88258-f188-45f3-9e87-bc349973c9b0,Grandes Números do Imposto de Renda da Pessoa Física
b516631a-380c-4cbf-84ba-b957b38a8ee6,Grupos de Pesquisa
671eab86-85dc-463f-8c57-e9cb7400f357,Grupos de Pesquisa
ec7fca66-4787-4812-993a-b35cac0c3061,Grupos de Pesquisa Vinculados ao Centro de Estudos e Pesquisas do IBC
ab97c852-9d30-41e4-8ba6-38de7e9d21dd,Grupos de pesquisa
a3bceafd-4dbc-442f-9778-cc9bf88d837b,Grupos de pesquisa - UFOB
2cd88170-d3f2-4c91-927b-c1a52a8837f0,Histórico do VTMIS (Sistema de Gerenciamento e Informação do Tráfego de Embarcações)
4d575875-b49e-4fd3-87b3-33ead9132cbc,Horário de atividades semanais dos docentes
791730b2-50bd-41ba-adf2-d915b88f712a,Hospitais e Leitos
4cf8bc8c-a2c1-4bdf-9018-bf309c6644c6,IDCRAS 2016
85c6a3f1-ed38-4838-b554-8dc15a68aaeb,IDCRAS 2017
2c8eba79-2aee-4a8b-b8c2-e0f21b7f899a,IDCRAS 2018
b7f53841-9d3d-4e55-a4af-f6129756d494,IDCRAS 2020
f36f2939-8e59-41f0-9527-6408e602808a,IDCRAS 2021
7ee3c600-50c2-4e5d-8077-90dbeab2d4e0,IDCRAS 2022
86d763ec-7ca4-49de-9b08-88bc597b0bf5,IDCREAS 2016
e20e53bd-e9b1-4a4f-a425-d92349c204f0,IDCREAS 2017
e7538316-34ed-4ea4-ba77-3d66d38aed1f,IDCREAS 2018
96703365-3e23-4505-b2a6-e31ea4c2fb6c,IDCREAS 2019
b58a2eb8-3db2-45d4-a089-165e599822ec,IDCREAS 2020
cd60efd0-e341-4817-94bd-c99b673eeb21,IDCREAS 2021
0a41fa1f-32d9-4abc-9b0d-cc65a4f05db7,IFCultura
c728e5aa-94b7-4676-a815-ef10d1f68110,IFData - Dados selecionados de instituições financeiras
7cacb2c4-b165-4591-a793-9ed20d1f167d,INDGER - Indicadores Gerenciais da Distribuição
c785bb77-072c-42b5-ab51-4efc72b84fc5,INDICADORES DE AÇÕES DE EXTENSÃO
f43173ad-aa71-40ea-94ca-e6c3d8d39f23,INDICADORES IJF 2024
7f7affe5-5d6e-4e94-a217-c1a00543265d,INSS - Contratos (GCWEB)
ab930c21-9d46-46ab-bfaf-8749e3bc2dd3,INSS - Frequência dos Servidores - SISREF
bb444829-12dc-47c9-880b-b49d6f4d1d11,Implementação e Execução da Lei Paulo Gustavo (LPG)
9538203e-58a4-4612-b57c-bdd0a5c7e5bd,Implementação e Execução da Política Nacional Aldir Blanc de Fomento à Cultura-PNAB
223828de-207d-44e3-acf1-5e0833844e70,Importações e exportações
5a62af54-c827-46da-b47d-4117c84d10bd,Imóveis funcionais da Presidência da República
07a2a299-3b65-45d3-89e2-18940daa1256,Imóveis para alugar
57034b9d-dfab-4308-bf81-cd47a8953efe,Incubadora (TecnoIF)
158ae77a-64b7-40f0-a607-8e0020c99f97,Incubadora do IFSP
91defea4-467e-4500-86be-0a4f7fdd6337,Indenizações dos beneficiados pela Lei nº 10.559/2002 - Anistiados do MD
4a6f5753-b8d7-4909-944a-ee3d93d32b3c,Indicador da Juventude - Frequência por Nível de Ensino
2e7e1856-b0c4-4cec-a7e0-636164230284,Indicador da Juventude - Frequência por Nível de Ensino Obtido
f8b3f896-23f0-463f-b186-c02dd1e953ba,Indicador da Juventude - Jovens Ocupados por Posição de Ocupação
cb4294e2-8bc1-478b-8402-5fdb1a01a01d,Indicador da Juventude - Jovens ocupados por faixas de salário
6015656f-a1c8-4ec2-b2ba-b4f53c307176,Indicador da Juventude - Jovens por Faixa de Renda Domiciliar Per Capita
11a27987-c4e4-490f-8ee0-af3fc3ce78e8,Indicador da Juventude - Jovens por Nível de Instrução
d5f0712e-62f6-4736-8dff-9991f10758a7,Indicadores Coletivos de Continuidade (DEC e FEC)
3559d27f-7139-44d3-9281-fed167ab44a7,Indicadores Estratégicos
5a312d7f-50ea-41e6-a572-f04832094569,Indicadores Financeiros
c76dfc3b-618e-43e4-902a-a2bec6b7e927,Indicadores IJF 2023
f6f5280f-2364-4ee9-a3cb-c5977a6b78bb,Indicadores Sociais dos Ingressantes - Graduação
92fe0dd2-92d8-41f9-96e9-5bc835b1cb86,Indicadores Sociais dos Ingressantes - Stricto Sensu
0df379e0-88e1-45f0-849a-4db66123b328,Indicadores de Cidades Inteligentes - TELECO
51f2d7ea-3171-4d22-9115-3384113d01df,Indicadores de Conformidade do Nível de Tensão em Regime Permanente
2e8d3459-1a3a-4e9a-8b7c-332d9e8fe00e,Indicadores de Pesquisa
51629da0-65cd-49fd-b582-4b27818d0972,Indicadores de Produção dos Hospitais/UPA
591fe0aa-5ec1-4e5f-bf69-4f5f5de385bc,Indicadores de Sustentabilidade
523ca202-7e06-4b6c-bd7c-8be6eefa2b33,Indicadores do PDI
543c0131-366e-4738-b100-df786c696569,"Indicadores do PPB - Habilitações, Fiscalizações, Portarias e Consultas Públicas publicadas"
bed78255-3319-4edf-bff6-18e103eaf8a8,Indicadores dos Objetivos de Desenvolvimento Sustentável - ODS
f6d8c7d1-4dee-4149-9adc-b553f953e10e,Indicadores e Metas oficiais da Plataforma ForPDI
e2fdb29b-7b7d-42f9-b1a6-ff3b881ef1ef,"Indicadores que avaliam a satisfação do passageiro com os processos e serviços aeroportuários a ele oferecidos, coletados nos aeroportos durante a pesquisa (20 aeroportos principais)"
0b31b642-4318-41c5-af3c-b67c9ea2d3c0,"Indicadores que avaliam a satisfação do passageiro com os processos e serviços aeroportuários a ele oferecidos, coletados nos aeroportos durante a pesquisa (41 aeroportos regionais)"
8d0f9bf8-1b8b-4a64-8ee0-01de487b16ec,Indicadores sobre Abastecimento de Água - Funasa
a6a495b2-97ef-4aee-a4e0-81cc42852073,Indicadores sobre Atração de investimentos pelo Ministério do Turismo
058633d7-6ca6-4df6-b817-8bf46dd32089,Indicadores sobre Caminho da Escola
977b653d-9049-474d-b299-32db223e3d97,Indicadores sobre Ensino Básico - Caminho da Escola
d431e4db-aa81-4d6d-a8c4-493ca2e7051e,Indicadores sobre Ensino Básico - Creches
b1e95e90-bf64-49c6-8c37-9e832a86ba6d,Indicadores sobre Ensino Básico - IDEB Brasil
81cbefc7-609b-44c9-b3da-de1ad610daed,Indicadores sobre Ensino Básico - IDEB Por Estados
b791f36e-efc4-43f4-a7ef-fcee297a037e,Indicadores sobre Ensino Básico - IDEB Por Municípios
d81b2158-25a2-4b05-b81f-d358f9f6c0c0,Indicadores sobre Ensino Básico - Mais Educação
abdaff18-e84e-4003-a420-c64b6b8af140,Indicadores sobre Ensino Básico - PDDE - Programa Dinheiro Direto na Escola
9372f90e-220c-42e8-8391-f577b54f8c89,Indicadores sobre Ensino Básico - PNAE - Programa Nacional de Alimentação Escolar
d433d30d-99bd-453b-9ea6-820778c0dde3,Indicadores sobre Ensino Superior
07b5d7d2-c34f-4f98-a4ad-7fc04807225d,Indicadores sobre Ensino Superior - Cursos
2ebda4bc-3900-4586-81cf-ded4cfbebc9a,Indicadores sobre Ensino Superior - Graduados
d3c90205-ee3b-4b19-b822-f317458fb85c,Indicadores sobre Ensino Superior - Matriculados
9646952f-910a-477c-9a51-6cc61838cc59,Indicadores sobre Ensino Superior - PROUNI - Programa Universidade para Todos
e7db4328-a434-40a3-ac66-4e2c2d7f5e17,Indicadores sobre Ensino Superior - Rede Federal
93b2740e-329b-4ef6-ab15-0ed59084f78d,Indicadores sobre Ensino Técnico
16af9251-fde3-4726-bda9-2a83f23c47c4,Indicadores sobre Esgotamento Sanitário Funasa
7e524b86-43fd-457e-ab1b-518f59784a1d,Indicadores sobre Esporte e Lazer da Cidade
6f781a51-0826-4bdb-9c41-1a6512f48b5f,Indicadores sobre IDEB Brasil
55c09ed9-e36d-426b-9055-37f522f4dcd3,Indicadores sobre IDEB Por Estados
02e1ab53-1a06-48b5-a9b5-832a40514d64,Indicadores sobre IDEB Por Municípios
b3d523dd-93d8-4abb-b1c4-329e4403e7bf,Indicadores sobre IDHM - Índice de Desenvolvimento Humano
0ecf295d-a209-47b3-8200-0970d3953cfe,Indicadores sobre Incentivo fiscal para projetos esportivos
0ed7073a-2f8c-4c54-be02-6462e1e9b0ac,Indicadores sobre Mais Educação
348b56f5-30e8-4ca6-9a6b-abfd79dfb603,Indicadores sobre PDDE - Programa Dinheiro Direto na Escola
61fb3283-5c5e-45ea-8654-31324418e4f6,Indicadores sobre PNAE - Programa Nacional de Alimentação Escolar
7dd1f5cb-879f-4c7e-a366-4eabc9ccae90,Indicadores sobre PROUNI - Programa Universidade para Todos
a56c6ac7-e5bd-426a-84f8-0ace64ab0873,Indicadores sobre Resíduos Sólidos - Funasa
57ebe979-501c-4aa9-8152-16f2bd52181e,Indicadores sobre Saneamento em Áreas Indígenas Funasa
87cfe915-b8c9-4cbf-9808-72b5d912b88d,Indicadores sobre Saneamento Áreas Especiais Funasa
f3cd724a-ceb1-4938-a550-10154018b825,Indicadores sobre Segundo Tempo
743e7e8b-90b2-4587-974c-14085f18d9a9,Indicadores sobre Sistema de Informações Ambulatoriais do SUS - SIA/SUS
ceb1197d-2533-4942-9aba-7e7a102b5df8,Indicadores sobre Sistema de Informações Hospitalares do SUS - SIH/SUS
5ae44a9c-8f38-49cb-80bb-faa81dabc698,Indicadores sobre Sistema de Informações de Nascidos Vivos - SINASC
f9ebf1f1-8d27-4937-b330-f29b820dca87,Infopen - Levantamento Nacional de Informações Penitenciárias
8811b375-028f-4c3c-98f1-85737249812c,Informação Servidores PMF
3eb4a485-d7ab-46cc-bae0-0fee07680b05,Informações Classificadas e Desclassificadas
993af31d-8417-4b52-8046-6671788f573d,Informações Contábeis
29e6be5e-2cdf-4191-a8ef-a69151e17f8f,Informações Câmpus IFSP
0b2950e4-79eb-4e62-997b-1261a1677a3d,Informações Legislativas da Câmara dos Deputados
b1fc0c00-93ed-4b80-9f7b-cbdbf8d3ebb6,Informações Processuais - SIPPS - Plano de Dados Abertos 2016/2018
7de6bbfd-5725-486c-9675-b9a20d2573fd,Informações de Rotas de Ônibus - Ref. 03/2015
aa285988-57c2-4e42-9949-97ca172f682c,Infraestrutura - Cobertura da Telefonia Móvel
ee46a83f-5838-41a2-85e9-067906d022da,Infraestrutura laboratorial
3a3b7b40-c715-439d-9dff-f22b47fc5994,Infrações de Trânsito
5fa626a5-ba39-4ebe-bd42-c7c04495dd36,Ingresso - Dados de Candidatos
74ecc6c6-443d-4515-8311-c6125cddca7d,Inscrições SISU
5cb74314-b2d8-4bcb-8330-f7acda1ad060,Instalações portuárias privadas
b7c76c82-1d9e-445b-96ff-736cd643ade0,Instrumentos Jurídicos formalizados pelas Unidades Orçamentárias 0800 a 0805
ced34372-fa58-4dcd-9ab7-ccf2c302efe7,Internacional - Linhas Acordadas Mercosul
24e766b3-9378-4410-b692-0b7092d3dcb6,Internação  hospitalar - Hospital Universitário de Brasília (HUB-UnB)
211644e3-1aa5-44f2-be61-01d4ff98f443,Internação Hospitalar HU-FURG
fee94234-7fd7-4e06-80a8-9a574a473c7b,Internação em UTI - Hospital Universitário de Brasília (HUB-UnB)
78b0d009-7d07-4a17-8fa0-cf7e9d6dc21e,Internação em UTI Adulto - Hospital Universitário de Brasília (HUB-UnB)
293162d5-8618-4331-b7f2-34b73138b934,Internação hospitalar
6e43185d-5895-4bc6-a6e3-4c80278a7ff6,Internação hospitalar HE-UFPEL
95b19b99-6a6e-4563-b574-ae3f73c58743,Internação hospitalar na UTI HE-UFPEL
9c6a1072-3e6d-490b-9614-482b98bd8c2d,Internação hospitalar por leito
fb4441e6-148c-4808-84c9-70a86b84222e,Internação hospitalar por leito - Hospital Universitário de Brasília (HUB-UnB)
07010c25-69a8-4278-8d3b-4ae0eb555bc8,Internação hospitalar por leito HE-UFPEL
83ad7dd3-8b00-4f7f-b546-8ed2ff4b346a,Internação hospitalar por leito na UTI HE-UFPEL
686f0d6a-0fca-4cc2-965d-f848b008c01e,Internação hospitalar por unidade de internação HU-FURG
0d753904-d6d3-474b-a7b0-385ec96323a0,Internações Hospitalares Realizadas
ccb25653-f07b-4f28-84c2-62a89d1f5a56,Interrupções de Energia Elétrica nas Redes de Distribuição
ee9a2a50-752e-4b78-86ef-df6181a36123,Inventário de ativos (tecnologia da informação)
48a7fd9d-78e5-43cb-bcba-6e7dcaf2d741,Investidores do Tesouro Direto
e048826b-b6b0-4d92-9204-fd218b1f25b3,Investimentos Públicos
1b15f00b-ceb3-46b7-9bb1-1b1557465caf,Investimentos e Inversões Financeiras - Série Histórica
7e290fc6-4ceb-4ffd-9c8e-063e8a19d944,Jogos Internos do IFC
389cb934-a00b-4ddd-8cc8-b880daecefb4,Jovens com AIDS por UF - 2010-2019
81ea7c30-4914-4502-8c6a-94a332bf379e,Jurisdição Escolar Ensino Fundamental
2ddcc9af-9e37-4d62-8639-d29dadff55a1,Jurisdição Escolar Ensino Infantil
b497e480-3772-45be-afba-3ed82e110291,Jurisdição Escolar Ensino Infantil Creche
fb78d7a5-3883-4ce8-a29e-7bcc8cf1c8c7,Jurisdição de Vias
41427c41-eee7-4773-823b-326a519d23e8,LICITAÇÕES E COMPRAS
6ee16469-7821-4055-a87c-20847b3d1e66,LICITAÇÕES PUBLICADAS SUALOG-SMFA
42e6a455-218e-496d-a53f-5baa5de8ef7e,LISTA DE SERVIDORES  TAE
dc0dac34-5407-4fd4-9db7-b54178c8185e,LISTA DE SERVIDORES DOCENTES
1ca42b28-9010-423a-a406-e875cc848a35,LISTAGEM DE EMPREGADOS TERCEIRIZADOS
e8f25723-da43-4b2c-b642-40f728c69ae8,LISTAGEM DE EXERCÍCIO ANTERIOR
a77d0231-db4d-4f10-9a0e-41c4bcca779f,LOTACIONOGRAMA
657dc8aa-4904-4aaf-bffe-de3e9789f290,Lançamentos de Ofício do ISSQN
417a755c-4449-42e7-a60e-143a83dc130b,Legislação Ambiental Brasileira
86041278-2cfe-40fa-b824-e8062a907521,Licenças Operacionais
54b65f54-754a-48eb-a42d-c9ce04a32344,Licenças de Atividade em Banca de Jornais e Revistas
132f5ed7-f194-41c8-b121-558b01006899,Licenças de Barracão de Obra Suspenso Emitidas
f2236789-886e-4e31-b2b2-ee90809173c8,Licenças de Caçamba
bac05c4e-fbb1-4bc6-ab5d-ba4dab38d0c2,Licenças de Comércio de Alimento em Veículo Automotor
031929b9-89f5-451d-b050-1ac17a27ab8b,Licenças de Comércio de Alimento em Veículo de Tração Humana
00fd30cf-937d-402b-8c97-382eaf1b2cf1,Licenças de Comércio de Alimento em Veículo de Tração Humana com Atividade Compulsória
30d7b144-f3de-40e1-ab7d-eb067d83b991,Licenças de Comércio de Alimento em Veículo de Tração Humana para Venda de Frutas
d2141903-66cc-4ee2-a3eb-3d80ac77ea30,Licenças de Demolição Emitidas
33762a02-e7fc-4849-b8e9-11acbb81d33c,Licenças de Engenho de Publicidade
7b2721b0-a8a7-4ac0-b3c6-a16a50261126,Licenças de Engraxate
569b34f6-4d3b-412f-b733-ee57f7958762,Licenças de Eventos e Feiras Concedidas
6bfe4ea8-10a4-4f24-b666-8c5b6fa32beb,Licenças de Lavador de Veículo Automotor
1adf0695-47e0-4518-8dac-daaa363e41d9,Licenças de Mesa e Cadeira
1d1f7467-7762-40d7-8029-9cbc4fd54807,"Licenças de Movimentação de Terra, Entulho e Material Orgânico Emitidas"
dd46f10b-5356-46ca-9186-f91fcaee96a8,Licenças de Muro de Arrimo Emitidas
028ed140-5c2b-4a6c-adb0-26a1ac9cb82e,Licenças de Reforma Emitidas
72bf19cd-3a84-4c06-93e8-715ff528c156,Licenças de Tapume Emitidas
b46ef011-5786-4708-a5fe-73d5e13d5753,Licenças de Toldo
6cf30a0b-d68c-40bc-8a13-179e956c4cb6,Licenças de Viagens do Fretamento Contínuo
74777f97-3685-4af9-8c7b-ee2c335963a0,Licenças de Viagens do Fretamento Eventual e Turístico
81d54f84-1df9-43fb-af09-4a36ac3d335c,Licitação
c1f13255-53e2-4f80-8692-e0f81d794136,Licitações
3d9763bf-f44f-4217-84d8-655f43112bfb,Licitações
d405501c-de88-484b-9f15-b720f1cd46f0,Licitações
eaa051f5-779a-4d0c-9e35-41c5c3e5e7a0,Licitações
e089ab7f-4d25-4054-8bdd-147827da7e95,Licitações
679778ed-7fa8-4ce6-aa30-202204a9284b,Licitações
646e12a6-df2b-4724-b3df-e8b0992670c8,Licitações
788e238b-3bdb-4019-8e36-2bfc0ae7713c,Licitações
76711d74-7661-4c5b-93f4-f160f34f488d,Licitações
31a1edfb-8bad-4508-9687-2e2950146b15,Licitações (Unifesspa)
92c50712-34c9-4a25-bff3-2df5ad523852,Licitações - UFCA
a4640adc-2336-451a-ae79-c55be980a3f5,Licitações Concluídas
dac94c88-7df5-455d-9375-06ce14898496,Licitações PBH ATIVOS S.A.
77ad3c49-5848-4aa3-9510-d1b9aa6ed160,Licitações e Compras Sem Licitação
a7d474d8-a379-421d-9a61-ef36c5fa6d47,Linha de Transmissão
7172ff8e-2267-42ea-91ab-9a891227158a,Linhas de Pesquisa
c6e30431-9152-4706-8751-3f43f5a07941,Linhas de Ônibus - 2012
3275532c-5a53-4654-ac94-8591d3ee0b80,Linhas de Ônibus - 2013
673a85aa-72d1-42e7-8e71-41dd5e875dd3,Linhas de Ônibus - 2014
14ed1f6a-d823-470a-895a-15d9bd544943,Linhas de Ônibus - Janeiro a Março/2015
0d70de21-ebcb-4835-bb5a-e5d446754af2,Linhas de Ônibus - Ref. 03/2015
621f9a72-e740-4618-8f97-3becedfed05c,Lista anual de Termos de Permissão de Uso - TPU
97fffc12-a631-4c0c-af86-e0ec55adeade,Lista da Flora das Unidades de Conservação Estaduais do estado do Rio de Janeiro
859f9db3-a170-4a60-b7cd-a466ba205cd0,Lista de Conselheiros do Programa Nacional de Incentivo ao Voluntariado
02334059-a38a-408b-8b85-44905cbe426e,Lista de Espécies da Flora do Brasil 2015 - Brazilian Flora Checklist
a0f17711-5185-4a95-92a3-2899e4d5adc5,Lista de Força de Trabalho do MTE
9aabdde5-38dd-4782-838f-fc8eb60c8f15,Lista de Terceirizados do Ministério da Justiça
09f11066-38a2-4da5-994b-838e697a915d,Lista de Tratamentos Administrativos Aplicados às NCM
d2454587-362a-48dd-9ba1-8d1c054d76eb,Lista de bens permanentes cadastrados no sistema da UFU
1aacd720-49ba-4964-9071-daffb1047bf1,Lista de certificados emitidos para ações de extensão
f3baf720-094a-448e-aca9-bddf8c03d8ed,Lista de funcionários das empresas terceirizadas - UFU
8b1dc734-7b54-471c-bcea-00f2fdf4bbe4,Lista de Órgãos do SIAFI
5c918641-61d5-4f1a-aab1-cf551dda0bb2,Lista e receita dos cursos de extensão ofertados
341cb58f-95b8-45a2-848a-ff58ea142630,Local de Entrega Voluntária - LEV
e43efcf3-9dcd-4aa4-b52a-26e9c6acbdb9,Localização Pontos de WiFi Público e Gratuito - 2023
96f7127f-b64f-4964-b0ba-95484cd3fc6f,Localização das Vagas de Estacionamento de Idosos
5b753436-1655-47eb-9c6c-ea42affc86ac,Localização dos Imóveis
10683b53-2dc5-46a4-b992-662656a18a4f,Logradouro
c11179f7-fbd1-480d-a4c3-377397fe9d09,Lote Aprovado
5aa9e9f6-a236-49da-9825-488e7ecf7e6b,Lote Cadastro Técnico Municipal
437b50fb-53cc-49c8-8f90-231e5b07cbba,Lotes enviados para Protesto
33905cde-84d6-4aa0-9305-ad6771de215f,MONITORIA
fd25e5c5-5a60-414c-91b7-0c9f3503eca1,Malha Cicloviária Georreferenciada
c91a6fc2-f9ec-4bab-879f-1cb39fe19454,Malha Municipal do estado de Alagoas
03826f29-c27b-4086-ae8e-384fa36e2603,Malha geométrica dos municípios brasileiros
3c9311c4-ad13-4730-bb6b-bb0f5fda2910,Manifestações de Ouvidoria
acddf408-abba-4454-9d4d-9f38fc3d590e,Manifestações do ICMBio no procedimento de Licenciamento Ambiental
b4f017b3-2248-4c24-9d20-601bfc400162,Manutenção Predial
93386ee4-4e12-4d24-82ff-3c411d7b9685,Mapa Político-Administrativo do Estado de Alagoas 🗺️
9f9dd96c-5d6c-4e40-8c3b-fe34c8312988,Mapa da Cultura
1ecb8609-525d-4d22-8de7-de09421c0cc2,Mapa das Bibliotecas Públicas
2b6ce610-2297-4edc-b8e6-b47245fa4a31,Mapa das Organizações da Sociedade Civil
7ae4d4b4-6b52-4042-b021-0935a1db3814,Mapa de Controle Operacional (MCO) Consolidado
da1f99d3-3dd6-4bdb-8ca4-91f94da93eff,Mapa de Controle Operacional (MCO) Consolidado - Abril de 2014 a Março de 2022
a84a11ca-d4a2-481b-9382-212b6d399405,Mapa de Controle Operacional (MCO) Consolidado Suplementar
4934575e-c59d-4390-b7d2-fd2f3e17cb92,Mapa do Turismo Brasileiro
84d1e1e4-98e8-42f3-b449-f5738af0d247,Mapas e dados da Educação
8297ad93-3727-441d-ac7d-780d1f5c9604,Marinha do Brasil - Embarcações
ca9109eb-cfea-4766-b65c-a5ff1ee00dbb,Materiais Permanentes - ADMPER - Plano de Dados Abertos 2016/2018
47e95795-70e5-4ad3-b0e1-03d669affd53,Materiais de Consumo - CMC - Plano de Dados Abertos 2016/2018
1bb92711-db30-4f2e-b4e6-d939b95de894,Material - Combustível automotivo - Classe III
af7591c3-ff1e-420c-b1f0-2bc5dd22ab37,Material Rodante
ad7a0dfa-2fd1-4424-9d32-773c78c4db69,Material permanente para acessibilidade
6aee442c-205a-432a-b777-17a5cfab6cdf,Material – Classe I
9d29c7cf-6bdc-4d19-b052-8e21cfe212cb,Matriz Origem Destino de Passageiros com base em Big Data de Telefonia Móvel
ea648320-a9d2-45fc-bd72-8ef0f51b4a4c,Matriz Origem Destino de carga doméstica baseada em Notas Fiscais Eletrônicas
269a7a3b-34f1-4141-952e-dc150291c84f,Matriz Tarifária
d875869a-1c06-4c64-97cc-8925185a6a18,Matriz de Dados do Crédito Rural - MDCR
996a9031-0d78-4054-9e9b-b65c90f462ac,Matriz de correspondências
3bd23aba-eb8b-448c-a31f-77d48557102d,Matrículas
53c86ae6-2591-46eb-83c1-0fba1a5e6f78,Matrículas
c8650d55-3c5a-4787-a126-d28a4ef902a6,Matrículas Em Componentes
a7ee6b04-9370-4b28-ac51-93a6c38f7b1e,Meio Fio Quadra
808160e6-c2a5-478d-8096-d29d7d019702,Memorandos de Entendimentos (MoUs)
0cac1851-45fd-4ed4-bd2b-2a7059b0c374,Mesorregiões do Estado de Alagoas
087ed86f-12fd-45d3-9b0f-22f9f6842d9f,Mestrado
3576f0f3-cdd9-4c27-8d97-7ab1fcc4d3b5,Microdados amostrais do Cadastro Único
b471e163-4238-4875-99c0-abadbfc3e84e,Microrregiões do Estado de Alagoas
3b5ed107-267d-4730-ab4e-5abddc195085,Missão de Paz no Haiti - BRAENGCOY
993d9535-e6d6-4b80-8e5a-23da4bc59a61,Mobilidade Acadêmica
3a75ce1f-f806-4f78-8cfe-b0ff0bd31169,Modelo de Governança e Gestão - Gestão.gov.br
9916f633-05bb-4786-8130-4e6c7d9790a3,Monitores de Graduação
9ad4f6aa-ecf5-40a8-86da-f903fffaec1a,Monitorias
c0726994-4010-4697-8d04-1d7950f0eb85,Monitriip - Indicadores de Implantação
989414bc-6327-4a1c-be47-22ba31a9d271,Monitriip Bilhetes de Passagem
e8c89534-b129-4059-b640-46f7e6609228,Monitriip Serviço Fretado - Paradas
8ddd197d-81e6-43bb-a2b3-c9a158ddfbae,Monitriip Serviço Fretado - Viagens
a174102d-cf74-413b-b0d6-85d3af3efad3,Monitriip Serviço Regular - Paradas
a7bcf9d2-3659-4783-8a9d-d91c69204ebb,Monitriip Serviço Regular - Viagens
46b63744-882a-473e-8990-b2feb740fb8e,Moradia Estudantil
e94c3a0f-56c2-4663-9559-0453b366475e,Mortalidade da Internação hospitalar na UTI HE-UFPEL
d30e0616-62b3-46a1-aef2-944cc0bee3fe,Mortalidade da internação  hospitalar - Hospital Universitário de Brasília (HUB-UnB)
1bdf7d3f-0c8d-463e-80a4-2c726963ee95,Mortalidade da internação hospitalar
3084884e-b91e-44a8-914d-05817de021a2,Mortalidade da internação hospitalar HE-UFPEL
fb318e9c-8d0b-436b-a849-ad3b082ac6a8,Motoristas Habilitados
14722933-b85a-40db-a293-8524e0747f96,Movimentação de derivados de petróleo e biocombustíveis
ba6286aa-2bd0-45c6-97d2-ec59cfab082e,Movimentação e Tempos de Despachos Aduaneiros
23d91558-635d-432d-87ac-59c7fa59b96c,Multas aplicadas - vencimento a partir de 2016
115d3d0c-2dd9-4fb2-a89d-031941a76a27,Museusbr
b2b1c040-9bc8-4aba-8659-c7e48b31b825,Média de Coeficiente de Rendimento
b2d12604-f23e-450f-906c-296753096c94,Média de Notas
9d80920f-8234-486a-b197-02f318342908,NFS-e emitidas e tributadas em BH
a414f87b-1024-4c37-95bd-605fbb108def,NFS-e geradas no mês
3b15fe04-7cc9-45a4-b8a0-205f909babcf,NFS-e tributadas fora de BH
cbc23962-1985-47e7-9af0-d87cdc464a1e,Nascente
f694c9bb-a70f-44fa-85b4-e7320068d0ed,Nascidos Vivos
c40d6eab-a7d9-47ac-8ac8-46159c20d1a2,Nomeação de empregados - Hospital Universitário de Brasília (HUB-UnB)
84370c45-e6e0-4339-8aa0-1f59e4f707eb,Normativa Docente
34f66abb-83bc-4092-8bdd-3fa6e90742de,Notas Técnicas - Comércio Exterior
9d49d370-dd38-474d-847e-01ff6dd4830c,Notas Técnicas - Comércio Varejista
e90fa74f-6613-4237-b89e-5b3e3fcdf965,Notas Técnicas - Contas Regionais
75b7957f-9c97-41e0-85b7-37838bce11b6,Notas Técnicas - Especiais
15a62ad2-6b38-4831-9ec6-ecfde7ba3e04,Notas Técnicas - Produto Interno Bruto dos Municípios 📚
49205c83-4324-4959-90d6-472b211b839c,Notificações / Penalizações de fornecedores
d7350b9f-d2d7-4bdf-87b8-776a24fc8643,Notificações de Síndrome Gripal - 2020
438e7e28-f1a3-4e2e-a20b-3813ae052fed,Notificações de Síndrome Gripal - 2021
412f2d81-135f-418c-ac4b-7c575cdee113,Notificações de Síndrome Gripal - 2022
bf79d56d-9e3e-494b-818b-d4c93402bcab,Notificações de Síndrome Gripal - 2023
1cafa064-b37d-4867-90ff-1e7eb71206ef,Notificações de Síndrome Gripal - 2024
b51ac2cc-7e73-4c1d-860b-735353ff4dd4,Notificações em Farmacovigilância
fc1675cf-ce91-4094-907b-6e0bc0cd5eb9,Notícias
c09f7348-576d-4f85-b784-b08056f8d529,Novo conjunto de dados dos custos mensais do Programa Meio Passe Estudantil
6da1b554-4454-46cc-8faa-885b3ac255d4,"Nº de altas por unidade de internação, por mês"
10077ed1-8f1c-482f-86b6-e4e3c7355c1f,"Nº de atendimentos realizados pela farmácia, por mês"
ba7ee0d3-52fe-4508-8409-ba92c5ae65e1,"Nº de cesáreas, por mês"
5a0c708c-2c9f-40ae-bcde-e187d293c2cf,"Nº de cirurgias por local de realização, por mês"
7b31140e-5f8e-4887-a93b-648c8777c133,"Nº de consultas ambulatoriais, por mês"
454904d6-209e-423c-94e8-1da792c21c07,"Nº de consultas na emergência, por mês"
6c58ea80-56fd-4787-8e5e-0a62192ee633,"Nº de exames laboratoriais, por mês"
7dc41067-5d7a-438c-afae-33592e4b1bd9,"Nº de exames por imagem, por mês"
288d5edc-1d07-4687-b5dd-b8abba97ae05,Nº de funcionários Ebserh
091758e8-29ea-454d-a33f-1e28019bb0c3,"Nº de internações por unidade de internação, por mês"
b9bbe4c9-0da3-4b95-a81f-f01fa4414c78,"Nº de outros transplantes, por mês"
384448c2-0534-433a-9085-9efbf65037ce,"Nº de pacientes dia na unidade, por mês"
eada0f35-2a09-4f3b-af6f-f5fc5e1faa54,"Nº de pacientes em Lista de Espera Cirúrgica, por especialidade"
6335f343-a7b4-42be-b3c3-bb77ee7425dc,"Nº de pacientes que tiveram acesso aos leitos do Hospital via Núcleo Interno de Regulação (NIR), por mês"
72c5f343-4b43-461a-ae52-ba483b4b8ab2,"Nº de partos, por mês"
6519ac7c-f963-434c-ac97-4bc37f44bdd4,"Nº de prescrições dispensadas e triadas, por mês"
f8a0cabe-2d40-490a-a890-144be1c5ba05,"Nº de saídas por unidade, por mês"
8609d999-371d-4879-9b09-0b9358e70806,Nº de servidores RJU
328c5e1e-94d1-4b9d-8cd1-6e2e71b751c2,"Nº de teleconsultas, por mês"
ca9828d8-a914-4886-afd5-19b51d33333d,Nº de terceirizados
3d12dda3-d9e7-48c1-b2a0-7dc2e5033a6e,"Nº de transplantes de medula óssea, por mês"
41e59d6c-8e67-4d43-a75c-9231fffc733a,"Nº de óbitos ocorridos em pacientes internados durante um determinado período, e o nº de  pacientes saídos (alta e óbito) durante determinado período, no hospital"
30f65302-001f-44ce-9497-6f5bf40d9dc5,"Nº de óbitos por unidade, por mês"
7a21733a-d377-4bf9-911a-892cd4bff40f,"Nº médio de leitos utilizados por unidade, por mês"
3d588d04-ab15-4697-bd4a-35a7dbd9193a,Nº médio de permanência por unidade de internação
1560b12d-54b0-4185-b5f3-2eb98be74049,"Nº total de pacientes-dia num determinado período e o total de saídos (alta, óbitos), por mês"
dc365a6f-f17a-4fe6-9c52-3ca72fc47e46,Número de alunos da Reabilitação
e622c665-409d-4681-85b5-1b01c50c7d52,Número de alunos da educação básica e da educação profissional técnica de nível médio
cffc4518-144d-440d-bbbe-86eb69950fa9,Número de discentes com deficiência atendidos pelo NAIA
da8f64f2-ec4b-42ac-8474-e9f4557d9294,Número de professores por turma do Departamento de Educação
ebc57a19-4cc2-4989-9234-a5f522e1d900,Número de servidores aposentados e pensionistas
00a5c727-8b74-41e0-8322-3850807ec968,OCUPANTES DE FUNCOES GRATIFICADAS CARGOS DE DIRECAO E FUNCOES COMISSIONADAS DE CURSO
2602865f-7948-431e-a6e0-7fca99bd1f23,OUTORGAS AEROPORTUÁRIAS
d1f376b8-5ac7-4a3d-aa3a-9750262bc35e,Objetivos Estratégicos
7ebb0ec0-9030-4b0e-9bee-1eb95fcee01b,Objetivos anuais da Proad
1b210651-d02a-47ed-a670-25bff488f20a,Obra de Arte em Logradouro Público
676c3adf-0090-4ee3-875d-35b92e08daf3,Obras
1001c264-7790-49a3-9fae-7a6eac521ebe,Obras
4853c495-6c31-4dd2-b20b-7dd587b69ee9,Obras
c6e569da-cd4e-47a9-9302-42c2680b95d4,Obras
017ac436-566c-4da7-b012-996d8e498ab4,Obras em Andamento
94b22b19-c4ef-4670-b3e6-bf1935f75976,Obras em andamento - UFU
ced06b4c-45a5-4cae-8a7e-f576ffc3b412,Ocorrências Emergenciais nas Redes de Distribuição
b2277dae-8dab-4981-820a-59a914c59d12,Ocorrências criminais no estado do Rio Grande do Sul
10ec1235-ac5c-481a-a1c4-b427dfeef3aa,Ocorrências da Guarda Municipal de Fortaleza – período 2021 a fevereiro de 2024
7f65a0b4-b3e4-4d8c-96f0-8b13075afce7,Ocupantes de funções e cargos
fb8a5614-830d-411a-a075-08d89351bbae,Ocupação das GAEGs
77d23e71-e810-49dd-9b5a-d2295287dc64,Oferta Pública e Leilão de Áreas (SOPLE)
f27e48cd-653b-4bfa-bc4f-08b637793873,Operações de Exportação pré e pós Embarque
1bdf0ba7-f7f6-46ea-afbb-91209e5fa7da,Ordem cronológica dos pagamentos de fornecedores de bens
376a9a6c-5ed2-41db-a35f-3563bed41ca8,Ordem cronológica dos pagamentos de obras
57ce572d-7f3a-4ebe-aa4d-7d465f325cfd,Ordem cronológica dos pagamentos de pequenos credores
275eeea3-803f-4a34-9b46-50faf3a637d4,Ordem cronológica dos pagamentos dos contratos de locações
4a9d3858-b1cc-42db-a274-f99b762b53fe,Ordem cronológica dos pagamentos dos prestadores de serviços
611401aa-f7f0-4736-9954-fc80b233b131,Ordens de Serviço - Diretoria de Logística (DIRLO/UFU)
042b9e9d-9d6b-4f68-8f09-1bdfcbbe8b1d,Ordens de Serviço - Divisão de Execução Física (DIEFI/UFU)
aaca5944-66ce-4e6f-bd5d-0158a1de2a62,Organismos Acreditados
ac4c8f3e-a076-4a4f-9978-7598ff21fc8c,Organograma
1a21faeb-23a8-49a9-94c8-5abafa4825b5,Orientações de Docentes
4993fd8f-a40e-42cf-9970-ebe43b46f0b2,Orçamento
0066c4a1-596f-49b6-91a9-04553fa77997,Orçamento Federal - Emendas Parlamentares Individuais de Execução Obrigatória
67a67ac3-0fc8-4a9e-9500-f2298b89ac21,Orçamento aprovado
cb1d46ba-d654-49fd-bd8d-a1884b7e512a,Orçamento da Despesa Publica - UFCA
29e81995-7001-46b0-ac09-6e4144645f7b,Orçamento da Despesa Pública
dcad0d4f-e4f8-4cf6-965f-20dbf3b817e8,Orçamento da Receita Pública
fef0dbdd-8da9-40ab-ac36-d38dcba968ff,Orçamento de Autoridade Monetária
b4edc0e3-6aca-4167-b9af-f25cdeb8e65a,Orçamento executado
8db9f261-8b59-486d-b099-0830b2e3e89e,"Orçamento: Dotações, Empenhos, Liquidações e Pagamentos"
cf9a7f3f-fcc9-4223-889c-269f447c1506,Outorga e Licenciamento - Estações Licenciadas
8abb1a8a-dc12-4301-a0da-7cb97b837ff1,Ouvidoria MTur
07b4c54f-af5e-412e-b73d-4ea7fc903758,Ouvidoria Nacional de Direitos Humanos – ONDH
1206d323-ad8c-46c6-bc2d-9b731e42ee26,Ouvidoria Setorial ANEEL
f2f3f139-5fb0-49ba-9d6d-a2571a73c2b3,PER/DCOMP - Créditos Judiciais
d59086f4-ff17-4e26-929b-08e5cd329989,PER/DCOMP - Créditos NÃO Judiciais
01f849f4-7691-487c-a47d-b5b262bd0d56,PET - (BASE DE DADOS MIGRADO)
e5cc50ba-1ab5-4083-8916-79cc4aec9e8a,PIBID - (BASE DE DADOS MIGRADO)
4c93e19a-641f-4ad2-986d-354924112c62,PMQC - Programa de Monitoramento da Qualidade dos Combustíveis
aeeaab0d-e908-46ce-b76d-fb58cfcfa3ae,PPAG - Execução de Meta Física
49f0db54-05ea-4637-87ef-f69e13eebe14,PPAG - Meta Física por Subação
09e84a52-5507-4d51-80ad-8253dd19c334,PPAG - Valor Orçado por Ação
1a1c09c8-169d-4988-91db-20be35008b27,PPCs aprovados da Unifesspa
22543557-0676-4666-8155-599b3ca26073,PROCESSOS ADMINISTRATIVOS
d418592a-2221-4155-9477-c5befdbe97b5,PROGRAMAÇÃO DE FÉRIAS
7af050cf-f394-48af-aa08-fc403efdd062,PROGRAMAÇÃO DE LICENÇA
8feadb2d-12c5-4c4d-8bfe-2149857e8f0c,PROLICEN
d8b3ec55-78de-4d18-b1dd-73f636f5a4ca,Pagamentos Extraorçamentários
f0701f71-e312-4d70-a14f-96ad5d47bcc1,Pagamentos UFRR
42552ea9-5966-4033-aede-6a1d87f7961e,Pagamentos das Bolsas Institucionais da Graduação
516136de-4576-4261-9126-e9e9cf8c18d6,"Pagamentos, com respectivos valores e número das notas de empenho, referentes aos contratos firmados e despesas do Ifal por ano"
90eedb1a-89f9-4b1b-a498-f8d769d3c592,Painel Dinâmico de Processamento de petróleo e produção de derivados
243592d4-5a74-4139-8a9a-02c8a5fd0caf,Painel Integridade Pública
4a8f3537-be3f-48b9-aafb-ee63197379a1,Painéis de Produção de Etanol e de Biodiesel
620769f4-d64f-4d7c-89dc-75e6389b53fc,Parcelamento de Debitos
177bc027-7451-42f5-bdf5-5d0464a192e5,Parques Municipais
ddb1b9a5-7b9b-4d9f-9e15-7335d99b4ae7,Participação e Controle Social (Participa ANM)
316bdde2-656e-41a2-8a4c-768992eb4f3c,Participações Governamentais
00e1a2a5-67e1-441b-9fd9-b8e59fc1189d,Partidos
98e2dee0-0451-4396-a40c-3c4730003c88,Patrimônio
daae9940-f511-406c-b684-c042a8290c78,Patrimônio
9781b248-f5cd-4def-87b1-8a2a8cb312d5,Patrimônio
ca896a4c-eac8-400a-9f94-da68df65fd8b,Patrimônio Genético
32eb10bd-3b53-444f-8bd3-1d939d8d8c1a,Patrimônio Móvel
6935107f-5b59-4e14-980f-2bcd817b7e2d,Patrimônio Móvel
195ebf39-da07-49e2-b70f-96ef87d33d28,Pedidos de reequilíbrio de valores de itens em atas de registro de preços
97432267-8679-40e4-b946-4584574a90f8,Pedidos e Respostas
660760e7-48a6-4984-b7a9-8bdd9d4d99a5,Pensionistas
5a0ca375-ac21-4456-8838-ced94b7cc038,Pensionistas - UFU
c092b740-f452-46ce-9dd8-55d38149eaaa,"Percentual entre o nº de pacientes-dia e o nº de leitos-dia, num determinado período, por mês"
ecec4f0a-0789-4bb0-be62-54fd0fe3dcd4,Perfil das Unidades - Plano de Dados Abertos Jun/2023 a jun/2025
e326c4e4-f02d-4a45-9609-422e3e4bdd09,Perfil das unidades do INSS - Plano de Dados Abertos 2016/2018
e0dc0cec-ed5e-4498-a825-6ec9950f1345,Perfil dos servidores -Docentes e Técnicos Administrativos
3a3b87ba-ca22-4314-8454-1c831f93b05d,Perfil profissional e diversidade da força de trabalho da Presidência da República
e193dc94-f4ce-4427-8eb3-1736e694f4b8,Periódico de publicações da Assessoria de Comunicação
dd2b959d-5108-4897-9abd-a3cf975f7896,Periódicos em  braille produzidos  e distribuídos
fe6a5060-a562-4132-bdc8-c201487ec9f6,Pesquisa
fe021cd1-a656-4b26-aa77-f357f69efd4c,Pesquisa - Projetos de Pesquisa da UFMS
1d2cb571-f2a5-4e55-a59b-cc8605647566,Pesquisa Beneficiários Minha Casa Minha Vida em Maceió - 12.2017
caa083c6-1ba6-4258-b637-a8c7d1213deb,Pesquisa Meio Ambiente e RENCA - 09.2017
0b0c779e-193a-48ed-ba66-570b1b515fe5,Pesquisa Nacional por Amostra de Domicílios Contínua Anual - PNADC/A
bf5270d6-3757-41f0-9525-f2d7a3e7176d,Pesquisa Programa de Parcerias de Investimentos - 09.2017
15fa07a1-7eb2-4ac7-ba0e-9ddfb0c8db2c,Pesquisa Reforma Trabalhista e Direitos do Trabalhador - 10.2017
474546b2-5216-4c87-8e64-36e7ddc5a11e,Pesquisa Reforma da Previdência - 11.2017
568125dd-2530-42b0-882e-447251bffb4b,Pesquisa Segurança Pública no Rio de Janeiro - 08.2017
c9f35ebb-3aed-49ef-b430-d186abbf6228,Pesquisa com os Participantes das Comissões Técnicas do Processo de Regulamentação
5bf7f4e1-9e26-4502-8bd7-8bd595445f4a,Pesquisa de Avaliação de Governo e Comunicação - 10.2017
c8b7ad9d-3131-4667-b99c-efc0ad8c5983,Pesquisa de Avaliação de Governo e Contexto Político - 12.2017
75b2112a-e2ef-4b30-91d1-604207eb6771,Pesquisa de Satisfação dos Usuários 2017/2018
6d5f41b5-210f-446b-ae56-4395d41a7960,Pesquisa e Desenvolvimento e Inovação (PD&I)
5cd98d01-e2d9-4b82-8e30-bf6ec3b4987d,Pesquisadores
e171b791-baaa-4168-b92f-51c2e253b1c8,Pesquisas Eleitorais - 2012
3fc1b150-f1fc-4286-af24-edaaf0bb8224,Pesquisas Eleitorais - 2014
646bf107-1f6c-46b1-9feb-99e5f0a46ff9,Pesquisas Eleitorais - 2016
d7e8b663-6668-44ab-ad2b-8313061c508e,Pesquisas Eleitorais - 2018
8a8c7c3b-fe9b-4202-835a-5146d2ea543c,Pesquisas Eleitorais - 2020
1502b237-f77b-48f6-84f4-2f4680b2224c,Pesquisas Eleitorais - 2022
ee709adb-9d10-4f96-b4c0-80ad53507655,Pesquisas Eleitorais - 2024
5269a580-86a1-4c61-b3b4-742d42c673f9,Pesquisas cadastradas no Centro de Estudos e Pesquisas do IBC
562cf9f7-e09a-410c-bf34-7a3c891d2f85,Pesquisas em Desenvolvimento e Produção Intelectual dos servidores
a113606e-d313-44bb-b882-99ccb54eb128,Pesquisas realizadas pela Enap
2ba0df2d-b06b-436e-8621-b98452cb3e86,Pessoas inscritas no Cadastro Único
f521104f-03fc-42ba-881f-d710277066eb,Pessoas inscritas no Cadastro Único por faixa de renda per capita
4ee06de2-ca51-4111-ab9a-79d9b8e5f58e,Pessoas no Cadastro Único
9ffc5394-3df2-4c88-87a3-e8f79d5cef8e,Planejamento e Execução de Serviços Metrológicos
a3cf45b7-74c0-40df-b1bb-5eb0dc507ef3,Planejamento e Monitoramento
d991176c-f11b-43c2-9ff3-040667071fd0,Planilhas BSPN
f1f57760-c251-477d-b2f0-06853bb722a4,Plano Individual de Trabalho - PIT (Docentes)
1b9ed187-70d0-4f92-be56-48be6b3d781c,Plano Plurianual 2004-2007
fd119fe0-9e32-42b9-8ed8-6a6dbe4fad2b,Plano Plurianual 2008-2011
849cd6bb-6845-431b-b26e-5268ce0767c3,Plano Progredir
70b548f0-c940-4cd9-99a2-c8511591ee07,Plano de Aplicação de recursos
293ff413-776b-4f4c-bfb3-82add4a9a6c8,Plano de Contratações Anual
fd33c3ee-c3dc-49c1-a3b5-11e5cce5acdd,Plano de Dados Abertos 2024-2026
c07c54ec-477f-4ec9-890c-7f9185d5b1ef,Plano e Relatório Individual de Trabalho (PIT/RIT)
050546c3-333f-4656-b0c6-60da4895fb4c,Planos De Ação Nacional Para A Conservação Das Espécies Ameaçadas De Extinção (PAN)
ea03b616-16e0-4ddd-afde-4f21d7343540,Planos Individuais Docentes
07a7d781-252b-4747-90b5-194583a21086,Planos de Trabalho dos Projetos de Pesquisa
490cf733-a5ce-4dd9-aacf-905be01ebfb5,Planta de Parcelamento do Solo Aprovada
5b01a60b-19ee-4ed4-bdef-02669655f320,Plataforma Nilo Peçanha - PNP
062166e3-b515-4274-8e7d-68aadd64b820,Plataforma de Gestão Agropecuária - PGA – SIGSIF
88083447-76b6-4167-877c-ca92ddac69a1,"Podas, recolhimento e supressão de árvores"
85954902-5ec2-4432-a6f9-99f3ce77f8d1,Poligonais dos Portos Públicos
15530171-1e2c-443f-8e40-731302b956e2,"Política de Propriedade Intelectual das Instituições Científicas, Tecnológicas e de Inovações no Brasil"
8790af8b-ed9d-4937-b375-705cbbd90cfc,Ponto Verde
495b1cf7-4f9c-4f73-8686-82b0e8d5f95a,Ponto de Ônibus
7231482c-d76f-483a-9f4d-f53d9bdc42c5,População Quilombola de Alagoas
1f868d62-d7c3-4121-8ffa-9ed66d71d3e2,População de Rua de Belo Horizonte
f265751a-bb22-4ce2-835a-a42fa7343d21,Portal Alagoas Digital 💻
dc8f7c85-40c4-4129-bdb7-bbbade608d3e,Portal de Serviços do Inmetro nos Estados - PSIE
56b9afdf-86ad-46e6-a479-2cc60a220dd2,Portarias Emitidas pela Proad
7cbd3ad5-0af5-4661-b666-7ff401cd39b1,Portfólio de investimentos
240e8aa0-6f23-456d-90cd-69c87146a63a,Poste
b9735ebf-101b-4a3a-b417-58483a8e7cfd,Posto de Venda Rotativo
45e0cbad-3dbe-46c3-b8cb-cfa05d6ef1bd,Praça
0f81373d-22a8-4177-a213-194176bcea2e,Presença de Vereadores em Sessões Plenárias na Câmara Municipal de São Paulo
1e48f390-0d06-41ff-91ef-b4a299d13b97,Prestador de Serviços de Infraestrutura de Apoio a Eventos
e7b9de6d-afe5-45ad-89f6-95829668e3a5,Prestadores Serviços Turisticos - Guias de Turismo
fbb73aae-3af4-462e-b825-ca7bd8361bd0,Prestadores de Serviços Terceirizados
fe871ddb-fb8c-489c-8ede-b9a4edd8aa64,Prestadores de Serviços Turisticos - Empreendimentos de apoio ao turismo náutico ou à pesca desportiva
6cdd8168-152e-4b03-a70b-fe89db8eb0be,Prestadores de Serviços Turísticos - Acampamentos Turísticos
922b8232-4817-4d8f-9c4e-2187ccb30b0a,Prestadores de Serviços Turísticos - Agências de Turismo
5a11bc44-5a86-4027-9fc6-533759d14184,Prestadores de Serviços Turísticos - Casas de Espetáculos e Equipamentos de Animação Turística
e9151ac7-6950-4e7e-ae62-69007a2713e6,Prestadores de Serviços Turísticos - Centros de Convenções
2ef5b6ca-ee29-4d70-ac33-2bd0f3179a3a,Prestadores de Serviços Turísticos - Empreendimentos de entretenimento e lazer e parques aquáticos
35fe1877-529b-4bda-9c16-da52b6fc58b3,Prestadores de Serviços Turísticos - Locadoras de Veículos
ef6e8e6f-94ac-4848-b34d-dac04ccd3c8f,Prestadores de Serviços Turísticos - Meios de Hospedagem
b597592e-e2d2-4341-8f57-b1356611b317,Prestadores de Serviços Turísticos - Organizadoras de Eventos
d38f8a78-707c-4afe-9841-ff38878cd821,Prestadores de Serviços Turísticos - Parques Temáticos
5c525c20-e6b5-4514-83ae-e67804333260,Prestadores de Serviços Turísticos - Prestadores Especializados em Segmentos Turísticos
23e82336-a74e-43b3-93d2-7634b54601e8,"Prestadores de Serviços Turísticos - Restaurantes, Cafeterias e Bares"
32c214db-e2a3-4607-9d36-ee7962dcac80,Prestadores de Serviços Turísticos - Transportadoras Turísticas
2990a063-33c0-4172-8917-8a4e1ebba307,Prestação de Contas Eleitorais - 2012
9ac841e0-e032-4508-be00-a435d8c451c7,Prestação de Contas Eleitorais - 2014
d1cfa1e2-b4d0-4471-97d2-bfffa6b498d8,Prestação de Contas Eleitorais - 2018
75841dbc-7279-4550-9569-6d7c12164a7b,Prestação de Contas Eleitorais - 2020
50805cdc-a983-49a1-b76e-2a89e0e61580,Prestação de Contas Eleitorais - 2022
380e5337-a918-4013-a987-b92920527087,Prestação de Contas Eleitorais - 2024
df3c5382-45cf-4a5d-9c2e-619ba53369b2,Prestação de Contas Financeira
52ef6ffa-ca7c-46a7-8c7c-bf2d38f42d0a,Prestação de Contas Partidárias - 2017
516d4f46-9347-4a70-8560-db8981e5e5ad,Prestação de Contas Partidárias - 2018
9ca44639-e0bc-4edb-83be-3f7a3cf7870a,Prestação de Contas Partidárias - 2019
3369a946-3251-4b63-83b4-c144afa77a69,Prestação de Contas Partidárias - 2020
d20fc68b-faac-4de5-b306-2190efd7bdec,Prestação de Contas Partidárias - 2021
cf2e64e2-1dc9-456d-840f-c338aa5e63f4,Prestação de Contas Partidárias - 2022
00751e54-9fb6-4fb4-87fa-104b6872d78f,Prestação de Contas Partidárias - 2023
aa8682e6-fbbe-4229-96f1-37976d8347f3,Previsão do Tempo da Amazônia
cdcb2b96-2b09-4bee-b00e-3a45f1204ae9,Previsão e execução orçamentária
49d7e0eb-f9e8-4634-81aa-5517db8e35ff,Processamento de petróleo e produção de derivados
c88410d8-c3be-4779-8f86-550da835ca65,Processo Eletrônico Nacional - PEN
e5c8c13d-bbab-47a2-8f82-77adda80c075,Processo Seletivo
02b5b97c-4e65-4080-972a-1d83d2950c1f,Processo Seletivo Simplificado
4df8cf27-3814-4b2f-a63a-bd8c096619f6,Processos (SEI)
24de1be1-1c10-4edc-b969-f2acb27805c0,Processos - UFOB
1c68674b-8c87-4ba1-a288-f9ff58608f9b,Processos Administrativos
629ca7f3-f256-4137-b385-7207092cd29a,Processos Físicos
e25daacd-463b-4475-a3df-1ca9577033ef,Processos Seletivos
c9a5b53b-9806-42f1-a625-bf64d012a730,Processos Seletivos
5c4be101-e8b5-45bd-acec-4e1d042b245a,Processos Seletivos IFSP
677ec76d-65fe-4093-9686-9bc7187a6a27,Processos administrativos autuados na Fiocruz
ddfa1b12-4196-4ea5-a452-384b1ae5e8c8,Processos seletivos para professores PSS substitutos e temporários
73f064dc-1768-4af4-89b7-9f4717381084,Processual - 2018
c11963d4-4e5c-4c6b-8cf8-33c33b451795,Processual - 2020
f6bcdf08-de79-486d-b982-365edfb78fb1,Processual - 2022
eaf12644-a1f7-4f25-9aed-2fa9d6484354,Processual - 2024
83a7085d-6ab4-478a-9406-967b9f3f488a,Procons
0d864b5b-92bf-4b56-b734-aac039cf40bc,Produtos Gerados das Ações de Extensão
01524661-73c8-468e-baed-dffa227148c8,Produção Científica
248a586c-396c-4b88-ba00-11fcb5bac0c7,Produção Intelectual
f617e903-020b-4959-bff9-e12e522045a4,Produção de Banco de Tecidos Humanos
93b22807-35bb-4b6d-97d7-182d9f7bf157,Produção de Biocombustíveis
aaee7c25-6ece-4f9d-a23d-7a42bce32a89,Produção de Petróleo e Gás Natural por Poço
52d7c0c0-b086-4860-84af-ac55de1a9a86,Produção de petróleo e gás natural por estado e localização
0938604d-eb5c-4666-a286-b32c30a2c724,Produção e distribuição de livros falados
5d6d8687-bd7f-429b-88b6-3914bb395425,Produção e distribuição de material especializado em Braille
9c62ae08-e98c-4e68-8e5e-e0e5707c644b,Produção e distribuição de obras e impressos adaptados ao formato ampliado
0522e876-c4d8-4e4c-bfd5-235ec6d73c74,Professor equivalente
64ab76b7-d526-4e51-831d-37dc7dfbd0d0,Professores Substitutos da UFU
8042de29-1cb5-4372-acf3-881c2455228b,Professores da UFU
aab84ff1-dbdf-483b-9dcc-92c89221d8a0,Professores por departamento
cd2ae6b1-3544-4ec5-bdea-dae8feb886ce,Programa Atletas de Alto Rendimento - PAAR - SISATLETA-SGDM
560afe00-3b76-4ae9-8557-ca2669516b3d,Programa Bolsa Verde
732edce9-617c-4c43-8f4a-58b3690be910,Programa Brasileiro de Etiquetagem (PBE)
07eaacfc-a564-48c1-82ed-ff7d7a9d1140,Programa Cisternas
f3e386bb-3246-44c2-bf2b-d83a0181f6d0,Programa Criança Feliz
83f92e55-1ae0-4d60-9fe2-eaff15fda402,Programa Fomento Rural
28530620-344c-4a07-981f-c2166c9f15e0,Programa Inclusão Digital Wifi
513481ec-8229-4144-b2a0-2ad76c46711a,Programa Mais Educação - PME e Programa Novo Mais Educação - PNME
5433adee-c062-486f-817d-d372a03bdf2c,Programa Nacional de Apoio ao Transporte do Escolar (PNATE)
38aeff5e-1222-4f97-88af-b2361e56f617,Programa Nacional de Incentivo ao Voluntariado - Editais - Resultados
598e36fc-7b98-4741-aaf1-0ba033426224,Programa Stricto Senso
77e671df-7b89-4b76-901b-60355beb7413,Programa Universidade para Todos - ProUni
18a74a03-6238-449d-9445-1a23b6e8f1a8,Programa de Aquisição de Alimentos (PAA)
8e54a889-779c-41dc-ab4b-c39b139835ee,Programa de Educação Tutorial - PET UFGD - Discentes
bb203017-0e0e-4190-9228-91c18bc7a438,Programa de Educação Tutorial - PET UFGD - Docentes
e29cbb7b-8382-4f1f-ba55-83bb63a77797,Programa de Gestão e Desempenho (PGD)
78d849f8-7e52-4ea0-9ad5-2f073760793c,Programa de Mobilidade Acadêmica Nacional
689fe5e9-94c2-442c-96d7-f26425ecc0b8,Programa de Pós-Graduação stricto sensu da UFU
cacd9ac8-8807-4a59-994b-812e8ba76bae,Programa de educação tutorial - PET Humanidades
d9ab76ea-c84a-4c6b-8aba-598204763675,Programa de fomento interno - PIPDE
f8396d81-64b1-4067-b363-e55e352a6f04,Programa de fomento interno - PIPECT
0207fcb4-4c1c-478e-8894-26dce9bfe26d,Programas de Extensão
b6cbb8dc-b2fb-40af-b0f8-d3dcb42e7530,Programas de Provimento Federal - Programa Mais Médicos para o Brasil (PMMB) e Programa Médicos pelo Brasil (PMpB)
700ecc1f-b7cd-4166-a78e-25ba8019759f,Programas de Pós-Graduação
0b4fac02-b609-40af-b035-1903606fc458,Programas de Pós-Graduação
fb8af5f8-9889-4391-b61c-935d6c8a180f,Programas de Pós-graduação
4d4ef2f9-a8f8-4fa5-8f5e-aec494ef2a43,Programas de pós-graduação
2b69c4b4-74c0-4680-be71-ac706b2d8340,Programas e Projetos
2e972a92-7977-46ef-ab17-df1b42004356,Programas e Projetos de Extensão PRX
ddf89636-27d8-4e55-82d7-15ba37f604aa,Programas oferecidos aos reabilitandos
87646424-0017-46f1-a9cf-db2a13ee1d67,Programação Qualitativa PPA (Plano Plurianual)
807bfbb6-9500-4c64-91cd-f0b016d7e3fa,Projeto Soldado Cidadão
4883f4a1-455b-4a2f-b899-cf729c012082,Projeto Soldado Cidadão do MD
4e0c8fc5-34e3-4ba6-9f9c-591f6d1b95f8,Projeto TerraClass
f86a6af2-2b9b-4202-aec5-b18905890ef3,Projeto Viário Prioritário Lei 7166/96
8e7c9f2f-2d59-48ca-85ab-cb8b5096a6c5,Projeto de Ensino de Gradução - PEG
2ebd20c9-6254-4194-a5db-f37d4f9ea3b8,Projetos de  extensão
56efaec9-1efa-41ec-ac99-8bc8d89211ad,Projetos de Cooperação Internacional
3dafd54b-abb2-4d87-b1d6-446b48355301,Projetos de Cooperação Técnica junto a Organismos Internacionais (Prodocs)
5c5f9718-63d4-4c76-bd84-aa51cfb1d50d,Projetos de Edificações Licenciados
f9336ee6-7562-4c92-880a-d7217df6cc94,Projetos de Eficiência Energética
06dd6927-73ef-4927-a435-1e7d64ce9c63,Projetos de Ensino
f30f9b9b-7a58-40ce-9920-aceb0991555f,Projetos de Extensão
0921bf0d-6b4c-4e5c-ad0c-53aa78a7e330,Projetos de Extensão
efcb3fa0-189c-4e28-ab4b-e94237906a48,Projetos de Extensão
1c368886-277e-460d-bbd3-8fcd05e18bd2,Projetos de IC/IDTI com fomento externo
5b157017-2333-41ec-9dda-556c8572eeea,Projetos de IC/IDTI com fomento interno
3d07daae-0c09-442a-a776-d61c20aad17e,Projetos de IC/IDTI sem fomento
bb5a8cc0-ae59-40d5-a6f9-cf301a72c13a,Projetos de Pesquisa
faf8b2de-9b10-4d56-ac7c-d9cef804f06c,Projetos de Pesquisa
9e06adbe-9067-403f-983e-88c479619f82,Projetos de Pesquisa
c563bbce-c483-466a-a243-a188d681da74,Projetos de Pesquisa
80d39166-7105-472f-9acf-4057104e738e,Projetos de Pesquisa IFG
644cf792-c5fc-48bc-a649-89db94cb8eb8,Projetos de Pesquisa em Andamento
80deaca1-5e74-45b6-932d-348539d813fe,Projetos de extensão
4afc5c23-b27d-423f-b2c5-567cdc4cc08c,Projetos de extensão
828f2684-3212-4d4a-a249-45acd3854f5b,Projetos de extensão aprovados
49166ef1-8ec6-4925-ad1d-a5c790004bf3,Projetos de extensão com recursos externos
24ae961e-33d8-473f-86f3-ef0e50f0ffc5,Projetos de pesquisa
f7e0eeab-885e-4d48-b21c-862af414b4ed,Projetos de pesquisa
2465da08-ab87-4509-b3a3-f1d2ba2a919f,Projetos de pesquisa - Campus Itabira
3c21611a-52e2-461d-b1bf-ad1ca35ef97b,Projetos de pesquisa - Campus Itajubá
37b5a28a-0fe4-430a-a31b-71e672cec4bc,Projetos de pesquisa aprovados e desenvolvidos no Hospital Universitário de Brasília (HUB-UnB)
0a1091e4-1562-4f43-9f9c-fc272f8a6e27,Projetos de pesquisa cadastrados na PROPPG
8e34ba06-32de-4f2b-af05-def81aa52d74,Projetos de pesquisa com recursos externos
eab2b6a9-6afa-4b33-affa-96ee5b0981a4,Projetos do Programa Nacional de Apoio à Cultura (Lei Rouanet)
ecbb0f7b-1c12-4bda-9d15-daaa0d11d4a4,Projetos e bolsas de ensino
eacf6ebb-14ae-44cb-8035-66c825877524,Projetos e bolsas de extensão
276e818c-a14a-4168-b8bc-952a564bfc95,Projetos e bolsas de pesquisa
8125566f-6f8c-4144-a22b-5d5dbaf909a1,Projetos que tramitam pela Instituição e que envolvam recebimento de recursos financeiros de emendas parlamentares - UFU
c96021c7-95d7-4f9c-b530-ebb3f1f505f9,Proposta Orçamentária e Alteração Orçamentária
368ddc0b-d6b9-462f-868b-aec29720aa85,Propriedade Intelectual INPE
a99002c4-f3c4-461f-b73e-ce4cbf6feb0b,Propriedade Intelectual do CTI
a2daafb0-af04-4ceb-8db1-1ad62d08bfbc,Protocolo
8fabe863-8a85-405c-b705-064759ab12ae,Protocolo
040ab929-a656-4121-ac29-38740831bbf8,Protocolo
965abb2a-d17b-4008-9eca-aedc67459f74,Protocolo
b23e7a7a-5509-4e86-9b89-b6289156a437,Protocolo
8b9c27dd-d85e-4673-bd4d-08a3ca3cd287,Provisões Técnicas
03f8aff0-6668-4bb7-bfee-c4e264c758f7,Próprio Nacional Residencia - Lista de permissionários
0e27234c-e4ac-408c-ac0f-2389c9de2691,Próprios Nacionais Residenciais (PNR) da ACMD
1274b782-a5db-4144-b8ea-5754268ba02f,Publicação dos feriados e instituições autorizadas a operar no Sistema de Pagamentos em Moeda Local (SML)
9b3253ed-e096-4f7b-b87c-eb1384153d61,Publicação dos registros de capitais estrangeiros
1a3fd2bb-bd54-4c82-8d84-8a6cc2b785ce,Publicações Científicas
6eeeeee6-66ae-4329-8171-e438679d52cd,Publicações Enap
3bca9bb9-b13e-47ac-8cfd-cc6e3277905f,Publicações Lattes
2ccf8210-c72f-4dd0-b6aa-99de71a52117,"Publicações das licitações, Inexigibilidades, dispensas e contratos."
18421d06-e26a-4d9e-8836-894744e7d1d6,Pós-Graduação - Alunos da UFMS
8af7d245-9093-44bb-b888-f7f8e5f10c0e,Pós-Graduação - Cursos da UFMS
55597839-7189-47c4-94ca-ee55b44b6bdd,Pós-Graduação - Disciplinas das Pós-Graduações da UFMS
d5aac5a8-2319-4e6f-b318-b97593a51efc,Pós-Graduação - Quantidade de Egressos das Pós-Graduações da UFMS
8c150915-356b-4dd2-969f-fd553a20bc4d,Pós-Graduação - Quantidade de Ingressos das Pós-Graduações da UFMS
5dff5eb3-b46a-457f-9d09-fab92c623bb8,Pós-graduação
3e254bca-83ee-416a-86bc-14bc5e6f41d4,QRSTAE - Quadro de Referência dos Servidores Técnico Administrativos em Educação
231d9b28-0b7e-460c-8ca8-74e69f8bfb45,Quadra Cadastro Técnico Municipal
f32e3a0f-6842-41d6-9070-60c98bdfcd35,Quadro de Pessoal em atividade consolidado
b4002d2b-1702-4baf-9e76-9c3961f7f46e,Quadro de Referência dos Servidores Técnico-Administrativos em Educação (QRSTAE)
82cc8836-1542-4f9b-b3cd-55bab5159174,Quadro de estagiários
a99b63b1-bfed-4ff8-a653-7bfc03a8be3d,Quadro de funcionários terceirizados
c7ea4c6b-37f7-48c7-a939-7d7cd312ca22,Quadro de médicos residentes
285aca65-0f60-4ddc-84fc-7d419c2e8e4b,Quadro de pessoal - IFPR
d08e045c-f980-483c-b68e-9b91c4932646,Quadro de professores substitutos
53992085-9a8d-4290-aa17-0547a17e1e78,"Quadro de referência dos servidores técnico-administrativos da Universidade, com a quantidade de cargos ocupados e vagos - UFU"
973ee442-8dc6-4c18-b169-a2ce4100e635,Quadro efetivo de servidores
e6bf8ac1-3354-4379-bdf4-9b7ce5ac17ae,Quantidade de Contribuintes no Regime de Estimativa - por CTISS
04aadbd4-2ed5-4db5-acf6-d007bb199077,Quantidade de Diplomas Reconhecidos ou Revalidados da UFMS
c3844135-55c4-43b3-88a0-247f6ff9ca67,Quantidade de Possíveis Infratores por Excesso de Velocidade nos Radares
a046a358-2703-4f2e-9d9c-364733df2c57,Quantidade de matrículas por curso
5c8ff0cf-d4d1-4448-8c28-575779ededa7,Quantidade de vagas ofertadas
e0566c9a-3c46-431a-b8cd-86fe74bc45fb,Quantitativo de alunos por sexo e cor/raça
4ed1f96c-0fc3-4b7c-b09c-ecf55fa45733,Quantitativo de cargos disponíveis nas equipes de segurança e apoio aos ex-Presidentes da República
a43234b0-8c60-4777-8b38-55857ba548ca,Quantitativo de projetos e bolsas de Extensão
7d95af5b-756b-4aad-b1fa-69fcf855fe22,Quantitativos de Alunos - Graduação
0b291ae0-7de8-48ce-a1b1-cf14b8136688,Quantitativos de discentes e professores por campus
a70c5b3c-2e23-4c88-8c1b-7193d29358f1,Quantitativos de matriculados
64e0b224-1a30-450e-b648-0553b705e0ca,RAE - Requerimento de alistamento eleitoral
57e4b8b5-a5db-40e6-9901-27ca629d0477,RALIE – Relatório de Acompanhamento da Expansão da Oferta de Geração de Energia Elétrica
a7520d35-e596-472d-a9e5-2558a9a8ed40,REIDI - Regime Especial de Incentivos para o Desenvolvimento da Infraestrutura
632a6178-7964-4995-b717-18cb36f93199,RELAÇÃO DE CONTRATOS
219ff842-8fef-4ebd-b3f0-bd01d9e7b411,RELAÇÃO DE CURSOS DE GRADUAÇÃO DO IFES
94532d48-1f85-4cd6-85f2-3bb70d864e20,RELAÇÃO DE CURSOS TÉCNICOS
42e2320b-ea67-4fdc-896f-71363e043fc6,RENAEST
043e6b92-768c-4e6d-86b0-4b5941b7e847,Raio-X da Administração Pública Federal
3c89c0c6-78a0-4587-972f-548aa082061c,Ranking do VET
a194129d-0c0d-4fb1-829b-7ab1c2ef5495,Recall - Campanhas de Chamamento
79d6cd68-b794-4410-9158-3064a3acddbc,Recebimento e Cadastro de Documentos
9a92f45e-b3b9-4528-a626-513a8b36374b,Receita de ISSQN por CTISS
5213d6c6-f494-4cb6-93a7-822ee1cae157,Receita por Praça
6e7d2c52-a3ef-4f0a-92f8-c09a17b499e2,Receita pública
233d0085-b1d7-40ac-9bf5-fa5b86472132,Receitas atuariais
fafec50a-9a2f-47cc-8a5a-861cd5f963f1,Receitas do Governo do Estado de Alagoas
364859a2-7cb8-45ea-9c88-b4392516a6ba,Reclamações no 1° e 2° nível da Distribuidora
d1cce4eb-da40-4842-a536-86a698b577b9,Recursos Externos (Geprod)
d9d5accb-822e-47f8-99e2-21d0add67c93,Recursos Humanos
4472fc0a-0123-4129-a3b6-73f375283256,Recursos Hídricos de Alagoas
f2fb4a71-7744-4d3b-904b-079beeb8b5c1,Recursos de Compensação Ambiental para Unidades de Conservação Federais
2e93d107-10c5-4a98-9081-22b2ec263077,"Rede Federal de Educação Profissional, Científica e Tecnológica"
f442e728-e32d-447f-b846-42bc25ab92b5,Rede Microdrenagem
03ac1f1c-777d-4a5b-a1dd-56a9291fba96,Rede Municipal de Educação
de8e5d48-7134-429d-963f-a94986ceff41,Rede Municipal de Referência Cadastral
d18d0418-00d9-448d-a785-ada631c84b32,Rede Prioritária de Ônibus
3fc64101-0217-4480-9037-79802e2b00c3,Rede Socioassistencial
253ceb45-a861-4cd4-bc6a-324158d87365,Rede de Assistência Saúde
08a2bcb7-9894-4a12-ae47-ae788a278b27,Rede de Proteção Básica e Especial
d0f98ebe-ee5f-484a-99e4-c0f68823cf40,Rede energética de Alagoas
0938495b-0839-4fdd-a7a0-e0b69c94e5b6,Redistribuição de saldos de itens adquiridos em atas de registros de preços
75f4a297-5b81-4c9d-ac85-2ab6c1665b4a,Redistribuições
32264b3e-c8c9-4bd1-b6bf-ef851c9b53e4,Registro Mensal de Atendimentos - RMA
3e837604-d68e-4dc1-82d8-f289f1c3cea7,Registro Nacional de Carteira de Habilitação - (RENACH)
1f29c461-f1db-4fb6-b94b-8b75a7cc2da0,Registro Nacional de Infrações de Trânsito - RENAINF
b4a055d1-97a2-46f1-9461-cb17fbc6b6b3,Registro Nacional de Transportadores Rodoviários de Cargas - RNTRC
12686da0-3d71-4499-b432-d270f785c907,Registro Nacional de Veículos Automotores - RENAVAM
50ba9766-3eca-41e8-94cf-d70f04dcf135,Registro Nacional de Veículos em Estoque - RENAVE
83b2ee96-b309-4665-84c0-581e9292e3b2,Registro de Diplomas
6c63ca1e-05b6-48a4-af0a-6c7a720b54cb,Registro de Fiscalizações do Transporte Rodoviário de Passageiros
95552cee-904a-468e-a72f-99f14a056734,Registro de Ocupação Hospitalar COVID-19
8532fa54-48ab-4c61-9973-92980fa8aad0,Registro de Ponto Eletrônico de Servidores
60c02ca7-9d77-45e1-b1d4-2fc0883ad581,Registro de atendimentos (chamados) do CTIC
7f7dbdfe-aa76-4986-a2c5-1adde0ee3668,Registro de atividades de extensão (Modo Simplificado ou Curta Duração)
6efad694-3ab9-4b66-b5ad-8d7c080b076d,Registro de incidentes (tecnologia da informação)
0e2cb4fa-2463-4450-89bd-3dc083e43e59,Registros do Sistema Integrado de Fiscalizações - SIF
c3175c98-9aae-446b-b6fb-1b1a04b52633,Regulamento de Estágio
d19ea250-3ccd-4371-8cdd-0a51ca7ae723,"Relatório Dados Bolsistas Programas PCI, BIC e BIT"
7c4782b8-daac-475a-afd7-bc52a16ac2c9,Relatório Docente
fdb1a8b6-1ef5-4084-bda5-e9503d00d5c5,Relatório ITBI
7707c150-4b4d-4a7c-a314-8fc872cc6814,Relatório Produção Científica
6ef88df4-751e-4e9d-9d08-6d77f7e74043,Relatório Social do Programa Nacional de Incentivo ao Voluntariado
7274d81a-9abe-43af-97b4-3621aa1c2e56,Relatório Socioeconômico Discentes
1427d7bf-fbf5-4bd9-bb64-2045c0cfdd87,Relatório de Acompanhamento de Objetivos e Metas do PDI
5eba054b-84d7-4eff-9bd7-e8cabbf940e5,Relatório de Avaliação dos Restos a Pagar - Base de Dados
e5135f38-98f5-4d5a-82d9-78cbfb855a63,Relatório de Estoque de Processos - CART-BH
33c5d4f4-9e9c-40c4-a354-d002b6d2ab4e,Relatório de Execução Orçamentária do Município de Belo Horizonte 2021 e 2022
a58125d6-627c-4ad1-8c32-aff3ef7aa58f,Relatório de Informações de  Servidores da PMF
e01de0a1-642e-462c-9679-2cd3b7922e1b,Relatório de Processos Julgados em Primeira/Segunda Instância
1f4f2b41-88ab-4f0d-916b-4b95b5091e80,Relatório de Tempo Médio de Julgamentos em Primeira Instância – JJT
a9c76fdb-3e04-4bbd-97f8-7fbefcd584cf,Relatório de Tempo Médio de Julgamentos em Segunda Instância – CRT
3758b1ad-c608-418d-b876-5d73b622ab83,Relatório de entrada de Processos em Primeira Instância - JJT (Entrada no Contencioso)
127b8d93-9840-449b-8e4a-476cb1229a0c,Relatórios Estatísticos do Serviço de Informação ao Cidadão (SIC)
56dce288-b188-40cb-926b-2111aa242232,Relatórios Financeiros PBH Ativos
f74417fc-7943-4022-abb6-44ea967815e3,Relatórios da Dívida Contratual da União
e47ac0d8-4bfb-409b-9f36-2fe8c8a92605,Relatórios de inflação publicados
0e321bce-71c6-458e-a5b2-a54b02cd9418,Relatórios de solicitações feitas à Guarda Municipal de Fortaleza através do Sistema de Informação ao Cidadão ( E- SIC)
5d68f327-2dab-4050-8181-ef7d1ea2444b,Relatórios sobre o estado de preparação e o acompanhamento do processo de acessão à OCDE
6d02aa51-93f8-4cea-a15e-6230c6af1d02,Relação Candidato/Vaga
31bd2c27-b64f-447b-95db-83d221874951,Relação Nominal dos Servidores
1cad824a-7fa4-425c-ab4c-1414e63ff755,Relação das empresas que prestam serviços à Fundacentro
b127c1d8-9e1b-4820-884a-8bd8129ba5e3,Relação das pessoas envolvidas nos acidentes de trânsito com vítima
3c9ab255-16ff-463a-a91a-968d80700da9,Relação de Afastamentos
0e4ab09e-10ac-404f-a0cd-e1bb2f35eda7,Relação de Beneficiários do Programa de Moradia Universitária
58415645-d7a1-436f-8150-3c7704837a93,Relação de Bolsistas PROPAAE - 2019
74304bb3-28ba-4898-99f3-0f511700dd2f,Relação de Bolsistas PROPAAE - 2020
b7d492bb-f221-448a-8b14-d2d05465fcad,Relação de Bolsistas PROPAAE - 2023
f736686d-aff1-4201-8dde-3dbd1d76fd4b,Relação de Bolsistas PROPAAE - 2024
aeae3dc3-a168-4591-a1e0-4a1e2c4d7847,Relação de Bolsistas PROPAAE - 2025
901c875d-07bd-439b-b2a5-06085b1a06af,Relação de Bolsistas PROPAAE – 2021
a35c2d33-30bb-4889-aabe-e2c929ccea47,Relação de Bolsistas PROPAAE – 2022
3387c579-f1b7-4209-9345-05d302edbea4,Relação de CPAs
89b5f6fa-9f70-432c-9f5c-c2d291d3d8a3,Relação de Centros de Custo
6fd8e439-477d-4b68-bf52-01bdf5ea5c1c,Relação de Consumo Restaurante Universitário
da522f21-1b19-4cec-bc1c-06d8b00ad036,Relação de Convênios e outros Instrumentos de Ingresso de recurso financeiro no Município
f7019c59-166d-46aa-a0c3-6f6d0d3995de,Relação de Cursos
567d5382-bb1a-4c09-b843-9aa690b6a6c3,Relação de Disciplinas Ministradas por Professores
1f37b440-1c01-43f8-ac8f-8c1e632a6288,Relação de Docentes
87478007-2e1f-4825-8f15-2d7b7a6c37e7,Relação de Documentos Não Sigilosos
5d1f58f9-ab74-4d19-b233-865343a5ab29,Relação de Editais de Assistência Estudantil
5bb5cd1d-42f5-4fc5-9581-4a3b53a5a390,Relação de Editais de Projetos de Pesquisa
35bee751-2caa-49bd-a78c-e24d54c0dcc0,Relação de Eventos Realizados
c2f0057b-103a-45a9-aea5-03dba5008d84,Relação de Fornecedores Cadastrados
0030827c-d696-4c35-bdff-4452c5dcb2d3,Relação de Instituições em Funcionamento no País
47337d62-9668-4486-af13-ff90bfa40f2e,Relação de Materiais
9b47e728-c3f3-4378-a67e-fbf12c56c6bc,Relação de Obras na Biblioteca
f066e7c9-e424-4b89-8d39-75e259bfec62,Relação de Obras publicadas nos periódicos
293bc1e5-f1fd-430f-83ce-8de0f619d4fa,Relação de Processos Licitatórios
00bf36c2-d3ae-46c1-bda2-1b9c31aee037,Relação de Processos Não Sigilosos
cb88e8cb-e667-4752-8569-99cd192a54ff,Relação de Processos Seletivos
dd82bf4a-67da-457a-9cb3-8ef07f1a2f5e,Relação de Projetos de Pesquisa
72343058-9af1-45c0-9a63-5eb20ab770a3,Relação de Ramais
4573c917-fdc7-4071-8225-8db0775ea3a2,Relação de Requisições de Transporte
c99b6694-7e9f-435e-b2f1-19dcd3e94cca,Relação de Servidores
3aa05901-6cea-4af9-96a1-9fa4c08612ff,Relação de Servidores e Terceirizados
e4ff9479-b413-4598-80bc-585043b600b3,Relação de Serviços
46613b30-9674-4213-b937-95205471ba3f,Relação de Setores
e87f57af-1bf4-416a-a4af-4bc5bcd93073,Relação de Solicitações de Serviços
ff398712-0fcc-4cbc-bf06-64f8e0f36827,Relação de Técnicos Administrativo
631b0739-7820-42c8-b758-0d574141aa6a,Relação de Vagas de Estágio e Emprego
7e38e8c1-08bc-47f7-80f9-7870d47462dc,Relação de bolsistas de iniciação científica de projetos de pesquisa da Unifesspa
5e0fafd2-21b9-4d5b-b622-40438d40aba2,Relação de empreendimentos de Mini e Micro Geração Distribuída
8d20a8d1-c319-4267-82d0-2f16a08994f7,Relação de estudantes com Avaliação Socioeconômica (ASE) vigente
9f8fc372-1739-4d76-8712-2556476b2973,Relação de funções
4a1e1fda-b606-4b56-9615-3fc7e614189d,Relação de materiais acessibilizados
e388f600-43ac-49b9-a48e-2e6e59a0d0e3,Relação de matriculados em cursos de pós-graduação lato sensu
6511cb66-3635-4560-95cc-d0c39aafb547,Relação de ocorrências de acidentes de trânsito com vítima
18fac931-8e43-4218-900d-f282233c608b,"Relação de ocupantes de cargo de direção (CD), função gratificada (FG) e função de coordenação de curso (FCC)"
8885b69e-58db-4eb9-8712-8c47572cd9af,Relação de professores por área de atuação
a6ba3016-4d4a-424b-be8a-8e08d0a8ee55,Relação de projetos de pesquisa realizados na Unifesspa
2bda4d32-8d31-4ca0-a908-f74ae7816c31,Relação de projetos e programas de extensão da UFPA
a3ae32d8-800c-4226-8c65-58e1e8840cc0,Relação de servidores ativos pertencentes ao quadro permanente da Unifei.
f450ff1b-5343-45ba-9486-00098eb7da0d,Relação de servidores: Docentes (titulação)
93b80010-d119-45e8-9e26-189895ee3f5f,Relação de servidores: Técnico Administrativos TAEs
a7ca157d-f97a-4160-b671-808aa99d4011,Relação de servidores: cargos de chefia
0d7183aa-3a21-4c56-ab28-fdabfed8c2da,Relação de sistemas (tecnologia da informação)
e1309c40-f6c1-42e2-9b29-03d21ed9c11b,Relação de turmas de pós-graduação da Unifesspa
753accd4-fbc6-439d-81e4-c2d45e5b89ca,Relação de vacinas aplicadas por UAPS na CORES I - período de janeiro a dezembro de 2023
ea249b57-e36d-41d2-a6f1-61b926fa519b,Relação de vacinas aplicadas por UAPS na CORES II - período de janeiro a dezembro de 2023
3583d196-66a6-4c63-bf63-98b689836592,Relação de vacinas aplicadas por UAPS na CORES III - período de janeiro a dezembro de 2023
d9038e00-bbf2-4125-b326-9b2e30ab28c9,Relação de vacinas aplicadas por UAPS na CORES IV - período de janeiro a dezembro de 2023
5a3a8e56-925f-4399-bb7d-4b57929b1d56,Relação de vacinas aplicadas por UAPS na CORES V - período de janeiro a dezembro de 2023
cd964406-cbb0-4ea0-963a-4a813f4a66dc,Relação de vacinas aplicadas por UAPS na CORES VI - período de janeiro a dezembro de 2023
53b2e27e-e147-40c7-9f62-cd4964813902,Relação de órgãos que utilizam a malha da INFOVIA
0460c5d1-18eb-4b06-89cc-4d36a00a7518,Relação dos cursos de pós-graduação
22a2d614-6dfe-4ead-adb4-5c24ecdd97c6,Relação dos empregados - Hospital Universitário de Brasília (HUB-UnB)
c36f39bf-80d6-495f-a3b5-7ad47e13e230,Relação dos empregados das empresas prestadoras de serviços de terceirização
1d875428-8400-4644-9ce6-099dc4d45230,Relação dos grupos de pesquisa
0106a27e-66b8-4ba4-8473-dd7d014720b7,Relação dos locais de funcionamento dos Serviços ofertados pela Assistência Social Municipal
a07412b3-8371-402a-8ca6-68a518bf2403,Relação dos logradouros dos locais de acidentes de trânsito com vítima
3f2b33f2-1d1e-41b9-9acb-5dac8f85ce9d,Relação dos servidores - Hospital Universitário de Brasília (HUB-UnB)
06673ed6-9f0c-4063-b8fb-97d264a45643,Relação dos servidores técnico-administrativos da UFU
97c9120a-90bb-44e4-9eb9-cbfe5eddfd94,Relação dos veículos envolvidos nos acidentes de trânsito com vítima
f67dca37-a10e-489d-b154-86edc3320bb4,Relação nominal do alunos - Bolsa Extensão
64e87072-74e9-4cf4-9e29-3311844017c7,Remuneração de Servidores
98b58ea9-813e-4f50-8555-4ec0e15bbe91,Remuneração dos Servidores Ativos do Poder Executivo
0f87a724-3025-4e2d-a707-ea4d5cfeb9a5,Renda Variável
7bf2b4b8-89be-4064-abb3-b3bd22735a77,Renúncias Fiscais de Tributos Federais
775b290b-eabc-42f3-ba7a-bfcd087a1973,Renúncias Fiscais de Tributos Federais sobre Importação
2ac6387d-80ee-4855-aaba-d6820a5f8a71,Repasses a municípios
18497373-56e4-4724-95f7-c27f4fde232e,Repasses da Arrecadação Federal
6abfeb3c-db6c-4e43-a328-444ed0c0c058,Repositório institucional
8f1fccf4-fc5b-4c3f-9dfc-8f44f7f4bf26,Represa
49d49f08-6f72-4e21-a23b-259e2347769b,Requisitados
340f4aa7-32e0-41e6-8d8e-1ce59f878f3a,Requisições de Materiais
9ebd5ee7-264f-423f-9783-117339f79535,Resenha Estatística do Estado de Alagoas
f30db6e4-6123-416c-b094-be8dfc823601,Resgates do Tesouro Direto
9edbbf54-ee41-4e09-96ae-91c0a70a9564,Residência Pedagógica - (BASE DE DADOS MIGRADO)
3b19150c-6e0c-4a49-a2d6-1e6dde076f35,Residência multiprofissional - Hospital Universitário de Brasília (HUB-UnB)
5f94fc4d-aa95-4c83-b186-bea5f2d07c2b,Residência médica - Hospital Universitário de Brasília (HUB-UnB)
775497f2-96b9-407d-a6fa-a806036e9d96,Restaurante Universitário
4726ce6a-3fa5-4dda-9681-ec54e2c712ee,Restituição IRPF (DIRPF)
95949ba9-f7b4-43bf-9316-58d57890688a,Restos a Pagar Consolidado
c09fbdf0-2d81-48d7-8c60-718026630b62,Restrições a veículos
3380e0b5-595b-440c-bc1b-050e8e0ddb64,Resultado da Arrecadação
ac12e921-27ce-4891-af01-5a81cc77ab5b,Resultado da Fiscalização
aa90d190-eeeb-4516-a54f-cce35e4ed810,Resultado das Licitações da Prefeitura de Fortaleza  - ABR/2024
0d4b00bd-abc5-44f8-b2be-2772cda09cec,Resultado das Licitações da Prefeitura de Fortaleza  - DEZ/2023
6c0497ee-f5b5-457d-a9db-bc0a9188cdf1,Resultado das Licitações da Prefeitura de Fortaleza  - FEV2024
ab7ac1d3-e631-47af-833c-9e60c3b8d258,Resultado das Licitações da Prefeitura de Fortaleza  - JAN A MAR/2025
b68084d6-e3db-468e-98de-ab0a5e746433,Resultado das Licitações da Prefeitura de Fortaleza  - JAN/2024
41c159b5-3cda-4279-8673-86e21214c368,Resultado das Licitações da Prefeitura de Fortaleza  - JUN A DEZ/2024
79eb0c18-c320-462b-ba7d-b8aabadda128,Resultado das Licitações da Prefeitura de Fortaleza  - MAI/2024
2e252134-cb7a-4cac-845f-5ac59b3ec56c,Resultado das Licitações da Prefeitura de Fortaleza  - MAR/2024
289a3f9b-6296-4af4-9e4e-0b2cc779dbba,Resultado das Licitações da Prefeitura de Fortaleza  - NOV-2023
bffa1aa0-6e3c-474a-9dff-39bea88ed852,Resultado das Licitações da Prefeitura de Fortaleza  - Setembro e Outubro/2023
208c8abc-4490-4a78-bc62-0993356c5e36,Resultado de Primeira Instância dos Julgamentos dos Processos Sancionadores
402f46f7-51a2-474f-be54-ec0f258c83f6,Resultado dos leilões da Dívida Pública Mobiliária Federal Interna
30b934cc-3435-45fb-bf54-dbed4a827725,Resultado dos processos seletivos de graduação
ab26799d-6163-4344-8e69-302e61c53849,Resultados - 1994
7885a4eb-6e37-4951-9d44-52362296ce19,Resultados - 1996
fc3c2692-abbd-4ec5-9ef3-ca4dffc0f161,Resultados - 1998
053f23c3-73fd-4df8-8f54-56c961f8e554,Resultados - 2000
151f380c-1f7f-47fe-9e67-191f6cde564c,Resultados - 2002
c710016f-9913-4f74-9b2e-8002fd3c2a85,Resultados - 2004
0ba74cc8-383b-4c32-b4c3-92021ebb0419,Resultados - 2006
5f8c60d2-e7d3-4b21-9c87-d4155b09c308,Resultados - 2008
44ac31a3-287f-43dc-9395-308974aee32f,Resultados - 2010
35f23b7c-299b-47d7-9d3f-05c0d3b97ec8,Resultados - 2012
05b7d86e-d784-4b9c-8ba5-4428d64e4ec2,Resultados - 2014
a5fa4737-01d7-4164-bb5a-43afb43e0308,Resultados - 2016
76d7bbbb-14c6-4b9a-beec-9ed87c2ad8b6,Resultados - 2018
bb493ae4-22ca-4e75-a5ba-2f567161fc20,Resultados - 2018 - Boletim de Urna
85a92c92-6343-4236-8689-ac25220e6891,Resultados - 2018 - Correspondências esperadas e efetivadas - 1º turno
8722e0e0-4bef-4442-ba28-3a394297382d,Resultados - 2018 - Correspondências esperadas e efetivadas - 2º turno
0282c571-4727-49fe-b4af-919630029f54,Resultados - 2020
8812de1e-79ff-4656-b225-cba8c2eeac5f,Resultados - 2020 - Boletim de Urna
5ee65291-5022-469f-85a2-963670d28b16,Resultados - 2020 - Correspondências esperadas e efetivadas - 1º turno
914d1f45-7bdf-48c9-83e0-c85be9a0c932,Resultados - 2020 - Correspondências esperadas e efetivadas - 2º turno
5db2c9ef-a63b-4c0c-a2ec-d08002f49897,Resultados - 2022
d4f9edaa-c4a7-43b2-bca5-165b7e03c897,Resultados - 2022 - Boletim de Urna
68156f41-c8b5-4492-ad1d-590e96ae8819,Resultados - 2022 - Correspondências esperadas e efetivadas - 1º turno
2636b14d-77bf-4f72-b094-4a135a6ba04d,Resultados - 2022 - Correspondências esperadas e efetivadas - 2º turno
0d672aac-5b5c-4f58-a95f-12078b567703,Resultados - 2024
a0cb2ea0-804c-4be9-b41d-ee45464dd42a,Resultados - 2024 - Boletim de Urna
ef9a8906-e632-420a-98b2-9020e9acf72a,Resultados - 2024 - Correspondências esperadas e efetivadas - 1º turno
c7393a71-7c5c-4fc7-8a6f-0f60355b8fb5,Resultados - 2024 - Correspondências esperadas e efetivadas - 2º turno
1f9203dd-8ac7-452d-87dd-7189edbf9356,Resultados - 2024 - Logs do sistema de preparação das urnas eletrônicas (Gedai) - 1º turno
ef1f9dde-e4fc-4d4a-943d-ab398c68c89c,Resultados - 2024 - Logs do sistema de preparação das urnas eletrônicas (Gedai) - 2º turno
67ed33ec-0ff5-40c2-ab5d-1812a375085a,Resultados - Eleições suplementares 2020
3491a00c-a661-43d7-b5be-b8952a5d80d7,Resultados - Eleições suplementares 2024
acda49f7-0018-4a6d-be5f-33199f19b698,Resultados 2022 - Arquivos transmitidos para totalização
9326d40f-1a66-40ff-bef7-fe0c5659750c,Resultados 2024 - Arquivos transmitidos para totalização
44d024b4-e148-43a2-a5b6-0d30bf8e9b3b,Resultados de Licitações da PMF - Agosto/2023
d67670e0-232f-4715-89dc-7374ab4933d7,Resultados de Licitações da PMF - Junho a Julho/2023
b10bf1ef-ab90-4c50-afd4-374ecbadf4c0,Resultados de Licitações da PMF - janeiro a maio de 2023
c8064a2e-2a4d-480e-ac4f-d8fa8a9f59ea,Resultados de processos seletivos para programas formato Bootcamp
b97ac033-d0fc-4fe7-b691-374a58d436d6,Resíduos Sólidos de Fortaleza
88b866a3-cf07-475c-bafb-288a060061db,"Retenção de tributos federais, estaduais e municipais no SIAFI"
e12a2a60-d312-47a9-a5cb-ab0f104eaa7b,Retenção de tributos municipais no SIAFI – DAR
9d15f9c9-32b3-4e1d-81f7-d349adb2cc02,Reuniões Administrativas da CMRI
6ab09229-5e13-4599-a0b6-e3ec5febf522,Reuniões Especiais da CMRI
41c90711-f1ea-46be-ae36-e77f60c76108,Reuniões Extraordinárias da CMRI
3b36923b-74fe-4c28-a42a-7ace7e569281,Reuniões Ordinárias da CMRI do ano de 2012
fd3f0e3d-b34d-4ecf-a740-af4564e8dfb7,Reuniões Ordinárias da CMRI do ano de 2013
744888bf-70ea-433f-b41b-b55e49c50bd2,Reuniões Ordinárias da CMRI do ano de 2014
71dfb40e-3149-4b1b-bea4-dab6d323cd3f,Reuniões Ordinárias da CMRI do ano de 2015
fa087896-ff19-49c5-9e4b-984e95276a1c,Reuniões Ordinárias da CMRI do ano de 2016
e6e99a10-1f05-4967-8373-19e4a755d0f3,Reuniões Ordinárias da CMRI do ano de 2017
782caa33-17f0-4742-86ae-65c71ffe3afa,Reuniões Ordinárias da CMRI do ano de 2018
8e24b08a-9b22-46d5-9ba8-b12f8fb6dc20,Reuniões Ordinárias da CMRI do ano de 2019
64c4f682-70b4-4da2-bdc2-e64221b30ed4,Reuniões Ordinárias da CMRI do ano de 2020
ddf2f630-f84e-482b-b04f-3636087fe3c7,Reuniões Ordinárias da CMRI do ano de 2024
fe067305-fe93-4074-bf07-c6afc133731c,Reuniões Ordinárias da CMRI no ano de 2021
7201b658-a170-4fe6-a4e5-b0068f3d1cbf,Reuniões Ordinárias da CMRI no ano de 2022
a9314044-c452-4df4-8c20-35e6ade0ce10,Reuniões Ordinárias da CRMI no ano de 2023
7aa82f39-45c1-4f8c-a06f-9a3caff26bfc,Revista da Propriedade Industrial (RPI)
9e993f08-20f1-4975-985f-86519614adcb,Revistas científicas
3005ec55-3428-4b17-b84f-d0964d05026e,Rio São Francisco em Alagoas
16cf79b9-bd1d-4a68-ade8-851df21c5748,Rodadas de Licitações de Petróleo e Gás Natural
657499ab-311e-41ba-a943-12af9a6dfe77,Rol de Informações Classificadas de Desclassificadas
10c91150-4555-465a-8429-f7998b6fb9d8,Rota Cicloviária
aa7acb9b-c639-4718-aafb-da53563118b1,Róis de Informações Classificadas do MD
33d70288-6f41-4dd0-990e-1c886a7dc268,Róis de Informações Desclassificadas do MD
69bb6336-437e-4920-be06-5a269c904758,Róis de documentos classificados
0e989834-9cdb-4cfc-be40-df4d0c62aec4,Róis de documentos desclassificados
3e153db4-a503-4093-88be-75d31b002dcf,SAMP - Sistema de Acompanhamento de Informações de Mercado para Regulação Econômica
a0c4df22-f86e-4958-9898-1456c24a3807,SCR.data
637fff79-6e29-4f4e-a125-970a2bac6d6f,SECEX - Movimento Drawback
b1a9724c-6d78-4168-89c0-f691687a809c,SEI - Sistema de protocolo e gestão documental
63d3198d-7601-4ce1-a72f-870f4ed53cc3,SERFAL - Programa Terra Legal
2e9e6ec3-413e-41a4-bdfc-4d4421cd6b81,SFN - AF PARANÁ
88708050-dbbb-4f29-8fc3-8b514f285ce8,SFN - AGENCIA FOMENTO GOIAS
d6ce48ef-dc63-45ec-b803-5049d612cf7d,SFN - ASAAS IP S.A.
8517257c-7eb5-440a-b272-470cda9145e9,SFN - AZIMUT BRASIL DISTRIBUIDORA DE
92faeeaf-18b5-43f6-8752-e6e376a36ed1,SFN - BANCO C6 S.A.
82591d0e-2dec-4d39-a2bd-73ba36d92358,SFN - BANCO INBURSA
7448de8a-01db-4ae9-abf3-b446c3bc5637,SFN - BANCO MUFG BRASIL S.A.
cdb0d145-5c10-4cb7-ad43-685bdc47a8dd,SFN - BANCO RANDON S.A.
6cf249d7-c66b-4dc4-ac94-1735d023629d,SFN - BANCO SICOOB S.A.
20937741-5fc5-4266-a60e-541738a3bdc2,SFN - BANCO TOPÁZIO S.A.
44647626-5808-4cb9-a41f-28250ddf6c0a,SFN - BANCO VOLVO BRASIL S.A
9258c44e-848f-4e20-97f2-4b3d2e3f5cb1,SFN - BANK OF AMERICA MERRILL LYNCH
6a67de52-3a88-4f79-868c-372e9b496bde,SFN - BCO ARBI S.A.
6169865f-ed18-4652-9713-2a63a026bf1b,SFN - BCO B3 S.A.
19e3cc62-9c5d-4c6e-b3b8-3482e0754c8a,SFN - BCO BMG S.A.
232a2876-fb9c-46f2-9c57-58c4c09e9c0a,SFN - BCO BOCOM BBM S.A.
ba43a08d-2671-4443-8768-906946e5d17c,SFN - BCO BRADESCO S.A.
dfab5e41-b4a2-4c3d-918d-4cf0f92fb1ad,SFN - BCO BS2 S.A.
2fca65e6-b100-40cb-bf4b-51ce6c0e1acd,SFN - BCO CITIBANK S.A.
63d91cf3-4a39-42cb-af2c-cf52e943fb8b,SFN - BCO COOPERATIVO SICREDI S.A
2ccd2a8f-fdb5-4a61-9b02-8f3332fb66be,SFN - BCO CREFISA S.A.
accb7833-94cd-490b-89b6-366a20ef76e0,SFN - BCO DIGIMAIS S.A.
54e6ab1b-d81b-4d70-a243-6bfda4e145e8,SFN - BCO DO BRASIL S.A.
c78128eb-6fdd-483d-81da-dd2368b7762f,SFN - BCO DO ESTADO DO RGS S.A
c3244112-0c1f-4ba1-81a2-d49f675c3baf,SFN - BCO EST.DE SERGIPE
5ac3a1e1-93f9-4e27-88aa-3a50e9f5c8d0,SFN - BCO KOMATSU S.A.
b6083c89-b139-4e48-910d-911cf22d534d,SFN - BCO RNX S.A.
cf8c23ce-e9a6-4f0d-86b3-dfe1c62288a9,SFN - BCO SOFISA S.A.
3c7f40e1-de4d-4774-b4b5-f7aac5e0b8b3,SFN - BCO TRIANGULO S.A.
26c778ed-6c54-4c0f-9467-c04031fc2984,SFN - BCO. ABN AMRO S.A.
1993c49f-520e-4f3c-8c82-e969b748a99a,SFN - BCO. KEB HANA DO BRASIL S.A.
c35ff596-22f5-496a-89bd-116c44b9ef55,SFN - BRB BANCO DE BRASILIA
4cadcf8f-ff39-4770-8d32-efc5431c0d41,SFN - CAIXA ECON. FEDERAL
33d9cc6e-abf2-4d93-9bf7-cbf21bb235cf,SFN - CC - COOCRELIVRE
c7978b47-1562-41f8-8376-ec1a1a037cb5,SFN - CC AGROCREDI LTDA
508179c6-2c55-41e7-8834-3fd8d76744e6,SFN - CC CREDICERIPA
eeda1421-219e-4e5d-8d5a-6817148abac8,SFN - CC CREDICOCAPEC
0dbd6941-47d3-4bec-b60e-0a4181ac9405,SFN - CC CREDIGUAÇU
b5b16456-3e34-4d88-a345-a6bf070958d1,SFN - CC DE STA CATARINA
46c27f91-24fb-4168-8ace-57c46d201cb3,SFN - CC L ADM REG. DAS CULTURAS-RS
96b7e9cd-7dff-4a63-9775-e182cdc67239,SFN - CC L.ADM.NORTE E NORDESTE-SC
a9e06c03-c480-45dd-946c-5e28ff967120,SFN - CC LIVRE ADM. ASS. IBIRAIARAS
cd01b078-bc8a-43c8-99d3-f25a7e018f8d,SFN - CC LIVRE ADM. PLANALTO RS/SC
66727daf-1ee5-401f-aa31-372b4745be01,SFN - CC MED PROF SAÚDE SÃO LUÍS
53cdf2c0-b98e-4f3c-99f9-4850c4f6ca89,SFN - CC POUP E INV BOTUCARAÍ - SICR
6875d9cb-8c18-496e-96d2-e8143d9d35f4,SFN - CC POUP E INV DA ALTA NOROESTE
e26a2616-a2cd-4958-947d-b5ece22d0773,SFN - CC POUP E INV DE CAMPO GRANDE
03748d46-a7d2-4f14-9ca0-c06cf58846e4,SFN - CC POUP E INV DO PLANALTO CENT
80e93f6d-1d88-4eeb-af11-c3e987401f13,SFN - CC POUP E INV DO RIO DE JANEIR
f0e6765d-ea6c-4b2e-9f4f-08bb9bad48b1,SFN - CC POUP E INV INTEGRAÇÃO DO SU
a9f2f0cc-0199-4da0-9126-b7706dee3416,SFN - CC POUP E INV PANTANAL DO MATO
7251cc61-44f3-4988-a0f6-bfd281d6e29a,SFN - CC POUP E INV RAIZES - SICREDI
144f025b-96fe-4e9c-a679-d50000baf8ae,SFN - CC POUP E INV SICREDI VALE DO
6b71a834-b843-4d40-93d6-74dc35231496,SFN - CC POUP E INV TERRA DOS PINHEI
03d87417-fb68-412e-a993-e89cfef556ef,SFN - CC POUP E INV VALE DO CERRADO
41559d0a-afff-4744-aeb0-1cf3ec6b7075,SFN - CC POUP E INV VALE DO PIQUIRI
a2690ecb-7616-4081-836e-8dac37fbf941,SFN - CC POUP E INV VALOR SUST - SIC
3155daff-2bdf-4541-8d76-cdfb3026a1e1,SFN - CC POUP INV BANDEIRANTES - SIC
55a2eea6-e401-4bc2-8087-c0ba2a03e880,SFN - CC POUP INV CENTRO SUL
8d1c4418-d19a-4075-88c2-640d941394d8,"SFN - CC POUP INV DA REG DAS FLORES,"
e8ea62ad-4fb0-45ac-ae64-bcfea14c3149,SFN - CC POUP INV DO ESTADO DO PIAUÍ
0306dc61-906d-4436-80bb-72ba5b3a74f1,"SFN - CC POUP INV DO NOROESTE DE MT,"
835b0ae3-041d-4627-958e-5d7bf903447d,SFN - CC POUP INV ESCR NOT E REG PR
8baf1ee4-5ff0-4341-9d13-9117275af98b,"SFN - CC POUP INV FRON PR, SC E SP -"
ef1e6975-d9e5-4fdb-9a78-cfee41f540fb,SFN - CC POUP INV INTEG MAGISTRAT MI
d91bad16-cc66-4338-b4ea-5509dcc87bb9,SFN - CC POUP INV INTEGRAÇÃO
1a3a664d-77e9-4af9-85ef-1329f8bcb0bd,SFN - CC POUP INV NOROESTE SP
45635630-e3c1-4203-bf58-794adaf8a330,SFN - CC POUP INV NOSSA TERRA - SICR
0c6121bc-7471-4f5e-aeaa-1e8f2d7d4cd2,SFN - CC POUP INV PROF MED SAUDE CUR
9510fd3a-0a21-48dd-8e9a-c8c769afe4f1,SFN - CC POUP INV PROGRESSO PR/SP
6301a1aa-4c5e-4108-adc6-98745141b3b5,SFN - CC POUP INV SISTEMA DE JUSTIÇA
d33d79ed-0b51-4923-b7fc-f355c61a5d89,SFN - CC POUP INV SORRISO
4bdfc798-e9e1-4a81-af4f-ee1250446c1e,"SFN - CC POUP INV UNIÃO DOS EST MS,"
070f905c-1229-4e1b-91aa-238932ab8c1b,SFN - CC SICOOB UNISP
bf2ab427-7996-4ea6-ab3c-b0541f33151f,SFN - CC SICREDI ALTO SERTÃO PARAIBA
e5b629dc-0c18-4ea0-8eff-3adebda5a98c,SFN - CC SICREDI COOMAMP
b6fead59-47c3-49b6-b142-373c5177e25f,SFN - CC SICREDI PERNAMBUCRED
a021741b-807d-4de8-b69b-1515ccc60f8d,SFN - CC VALE DO ITAJAI - VIACREDI
d4bcad8b-da00-43a8-af6b-bc8c0a38466f,SFN - CC VALE DO ITAJAI E LITORAL SC
2cf14c85-ab97-4d56-83ff-609a17db0ef5,SFN - CC VALE DO SÃO FRANCISCO - SIC
e570b1b2-b736-4800-92dc-5cebede4623f,SFN - CCC BRASIL CENTRAL
f264fd4e-9f9a-47ab-8598-350c312e0398,SFN - CCC DA BAHIA - SICOOB C. BAHIA
b97d8259-a1ab-405a-8aa3-24543b4e14f4,SFN - CCC DO ESP.SANTO - SICOOB ES
e6bc7360-e8eb-4d68-bfe7-570ca7a7297f,SFN - CCC DO ESTADO DE SÃO PAULO
74369ac2-0791-4318-af5b-e66a07a59ec8,SFN - CCC DO NORTE DO BRASIL
dd161e85-7c58-479c-98af-eb41cbd2f384,"SFN - CCC DOS EST DE MT, MS E MUN DE"
40050550-bc93-4c39-8993-fb917e15dbb5,SFN - CCC MINAS GERAIS - CREDIMINAS
3257c69f-6ae1-4ba3-be05-fc1298b89165,SFN - CCCM SICOOB UNIMAIS
76e7abd2-4ba5-4b82-9955-a711e3e822aa,SFN - CCI LA GRANDES LAGOS DO PARANA
86577e9e-f38b-4fdb-98c5-d2a4b5a63429,SFN - CCLA AGROEMPRESARIAL - SICREDI
f7ec958a-8c75-4f3a-b6ac-562fd55ea492,SFN - CCLA ASSOC.DA GRNADE G.VARGAS
cf82b768-7016-4945-8899-2b6282b80b84,SFN - CCLA DA REGIÃO METROPOLITANA D
a9fd3eba-b0d2-4d95-9ec8-ce97d18b5618,SFN - CCLA DA REGIÃO SUL DO MARANHÃO
0fa7284f-8699-4fbc-ba2d-9cced8259591,SFN - CCLA DE ESPUMOSO
0beaa878-324f-404e-93f6-3eb53ee5bd72,SFN - CCLA DO NORTE RS E OESTE SC
4f2b26f9-17be-4483-93b7-b916c3788913,SFN - CCLA REGIÃO CENTRO DO RGS
e834838b-7e90-435d-adea-2440e830727a,SFN - CCLA SUDOESTE GO
d542c822-6acd-4942-a044-25c68e1f3540,SFN - CCM COM. VEIC. DE CURITIBA
bb2ce033-2941-4db2-af40-5adcc8a82fe0,SFN - CCPI ALIANÇA
bc197a7b-e55b-41a9-b5de-2dbbc7c61ed1,SFN - CCPI CELEIRO CENTRO OESTE
c13499fb-c90f-464f-8db8-9336a87c1df7,SFN - CCPI CENTRO SERRA
6f6a2fdd-bd00-4eb1-838f-dbaade987ee7,SFN - CCPI DA REGIAO ALTOS DA SERRA
73127ec9-58a3-47c0-a5be-5989e69a219c,SFN - CCPI DA REGIÃO CENTRO OESTE PA
4de7e169-2986-4e0e-88eb-8b072a85a4c8,SFN - CCPI DA REGIÃO DA PRODUÇÃO SIC
f4a73924-7f30-4de4-bf2f-5fa6400a1b8d,SFN - CCPI DA REGIÃO DOS VALES
09c109bb-631c-4bd9-b0a5-55d84da9206d,SFN - CCPI DE LAJEADO-SICREDI TAQUAR
310f5625-f991-472d-9d8e-ca1f03c88328,SFN - CCPI DO ARAGUAIA E XINGU
67247914-e206-422b-85e2-b2980b77116d,SFN - CCPI DO SUDOESTE MT/PA
f9400828-2bb9-4a30-873b-6c66905f7655,SFN - CCPI DO VALE DO RIO PARDO
d32cd3b7-e945-4537-af61-e9ebe7c547b0,SFN - CCPI DOS JUÍZES E CARREIRAS PU
59170593-3072-479c-82c4-2316fda8063d,SFN - CCPI OURO VERDE DO MATO GROSSO
01a6ed88-0ac0-4e9a-bdc6-84386d412ba7,SFN - CCPI PARQUE DAS ARAUCARIAS PR/
6e81e0f7-18ba-4547-9b06-e54d154bab28,SFN - CCPI POLICIAIS FEDERAIS RS SC
3ca6b113-111b-44b3-ad90-7ddb22eecded,SFN - CCPI SICREDI EVOLUÇÃO
92519b32-fba2-490d-b4cf-c32f4652dee8,SFN - CCPI SICREDI PIONEIRA RS
010c042c-dee2-45d2-8ec1-f0907a207bf5,SFN - CCPI SUL DO EST DE SC - SICRED
2790a30a-e1ed-4dd9-ae42-9b42a1ccc292,SFN - CCR CREDICOAMO CREDITO RURAL C
afd86427-c4c3-4247-be6f-6bdeb33ad9b1,SFN - COOP  SICREDI SERIGY
c2367c2b-2830-46cb-a1a9-df0cd3482900,SFN - COOP DE CRED E INVEST LIBERDAD
36511e4b-6d57-4446-b428-7dbcab0f9466,SFN - COOP DE CREDITO CREDICITRUS
d78dc9f0-58f7-48f4-82e3-bc8715144730,SFN - COOP SICOOB PRO
71279115-7bc0-4ee1-a5f8-6073c0e296e2,SFN - COOP SICREDI CENTRO PERNAMBUCA
1e29aad5-176c-40fa-9fbf-150d367f9165,SFN - COOP SICREDI CENTRO-SUL MS/BA
66825e34-c771-4a9b-a115-6a76b2cb25c8,SFN - COOP SICREDI COOABCRED RS
e3848b79-39da-45db-9bbf-546c479f23eb,SFN - COOP SICREDI DEXIS
c56eff0e-6274-4535-a099-75cfd52ae236,SFN - COOP SICREDI EDUCAÇÃO RS
a650aa40-776c-4042-8318-2c3863eb9922,SFN - COOP SICREDI EXPANSÃO
80ca0ebd-1a44-4955-9dff-900fa3c2fb3c,SFN - COOP SICREDI GERAÇÕES RS/MG
c0cd3180-a5a3-42ce-90f8-283aea4fa98f,SFN - COOP SICREDI GRANDES RIOS
754a773f-820e-483b-8ac9-34fc750eb5bb,SFN - COOP SICREDI IGUAÇU PR/SC E RE
46c99e61-87e0-427d-b101-31adb6f9cf00,SFN - COOP SICREDI INTEGRAÇÃO BAHIA
b1a710c9-0c72-4f4e-8c60-49ee216465fb,SFN - COOP SICREDI MORADA DO SOL SP
309e8d2b-293c-42c6-bc2e-39a66673a9bf,SFN - COOP SICREDI MP
afb994b1-06cc-4090-98dc-9fc4634e7db6,SFN - COOP SICREDI NORTE SUL
7f5d9b0b-d342-4729-8a11-1886336d2866,SFN - COOP SICREDI NOVOS HORIZONTES
f78f7c67-6e93-4820-ba44-87300e5e84bd,SFN - COOP SICREDI ORIGENS RS
7fb47e4e-199b-4524-9156-20a819f325bc,SFN - COOP SICREDI OURO BRANCO RS/MG
0e2e4900-e789-403a-b9db-a4ba8406fe73,SFN - COOP SICREDI PARANAPANEMA SERR
1aeef9c4-1bde-43d8-8b1f-076fe282521a,SFN - COOP SICREDI RIO GRANDE DO NOR
c32de623-afe6-480d-89f6-5b1661255282,SFN - COOP SICREDI RIO PARANÁ
1a438af1-b00f-4f99-8fea-c65505a6bb7a,SFN - COOP SICREDI ROTA DAS TERRAS R
5f5d9032-f9b2-46ab-bf18-111e4a4ea44d,SFN - COOP SICREDI TRADIÇÕES RS
4e6f0b15-4646-4807-a301-9aa6341c575c,SFN - COOP SICREDI VANGUARDA PR/SP/R
4d1a5bfe-7164-4d4d-b178-23cd148444e3,SFN - COOP. CRED. POUP. INVEST. CONE
3e239c4d-a450-4310-a00d-b7e4d38c6ade,SFN - COOPERATIVA DE CRÉDITO COOPERA
dbaff07a-4113-4ba2-86cb-395a98903db8,"SFN - COOPERATIVA DE CRÉDITO, POUPAN"
07e67cf9-507b-4c75-85b4-384afbea2db6,SFN - CREDIARE S.A. - CFI
a679652d-a804-4a92-8f0c-53c194d6a99c,SFN - CREFISA S.A. - CFI
8ba60d98-12ed-4f55-8fe7-c5579dddc21c,SFN - DESENBAHIA - AG.FOM
edf42fc8-1afe-46b6-a900-b336380705d0,SFN - DEUTSCHE SPARKASSEN LEASING DO
a0d3dcb0-cb7d-403f-9e04-bb0903529313,SFN - EBURY BCO DE CÂMBIO S.A.
f6312860-b8f0-4e46-ad2e-5e536f7bcfae,SFN - GOLDMAN SACHS DO BRASIL BM S.A
69725848-a912-4d99-bc9b-dbdc6a27e6e4,SFN - HP FINANCIAL SERV.ARR.MER.S.A.
a6ffe474-7e8b-446f-abfc-8b519ff3c9e7,SFN - HS FINANCEIRA S.A CFI
f3b65724-6dd2-4ee4-a994-3ce5d57b8103,SFN - ICBC DO BRASIL BM S.A.
b07adcca-5dd8-476e-b746-0e1f75e46a46,SFN - INTEGRAL ACCESS DTVM
3c347457-8463-4d6b-8903-f86e7c86aef0,SFN - INTESA SANPAOLO BRASIL S.A-BM
bb86487c-0a32-434c-9778-9cb6b468f478,SFN - ITAU UNIBANCO S.A.
342d7b6e-8c5f-4392-87ae-0371c1091115,SFN - LIQ.EXTRAJUDICIAL
2e0d816f-48d0-4aae-b466-36a490a221dd,SFN - MERCADO PAGO IP LTDA.
c95a1f2f-1daa-4782-9e16-698c8a033da6,SFN - MIDWAY S.A. - SCFI
37c1188e-215a-4a70-abb3-fd9d17d0f628,SFN - NU FINANCEIRA S.A. CFI
9678ebd0-9d87-4689-8030-327b95035506,SFN - NU PAGAMENTOS - IP
58ab7631-9198-4b3e-bc3a-6e3321853a2b,SFN - OURIBANK S.A.
03893948-4683-4d96-b0ab-99fa7ca38d39,SFN - REALIZE CFI S.A.
01145a1c-b70f-4820-9ae8-31ec8e08a572,SFN - SCOTIABANK BRASIL S.A.
f35306ea-2e9b-405e-836e-daeadef4040c,SFN - SENFFNET IP LTDA.
c66621ff-d6db-4c62-bf8b-7d76d47d0b79,SFN - SICOOB CENTRAL NE
2da8743a-ddc1-42de-8230-9f091311ecb7,SFN - SICOOB COCRED CC
